ma_id,review_id,final_score,grade,estimate,p_value,significant,k,total_n,doi,citation_count,citation_percentile,who_essential,nice_guideline_count,influence_score,quadrant
CD013614_pub2_data__A28,CD013614,98,A+,-0.276634,0.019945,True,13,4366,10.1002/14651858.CD013614.pub2,2,39.12175648702595,False,0,25.449101796407188,Hidden Gem
CD003774_pub5_data__A10,CD003774,98,A+,-0.928882,1.4e-05,True,25,2653,10.1002/14651858.CD003774.pub5,13,88.32335329341318,False,0,43.26347305389221,Moderate
CD001155_pub3_data__A5,CD001155,98,A+,-0.631574,0.0,True,47,49267,10.1002/14651858.CD001155.pub3,0,9.68063872255489,False,0,9.121756487025948,Hidden Gem
CD013366_pub2_data__A5,CD013366,98,A+,-0.512697,0.004537,True,16,2289,10.1002/14651858.CD013366.pub2,10,82.83433133732535,False,0,40.47904191616767,Moderate
CD003774_pub5_data__A5,CD003774,98,A+,-1.048008,0.0,True,66,7622,10.1002/14651858.CD003774.pub5,13,88.32335329341318,False,0,43.26347305389221,Moderate
CD003774_pub5_data__A2,CD003774,98,A+,-1.014016,0.0,True,101,9440,10.1002/14651858.CD003774.pub5,13,88.32335329341318,False,0,43.26347305389221,Moderate
CD007784_pub3_data__A37,CD007784,98,A+,-0.257488,2.9e-05,True,13,34980,10.1002/14651858.CD007784.pub3,9,79.84031936127745,False,0,41.876247504990026,Moderate
CD007784_pub3_data__A25,CD007784,98,A+,-0.259493,4.1e-05,True,12,34857,10.1002/14651858.CD007784.pub3,9,79.84031936127745,False,0,41.876247504990026,Moderate
CD007784_pub3_data__A22,CD007784,98,A+,-0.259493,4.1e-05,True,12,34857,10.1002/14651858.CD007784.pub3,9,79.84031936127745,False,0,41.876247504990026,Moderate
CD007784_pub3_data__A5,CD007784,98,A+,-0.449739,0.004848,True,12,9833,10.1002/14651858.CD007784.pub3,9,79.84031936127745,False,0,41.876247504990026,Moderate
CD009362_pub4_data__A4,CD009362,98,A+,-0.830983,1.7e-05,True,20,6368,10.1002/14651858.CD009362.pub4,5,63.57285429141717,False,0,26.76646706586827,Hidden Gem
CD011762_pub2_data__A9,CD011762,98,A+,-0.415728,0.0,True,140,133074,10.1002/14651858.CD011762.pub2,3,49.101796407185624,False,0,26.686626746506988,Hidden Gem
CD011535_pub7_data__A13,CD011535,98,A+,1.597362,0.0,True,23,8216,10.1002/14651858.CD011535.pub7,1,26.34730538922156,False,0,18.16367265469062,Hidden Gem
CD001909_pub4_data__A1,CD001909,98,A+,0.673342,0.0,True,51,6048,10.1002/14651858.CD001909.pub4,3,49.101796407185624,False,0,23.093812375249502,Hidden Gem
CD007784_pub3_data__A54,CD007784,98,A+,-0.258482,0.00013,True,12,28733,10.1002/14651858.CD007784.pub3,9,79.84031936127745,False,0,41.876247504990026,Moderate
CD007784_pub3_data__A48,CD007784,98,A+,-0.257488,2.9e-05,True,13,34980,10.1002/14651858.CD007784.pub3,9,79.84031936127745,False,0,41.876247504990026,Moderate
CD012712_pub2_data__A15,CD012712,98,A+,-0.326851,0.022087,True,16,2783,10.1002/14651858.CD012712.pub2,10,82.83433133732535,True,0,61.427145708582835,Safe
CD011762_pub2_data__A3,CD011762,98,A+,-0.435708,0.0,True,245,292769,10.1002/14651858.CD011762.pub2,3,49.101796407185624,False,0,26.686626746506988,Hidden Gem
CD003774_pub5_data__A7,CD003774,97,A+,-1.00816,1.6e-05,True,16,2554,10.1002/14651858.CD003774.pub5,13,88.32335329341318,False,0,43.26347305389221,Moderate
CD003774_pub5_data__A13,CD003774,97,A+,-1.114853,0.0,True,17,1786,10.1002/14651858.CD003774.pub5,13,88.32335329341318,False,0,43.26347305389221,Moderate
CD009749_pub3_data__A6,CD009749,97,A+,0.740918,0.000943,True,16,1152,10.1002/14651858.CD009749.pub3,7,73.05389221556887,False,0,34.47105788423154,Moderate
CD013071_pub2_data__A8,CD013071,97,A+,0.513727,0.044189,True,11,3477,10.1002/14651858.CD013071.pub2,15,91.81636726546905,False,0,45.20958083832335,Moderate
CD013071_pub2_data__A20,CD013071,97,A+,0.521308,0.045442,True,10,3439,10.1002/14651858.CD013071.pub2,15,91.81636726546905,False,0,45.20958083832335,Moderate
CD001909_pub4_data__A4,CD001909,97,A+,0.668293,0.003526,True,12,1486,10.1002/14651858.CD001909.pub4,3,49.101796407185624,False,0,23.093812375249502,Hidden Gem
CD001155_pub3_data__A1,CD001155,97,A+,-0.30599,0.0,True,182,65148,10.1002/14651858.CD001155.pub3,0,9.68063872255489,False,0,9.121756487025948,Hidden Gem
CD013830_pub2_data__A7,CD013830,97,A+,-1.17636,0.001912,True,11,1084,10.1002/14651858.CD013830.pub2,15,91.81636726546905,True,0,65.43912175648703,Safe
CD006257_pub2_data__A5,CD006257,96,A+,-0.294517,0.014351,True,23,11584,10.1002/14651858.CD006257.pub2,10,82.83433133732535,False,0,40.91816367265469,Moderate
CD007784_pub3_data__A4,CD007784,95,A+,-0.311012,0.000969,True,9,22219,10.1002/14651858.CD007784.pub3,9,79.84031936127745,False,0,41.876247504990026,Moderate
CD016131_data__A3,CD016131,95,A+,-0.69036,0.001214,True,11,64337,10.1002/14651858.CD016131,0,9.68063872255489,False,0,7.325349301397207,Hidden Gem
CD007784_pub3_data__A55,CD007784,95,A+,-0.669545,0.014266,True,5,4126,10.1002/14651858.CD007784.pub3,9,79.84031936127745,False,0,41.876247504990026,Moderate
CD003598_pub3_data__A2,CD003598,95,A+,-0.19973,0.018231,True,60,8336,10.1002/14651858.CD003598.pub3,2,39.12175648702595,False,0,25.309381237524953,Hidden Gem
CD002042_pub6_data__A32,CD002042,95,A+,0.186229,0.041232,True,10,6944,10.1002/14651858.CD002042.pub6,2,39.12175648702595,False,0,25.219560878243513,Hidden Gem
CD016131_data__A2,CD016131,95,A+,-0.98943,1e-05,True,13,108735,10.1002/14651858.CD016131,0,9.68063872255489,False,0,7.325349301397207,Hidden Gem
CD007026_pub7_data__A2,CD007026,95,A+,-0.312086,0.009065,True,14,3378,10.1002/14651858.CD007026.pub7,10,82.83433133732535,False,0,35.83832335329341,Moderate
CD011600_pub3_data__A12,CD011600,93,A+,0.486858,7e-05,True,9,29292,10.1002/14651858.CD011600.pub3,14,90.31936127744511,False,0,45.389221556886234,Moderate
CD011600_pub3_data__A25,CD011600,93,A+,-0.682098,0.002704,True,8,27730,10.1002/14651858.CD011600.pub3,14,90.31936127744511,False,0,45.389221556886234,Moderate
CD015536_pub2_data__A2,CD015536,93,A+,-0.373303,0.034748,True,39,4653,10.1002/14651858.CD015536.pub2,0,9.68063872255489,False,0,9.121756487025948,Hidden Gem
CD011600_pub3_data__A14,CD011600,93,A+,0.57089,0.000142,True,9,29292,10.1002/14651858.CD011600.pub3,14,90.31936127744511,False,0,45.389221556886234,Moderate
CD013830_pub2_data__A10,CD013830,93,A+,-0.766755,0.021895,True,6,1053,10.1002/14651858.CD013830.pub2,15,91.81636726546905,True,0,65.43912175648703,Safe
CD003598_pub3_data__A18,CD003598,93,A+,-1.078238,0.000185,True,8,1900,10.1002/14651858.CD003598.pub3,2,39.12175648702595,False,0,25.309381237524953,Hidden Gem
CD012712_pub2_data__A5,CD012712,93,A+,-0.158801,0.008725,True,49,10315,10.1002/14651858.CD012712.pub2,10,82.83433133732535,True,0,61.427145708582835,Safe
CD013830_pub2_data__A11,CD013830,93,A+,-0.680175,0.000223,True,7,2709,10.1002/14651858.CD013830.pub2,15,91.81636726546905,True,0,65.43912175648703,Safe
CD013614_pub2_data__A19,CD013614,93,A+,0.531536,0.001346,True,8,3045,10.1002/14651858.CD013614.pub2,2,39.12175648702595,False,0,25.449101796407188,Hidden Gem
CD013874_pub3_data__A11,CD013874,93,A+,-1.145393,0.032183,True,5,997,10.1002/14651858.CD013874.pub3,0,9.68063872255489,False,0,11.497005988023954,Hidden Gem
CD016211_data__A2,CD016211,93,A+,-0.424268,0.007286,True,5,42430,10.1002/14651858.CD016211,0,9.68063872255489,False,0,12.165668662674651,Hidden Gem
CD013614_pub2_data__A18,CD013614,92,A+,1.370856,1e-06,True,16,6001,10.1002/14651858.CD013614.pub2,2,39.12175648702595,False,0,25.449101796407188,Hidden Gem
CD009749_pub3_data__A2,CD009749,92,A+,0.809335,0.002921,True,12,804,10.1002/14651858.CD009749.pub3,7,73.05389221556887,False,0,34.47105788423154,Moderate
CD014722_pub2_data__A1,CD014722,92,A+,-0.541853,0.000392,True,49,7614,10.1002/14651858.CD014722.pub2,14,90.31936127744511,False,0,44.61077844311377,Moderate
CD013830_pub2_data__A13,CD013830,92,A+,-0.471455,0.009993,True,9,970,10.1002/14651858.CD013830.pub2,15,91.81636726546905,True,0,65.43912175648703,Safe
CD010290_pub4_data__A1,CD010290,92,A+,0.333798,0.03073,True,9,1265,10.1002/14651858.CD010290.pub4,2,39.12175648702595,False,0,23.433133732534934,Hidden Gem
CD006023_pub4_data__A7,CD006023,91,A+,0.480633,0.022457,True,28,3794,10.1002/14651858.CD006023.pub4,1,26.34730538922156,False,0,19.9500998003992,Hidden Gem
CD006023_pub4_data__A13,CD006023,91,A+,0.426309,0.016118,True,22,3393,10.1002/14651858.CD006023.pub4,1,26.34730538922156,False,0,19.9500998003992,Hidden Gem
CD005133_pub4_data__A8,CD005133,91,A+,-0.18006,0.034456,True,56,5484,10.1002/14651858.CD005133.pub4,0,9.68063872255489,False,0,9.121756487025948,Hidden Gem
CD003743_pub3_data__A4,CD003743,91,A+,-1.167561,0.014985,True,6,528,10.1002/14651858.CD003743.pub3,0,9.68063872255489,False,0,11.497005988023954,Hidden Gem
CD012426_pub2_data__A4,CD012426,91,A+,-0.257964,0.029962,True,7,2210,10.1002/14651858.CD012426.pub2,0,9.68063872255489,False,0,5.908183632734531,Hidden Gem
CD011600_pub3_data__A23,CD011600,91,A+,-0.369516,0.004592,True,9,29262,10.1002/14651858.CD011600.pub3,14,90.31936127744511,False,0,45.389221556886234,Moderate
CD011600_pub3_data__A10,CD011600,91,A+,0.308407,2.6e-05,True,7,26608,10.1002/14651858.CD011600.pub3,14,90.31936127744511,False,0,45.389221556886234,Moderate
CD003333_pub4_data__A3,CD003333,91,A+,0.743754,0.009265,True,5,4727,10.1002/14651858.CD003333.pub4,0,9.68063872255489,False,0,4.580838323353293,Hidden Gem
CD007784_pub3_data__A50,CD007784,90,A+,-0.414015,3e-06,True,14,36156,10.1002/14651858.CD007784.pub3,9,79.84031936127745,False,0,41.876247504990026,Moderate
CD007784_pub3_data__A24,CD007784,90,A+,-0.414015,3e-06,True,14,36156,10.1002/14651858.CD007784.pub3,9,79.84031936127745,False,0,41.876247504990026,Moderate
CD007784_pub3_data__A23,CD007784,90,A+,-0.414015,3e-06,True,14,36156,10.1002/14651858.CD007784.pub3,9,79.84031936127745,False,0,41.876247504990026,Moderate
CD006536_pub5_data__A3,CD006536,90,A+,-0.536863,0.004566,True,80,6537,10.1002/14651858.CD006536.pub5,0,9.68063872255489,False,0,12.86427145708583,Hidden Gem
CD007784_pub3_data__A38,CD007784,90,A+,-0.414015,3e-06,True,14,36156,10.1002/14651858.CD007784.pub3,9,79.84031936127745,False,0,41.876247504990026,Moderate
CD007784_pub3_data__A53,CD007784,90,A+,-0.45833,1e-05,True,13,29909,10.1002/14651858.CD007784.pub3,9,79.84031936127745,False,0,41.876247504990026,Moderate
CD013425_pub2_data__A12,CD013425,90,A+,0.731837,4.6e-05,True,16,4301,10.1002/14651858.CD013425.pub2,2,39.12175648702595,False,0,22.435129740518963,Hidden Gem
CD010290_pub4_data__A3,CD010290,90,A+,0.432994,0.008163,True,13,2151,10.1002/14651858.CD010290.pub4,2,39.12175648702595,False,0,23.433133732534934,Hidden Gem
CD003376_pub4_data__A5,CD003376,90,A+,-0.84494,1.3e-05,True,26,3209,10.1002/14651858.CD003376.pub4,1,26.34730538922156,False,0,15.179640718562876,Hidden Gem
CD013541_pub2_data__A1,CD013541,90,A+,-0.331514,0.025709,True,61,4048,10.1002/14651858.CD013541.pub2,11,84.83033932135729,False,0,39.18163672654691,Moderate
CD007784_pub3_data__A1,CD007784,90,A+,-0.409824,1e-06,True,16,39382,10.1002/14651858.CD007784.pub3,9,79.84031936127745,False,0,41.876247504990026,Moderate
CD010290_pub4_data__A10,CD010290,90,A+,0.386738,0.031921,True,10,1809,10.1002/14651858.CD010290.pub4,2,39.12175648702595,False,0,23.433133732534934,Hidden Gem
CD001155_pub3_data__A3,CD001155,90,A+,-0.337419,2e-06,True,83,75135,10.1002/14651858.CD001155.pub3,0,9.68063872255489,False,0,9.121756487025948,Hidden Gem
CD009298_pub3_data__A28,CD009298,88,A,-0.045359,0.806816,False,10,1002,10.1002/14651858.CD009298.pub3,0,9.68063872255489,False,0,13.742514970059881,Hidden Gem
CD005595_pub4_data__A11,CD005595,88,A,0.161576,0.233754,False,50,5510,10.1002/14651858.CD005595.pub4,8,76.14770459081836,False,0,37.24550898203593,Moderate
CD007784_pub3_data__A51,CD007784,88,A,-0.079704,0.862196,False,20,1186,10.1002/14651858.CD007784.pub3,9,79.84031936127745,False,0,41.876247504990026,Moderate
CD007784_pub3_data__A44,CD007784,88,A,-0.045645,0.913073,False,24,2183,10.1002/14651858.CD007784.pub3,9,79.84031936127745,False,0,41.876247504990026,Moderate
CD013614_pub2_data__A27,CD013614,88,A,-0.086754,0.873891,False,14,3937,10.1002/14651858.CD013614.pub2,2,39.12175648702595,False,0,25.449101796407188,Hidden Gem
CD009298_pub3_data__A27,CD009298,88,A,-0.043397,0.830873,False,11,1002,10.1002/14651858.CD009298.pub3,0,9.68063872255489,False,0,13.742514970059881,Hidden Gem
CD007784_pub3_data__A42,CD007784,88,A,-0.079704,0.862196,False,20,1186,10.1002/14651858.CD007784.pub3,9,79.84031936127745,False,0,41.876247504990026,Moderate
CD007784_pub3_data__A40,CD007784,88,A,-0.058918,0.887969,False,24,2179,10.1002/14651858.CD007784.pub3,9,79.84031936127745,False,0,41.876247504990026,Moderate
CD013830_pub2_data__A2,CD013830,88,A,-0.11877,0.554967,False,14,3216,10.1002/14651858.CD013830.pub2,15,91.81636726546905,True,0,65.43912175648703,Safe
CD009749_pub3_data__A3,CD009749,88,A,-0.06862,0.792742,False,10,1601,10.1002/14651858.CD009749.pub3,7,73.05389221556887,False,0,34.47105788423154,Moderate
CD010966_pub4_data__A1,CD010966,88,A,-0.20775,0.385307,False,65,7665,10.1002/14651858.CD010966.pub4,8,76.14770459081836,False,0,39.560878243512974,Moderate
CD006536_pub5_data__A21,CD006536,88,A,-0.091109,0.826967,False,24,1962,10.1002/14651858.CD006536.pub5,0,9.68063872255489,False,0,12.86427145708583,Hidden Gem
CD009298_pub3_data__A16,CD009298,88,A,0.100422,0.64792,False,10,1002,10.1002/14651858.CD009298.pub3,0,9.68063872255489,False,0,13.742514970059881,Hidden Gem
CD006536_pub5_data__A2,CD006536,88,A,-0.238823,0.007631,True,152,13746,10.1002/14651858.CD006536.pub5,0,9.68063872255489,False,0,12.86427145708583,Hidden Gem
CD009298_pub3_data__A8,CD009298,88,A,0.002689,0.996736,False,10,1002,10.1002/14651858.CD009298.pub3,0,9.68063872255489,False,0,13.742514970059881,Hidden Gem
CD016136_data__A5,CD016136,88,A,-0.196544,0.731384,False,13,1834,10.1002/14651858.CD016136,4,57.48502994011976,False,0,25.02994011976048,Hidden Gem
CD016136_data__A4,CD016136,88,A,-0.113278,0.761907,False,30,4912,10.1002/14651858.CD016136,4,57.48502994011976,False,0,25.02994011976048,Hidden Gem
CD010966_pub4_data__A3,CD010966,88,A,-0.168393,0.134032,False,121,9110,10.1002/14651858.CD010966.pub4,8,76.14770459081836,False,0,39.560878243512974,Moderate
CD007784_pub3_data__A28,CD007784,88,A,-0.045645,0.913073,False,24,2183,10.1002/14651858.CD007784.pub3,9,79.84031936127745,False,0,41.876247504990026,Moderate
CD007784_pub3_data__A30,CD007784,88,A,-0.079704,0.862196,False,20,1186,10.1002/14651858.CD007784.pub3,9,79.84031936127745,False,0,41.876247504990026,Moderate
CD007784_pub3_data__A58,CD007784,88,A,-0.079493,0.855946,False,22,1118,10.1002/14651858.CD007784.pub3,9,79.84031936127745,False,0,41.876247504990026,Moderate
CD007784_pub3_data__A59,CD007784,88,A,-0.09513,0.840143,False,19,1071,10.1002/14651858.CD007784.pub3,9,79.84031936127745,False,0,41.876247504990026,Moderate
CD013614_pub2_data__A9,CD013614,88,A,0.060665,0.672353,False,16,6239,10.1002/14651858.CD013614.pub2,2,39.12175648702595,False,0,25.449101796407188,Hidden Gem
CD013071_pub2_data__A19,CD013071,88,A,-0.222933,0.300296,False,12,2966,10.1002/14651858.CD013071.pub2,15,91.81636726546905,False,0,45.20958083832335,Moderate
CD013614_pub2_data__A7,CD013614,88,A,-0.121821,0.817251,False,15,5650,10.1002/14651858.CD013614.pub2,2,39.12175648702595,False,0,25.449101796407188,Hidden Gem
CD007784_pub3_data__A60,CD007784,88,A,-0.101047,0.830333,False,19,1098,10.1002/14651858.CD007784.pub3,9,79.84031936127745,False,0,41.876247504990026,Moderate
CD010290_pub4_data__A9,CD010290,88,A,0.407145,0.197223,False,14,1972,10.1002/14651858.CD010290.pub4,2,39.12175648702595,False,0,23.433133732534934,Hidden Gem
CD001155_pub3_data__A6,CD001155,88,A,-0.017522,0.757697,False,40,17219,10.1002/14651858.CD001155.pub3,0,9.68063872255489,False,0,9.121756487025948,Hidden Gem
CD013541_pub2_data__A4,CD013541,88,A,-0.205519,0.24175,False,32,2347,10.1002/14651858.CD013541.pub2,11,84.83033932135729,False,0,39.18163672654691,Moderate
CD013830_pub2_data__A9,CD013830,88,A,-1.206896,0.019857,True,4,1965,10.1002/14651858.CD013830.pub2,15,91.81636726546905,True,0,65.43912175648703,Safe
CD003376_pub4_data__A4,CD003376,88,A,-0.892509,9e-05,True,24,2427,10.1002/14651858.CD003376.pub4,1,26.34730538922156,False,0,15.179640718562876,Hidden Gem
CD006536_pub5_data__A5,CD006536,88,A,-0.338156,0.056952,False,57,5087,10.1002/14651858.CD006536.pub5,0,9.68063872255489,False,0,12.86427145708583,Hidden Gem
CD013071_pub2_data__A2,CD013071,88,A,0.001819,0.995866,False,18,2869,10.1002/14651858.CD013071.pub2,15,91.81636726546905,False,0,45.20958083832335,Moderate
CD013071_pub2_data__A3,CD013071,88,A,-0.033947,0.952495,False,13,2569,10.1002/14651858.CD013071.pub2,15,91.81636726546905,False,0,45.20958083832335,Moderate
CD004376_pub4_data__A5,CD004376,88,A,-0.018535,0.756906,False,123,16313,10.1002/14651858.CD004376.pub4,31,98.60279441117764,False,0,42.14570858283433,Moderate
CD012712_pub2_data__A14,CD012712,88,A,-0.0016,0.991474,False,12,2928,10.1002/14651858.CD012712.pub2,10,82.83433133732535,True,0,61.427145708582835,Safe
CD006536_pub5_data__A15,CD006536,88,A,-0.44123,0.124602,False,51,4189,10.1002/14651858.CD006536.pub5,0,9.68063872255489,False,0,12.86427145708583,Hidden Gem
CD007784_pub3_data__A47,CD007784,88,A,-0.079704,0.862196,False,20,1186,10.1002/14651858.CD007784.pub3,9,79.84031936127745,False,0,41.876247504990026,Moderate
CD013425_pub2_data__A4,CD013425,88,A,0.550708,0.000124,True,49,6958,10.1002/14651858.CD013425.pub2,2,39.12175648702595,False,0,22.435129740518963,Hidden Gem
CD007784_pub3_data__A52,CD007784,88,A,-0.075577,0.879404,False,17,4170,10.1002/14651858.CD007784.pub3,9,79.84031936127745,False,0,41.876247504990026,Moderate
CD013614_pub2_data__A17,CD013614,88,A,1.627347,0.0,True,23,6545,10.1002/14651858.CD013614.pub2,2,39.12175648702595,False,0,25.449101796407188,Hidden Gem
CD013614_pub2_data__A31,CD013614,88,A,0.060707,0.925808,False,10,3270,10.1002/14651858.CD013614.pub2,2,39.12175648702595,False,0,25.449101796407188,Hidden Gem
CD013614_pub2_data__A11,CD013614,88,A,-0.113306,0.829747,False,15,6433,10.1002/14651858.CD013614.pub2,2,39.12175648702595,False,0,25.449101796407188,Hidden Gem
CD013614_pub2_data__A13,CD013614,88,A,-0.226629,0.690562,False,13,4844,10.1002/14651858.CD013614.pub2,2,39.12175648702595,False,0,25.449101796407188,Hidden Gem
CD013614_pub2_data__A14,CD013614,88,A,0.035286,0.823773,False,22,6724,10.1002/14651858.CD013614.pub2,2,39.12175648702595,False,0,25.449101796407188,Hidden Gem
CD002042_pub6_data__A12,CD002042,88,A,0.044077,0.447058,False,31,15444,10.1002/14651858.CD002042.pub6,2,39.12175648702595,False,0,25.219560878243513,Hidden Gem
CD013614_pub2_data__A15,CD013614,88,A,0.028555,0.856953,False,22,6680,10.1002/14651858.CD013614.pub2,2,39.12175648702595,False,0,25.449101796407188,Hidden Gem
CD013614_pub2_data__A10,CD013614,88,A,-0.138396,0.163965,False,17,6283,10.1002/14651858.CD013614.pub2,2,39.12175648702595,False,0,25.449101796407188,Hidden Gem
CD009298_pub3_data__A12,CD009298,88,A,0.002689,0.996736,False,10,1002,10.1002/14651858.CD009298.pub3,0,9.68063872255489,False,0,13.742514970059881,Hidden Gem
CD003598_pub3_data__A1,CD003598,88,A,-0.230943,0.014985,True,66,9101,10.1002/14651858.CD003598.pub3,2,39.12175648702595,False,0,25.309381237524953,Hidden Gem
CD013614_pub2_data__A16,CD013614,88,A,0.27626,0.108984,False,24,7451,10.1002/14651858.CD013614.pub2,2,39.12175648702595,False,0,25.449101796407188,Hidden Gem
CD009298_pub3_data__A7,CD009298,88,A,0.018286,0.97676,False,11,1002,10.1002/14651858.CD009298.pub3,0,9.68063872255489,False,0,13.742514970059881,Hidden Gem
CD010290_pub4_data__A4,CD010290,88,A,-0.03729,0.87311,False,13,1750,10.1002/14651858.CD010290.pub4,2,39.12175648702595,False,0,23.433133732534934,Hidden Gem
CD010290_pub4_data__A2,CD010290,88,A,0.197894,0.369323,False,10,1288,10.1002/14651858.CD010290.pub4,2,39.12175648702595,False,0,23.433133732534934,Hidden Gem
CD009749_pub3_data__A5,CD009749,88,A,0.157055,0.224079,False,13,1886,10.1002/14651858.CD009749.pub3,7,73.05389221556887,False,0,34.47105788423154,Moderate
CD010290_pub4_data__A6,CD010290,88,A,-0.283664,0.426766,False,11,1029,10.1002/14651858.CD010290.pub4,2,39.12175648702595,False,0,23.433133732534934,Hidden Gem
CD009252_pub2_data__A1,CD009252,88,A,-0.15968,0.690345,False,26,2689,10.1002/14651858.CD009252.pub2,5,63.57285429141717,False,0,26.76646706586827,Hidden Gem
CD007859_pub5_data__A3,CD007859,88,A,0.092007,0.786411,False,36,2806,10.1002/14651858.CD007859.pub5,1,26.34730538922156,False,0,13.992015968063875,Hidden Gem
CD007784_pub3_data__A21,CD007784,88,A,-0.048725,0.911326,False,22,1374,10.1002/14651858.CD007784.pub3,9,79.84031936127745,False,0,41.876247504990026,Moderate
CD013071_pub2_data__A6,CD013071,88,A,0.308691,0.530948,False,13,3898,10.1002/14651858.CD013071.pub2,15,91.81636726546905,False,0,45.20958083832335,Moderate
CD003376_pub4_data__A6,CD003376,88,A,0.236259,0.387166,False,14,1270,10.1002/14651858.CD003376.pub4,1,26.34730538922156,False,0,15.179640718562876,Hidden Gem
CD007310_pub3_data__A5,CD007310,88,A,-0.825557,0.0,True,22,3133,10.1002/14651858.CD007310.pub3,0,9.68063872255489,False,0,11.497005988023954,Hidden Gem
CD011762_pub2_data__A6,CD011762,88,A,-0.297103,0.0,True,163,222348,10.1002/14651858.CD011762.pub2,3,49.101796407185624,False,0,26.686626746506988,Hidden Gem
CD003774_pub5_data__A14,CD003774,88,A,-0.548605,0.044749,True,14,2600,10.1002/14651858.CD003774.pub5,13,88.32335329341318,False,0,43.26347305389221,Moderate
CD003774_pub5_data__A12,CD003774,88,A,-0.466173,0.072386,False,15,1172,10.1002/14651858.CD003774.pub5,13,88.32335329341318,False,0,43.26347305389221,Moderate
CD013366_pub2_data__A7,CD013366,88,A,-0.275228,0.214618,False,13,2487,10.1002/14651858.CD013366.pub2,10,82.83433133732535,False,0,40.47904191616767,Moderate
CD002042_pub6_data__A11,CD002042,88,A,0.065189,0.418919,False,33,21631,10.1002/14651858.CD002042.pub6,2,39.12175648702595,False,0,25.219560878243513,Hidden Gem
CD002042_pub6_data__A10,CD002042,88,A,0.019055,0.727742,False,47,24180,10.1002/14651858.CD002042.pub6,2,39.12175648702595,False,0,25.219560878243513,Hidden Gem
CD002042_pub6_data__A24,CD002042,88,A,-0.026326,0.795245,False,12,7885,10.1002/14651858.CD002042.pub6,2,39.12175648702595,False,0,25.219560878243513,Hidden Gem
CD002042_pub6_data__A27,CD002042,88,A,-0.120864,0.389895,False,21,10491,10.1002/14651858.CD002042.pub6,2,39.12175648702595,False,0,25.219560878243513,Hidden Gem
CD011762_pub2_data__A1,CD011762,88,A,-0.209514,0.000142,True,206,317207,10.1002/14651858.CD011762.pub2,3,49.101796407185624,False,0,26.686626746506988,Hidden Gem
CD002042_pub6_data__A7,CD002042,88,A,-0.006395,0.918546,False,43,20360,10.1002/14651858.CD002042.pub6,2,39.12175648702595,False,0,25.219560878243513,Hidden Gem
CD002042_pub6_data__A30,CD002042,88,A,-0.002097,0.963368,False,15,14026,10.1002/14651858.CD002042.pub6,2,39.12175648702595,False,0,25.219560878243513,Hidden Gem
CD002042_pub6_data__A6,CD002042,88,A,0.017282,0.734247,False,51,25146,10.1002/14651858.CD002042.pub6,2,39.12175648702595,False,0,25.219560878243513,Hidden Gem
CD007784_pub3_data__A20,CD007784,88,A,-0.079704,0.862196,False,20,1186,10.1002/14651858.CD007784.pub3,9,79.84031936127745,False,0,41.876247504990026,Moderate
CD013071_pub2_data__A7,CD013071,88,A,-0.306101,0.112074,False,23,3770,10.1002/14651858.CD013071.pub2,15,91.81636726546905,False,0,45.20958083832335,Moderate
CD013071_pub2_data__A12,CD013071,88,A,-0.055916,0.931917,False,10,2223,10.1002/14651858.CD013071.pub2,15,91.81636726546905,False,0,45.20958083832335,Moderate
CD013071_pub2_data__A15,CD013071,88,A,-0.106241,0.852018,False,10,3525,10.1002/14651858.CD013071.pub2,15,91.81636726546905,False,0,45.20958083832335,Moderate
CD002042_pub6_data__A13,CD002042,88,A,-0.142062,0.068098,False,19,8613,10.1002/14651858.CD002042.pub6,2,39.12175648702595,False,0,25.219560878243513,Hidden Gem
CD002042_pub6_data__A8,CD002042,88,A,0.010187,0.841818,False,51,23635,10.1002/14651858.CD002042.pub6,2,39.12175648702595,False,0,25.219560878243513,Hidden Gem
CD002042_pub6_data__A9,CD002042,88,A,0.003702,0.944498,False,48,23011,10.1002/14651858.CD002042.pub6,2,39.12175648702595,False,0,25.219560878243513,Hidden Gem
CD002042_pub6_data__A17,CD002042,88,A,0.107492,0.150907,False,36,22426,10.1002/14651858.CD002042.pub6,2,39.12175648702595,False,0,25.219560878243513,Hidden Gem
CD001909_pub4_data__A5,CD001909,88,A,0.360774,0.086736,False,13,1768,10.1002/14651858.CD001909.pub4,3,49.101796407185624,False,0,23.093812375249502,Hidden Gem
CD009298_pub3_data__A23,CD009298,88,A,-0.076209,0.79487,False,11,1002,10.1002/14651858.CD009298.pub3,0,9.68063872255489,False,0,13.742514970059881,Hidden Gem
CD009298_pub3_data__A15,CD009298,88,A,0.122991,0.579895,False,11,1002,10.1002/14651858.CD009298.pub3,0,9.68063872255489,False,0,13.742514970059881,Hidden Gem
CD009298_pub3_data__A24,CD009298,88,A,-0.04179,0.895476,False,10,1002,10.1002/14651858.CD009298.pub3,0,9.68063872255489,False,0,13.742514970059881,Hidden Gem
CD005595_pub4_data__A5,CD005595,88,A,-0.02804,0.957725,False,15,1998,10.1002/14651858.CD005595.pub4,8,76.14770459081836,False,0,37.24550898203593,Moderate
CD005595_pub4_data__A3,CD005595,88,A,-0.016647,0.973291,False,17,1672,10.1002/14651858.CD005595.pub4,8,76.14770459081836,False,0,37.24550898203593,Moderate
CD011197_pub3_data__A20,CD011197,88,A,-0.01859,0.975134,False,12,1011,10.1002/14651858.CD011197.pub3,16,93.21357285429141,False,0,45.578842315369265,Moderate
CD009298_pub3_data__A11,CD009298,88,A,0.018286,0.97676,False,11,1002,10.1002/14651858.CD009298.pub3,0,9.68063872255489,False,0,13.742514970059881,Hidden Gem
CD013541_pub2_data__A2,CD013541,88,A,-0.229004,0.172597,False,30,2010,10.1002/14651858.CD013541.pub2,11,84.83033932135729,False,0,39.18163672654691,Moderate
CD013541_pub2_data__A3,CD013541,88,A,-0.278681,0.138427,False,28,2020,10.1002/14651858.CD013541.pub2,11,84.83033932135729,False,0,39.18163672654691,Moderate
CD013830_pub2_data__A8,CD013830,88,A,-0.647413,0.103896,False,12,1634,10.1002/14651858.CD013830.pub2,15,91.81636726546905,True,0,65.43912175648703,Safe
CD013508_pub3_data__A1,CD013508,88,A,0.011953,0.97858,False,21,2531,10.1002/14651858.CD013508.pub3,23,97.1057884231537,False,0,46.18762475049901,Moderate
CD001155_pub3_data__A9,CD001155,88,A,-0.009416,0.988479,False,10,5798,10.1002/14651858.CD001155.pub3,0,9.68063872255489,False,0,9.121756487025948,Hidden Gem
CD001155_pub3_data__A7,CD001155,88,A,-0.043822,0.524721,False,21,7466,10.1002/14651858.CD001155.pub3,0,9.68063872255489,False,0,9.121756487025948,Hidden Gem
CD003774_pub5_data__A1,CD003774,88,A,-0.946792,0.0,True,140,19473,10.1002/14651858.CD003774.pub5,13,88.32335329341318,False,0,43.26347305389221,Moderate
CD016136_data__A3,CD016136,88,A,-0.113278,0.761907,False,30,4912,10.1002/14651858.CD016136,4,57.48502994011976,False,0,25.02994011976048,Hidden Gem
CD006257_pub2_data__A14,CD006257,88,A,1.162198,1.9e-05,True,14,6820,10.1002/14651858.CD006257.pub2,10,82.83433133732535,False,0,40.91816367265469,Moderate
CD006536_pub5_data__A4,CD006536,88,A,-0.278678,0.082093,False,92,7425,10.1002/14651858.CD006536.pub5,0,9.68063872255489,False,0,12.86427145708583,Hidden Gem
CD015083_pub2_data__A1,CD015083,88,A,0.0417,0.812846,False,130,116588,10.1002/14651858.CD015083.pub2,3,49.101796407185624,False,0,26.097804391217565,Hidden Gem
CD015083_pub2_data__A10,CD015083,88,A,-0.020659,0.934558,False,64,41433,10.1002/14651858.CD015083.pub2,3,49.101796407185624,False,0,26.097804391217565,Hidden Gem
CD014792_pub2_data__A3,CD014792,88,A,-0.204884,0.43867,False,15,1711,10.1002/14651858.CD014792.pub2,6,68.76247504990019,False,0,32.75449101796407,Moderate
CD014792_pub2_data__A5,CD014792,88,A,-0.072362,0.855362,False,12,1353,10.1002/14651858.CD014792.pub2,6,68.76247504990019,False,0,32.75449101796407,Moderate
CD015083_pub2_data__A6,CD015083,88,A,-0.048142,0.647554,False,365,105107,10.1002/14651858.CD015083.pub2,3,49.101796407185624,False,0,26.097804391217565,Hidden Gem
CD015083_pub2_data__A8,CD015083,88,A,-0.000904,0.997065,False,67,63798,10.1002/14651858.CD015083.pub2,3,49.101796407185624,False,0,26.097804391217565,Hidden Gem
CD007784_pub3_data__A11,CD007784,88,A,-0.09439,0.845305,False,18,4213,10.1002/14651858.CD007784.pub3,9,79.84031936127745,False,0,41.876247504990026,Moderate
CD014967_pub2_data__A3,CD014967,88,A,0.247017,0.350217,False,15,1054,10.1002/14651858.CD014967.pub2,12,86.42714570858283,False,0,42.19560878243513,Moderate
CD003376_pub4_data__A3,CD003376,88,A,-0.904915,7e-06,True,32,3429,10.1002/14651858.CD003376.pub4,1,26.34730538922156,False,0,15.179640718562876,Hidden Gem
CD015673_pub2_data__A3,CD015673,88,A,-0.154424,0.440851,False,14,4081,10.1002/14651858.CD015673.pub2,5,63.57285429141717,False,0,31.3872255489022,Moderate
CD015083_pub2_data__A3,CD015083,88,A,0.014862,0.949668,False,73,30488,10.1002/14651858.CD015083.pub2,3,49.101796407185624,False,0,26.097804391217565,Hidden Gem
CD015083_pub2_data__A12,CD015083,88,A,-0.034831,0.872455,False,86,33778,10.1002/14651858.CD015083.pub2,3,49.101796407185624,False,0,26.097804391217565,Hidden Gem
CD011866_pub3_data__A7,CD011866,88,A,-0.032611,0.944534,False,19,2239,10.1002/14651858.CD011866.pub3,13,88.32335329341318,False,0,40.57884231536926,Moderate
CD011866_pub3_data__A6,CD011866,88,A,0.018095,0.976805,False,11,1378,10.1002/14651858.CD011866.pub3,13,88.32335329341318,False,0,40.57884231536926,Moderate
CD015350_pub2_data__A1,CD015350,88,A,0.073487,0.777287,False,16,1443,10.1002/14651858.CD015350.pub2,2,39.12175648702595,False,0,19.10179640718563,Hidden Gem
CD013071_pub2_data__A10,CD013071,88,A,-0.055916,0.931917,False,10,2223,10.1002/14651858.CD013071.pub2,15,91.81636726546905,False,0,45.20958083832335,Moderate
CD007784_pub3_data__A33,CD007784,88,A,-0.045645,0.913073,False,24,2183,10.1002/14651858.CD007784.pub3,9,79.84031936127745,False,0,41.876247504990026,Moderate
CD007784_pub3_data__A35,CD007784,88,A,-0.079704,0.862196,False,20,1186,10.1002/14651858.CD007784.pub3,9,79.84031936127745,False,0,41.876247504990026,Moderate
CD007784_pub3_data__A19,CD007784,88,A,-0.045645,0.913073,False,24,2183,10.1002/14651858.CD007784.pub3,9,79.84031936127745,False,0,41.876247504990026,Moderate
CD015673_pub2_data__A5,CD015673,88,A,-0.233985,0.109861,False,10,2051,10.1002/14651858.CD015673.pub2,5,63.57285429141717,False,0,31.3872255489022,Moderate
CD013071_pub2_data__A11,CD013071,88,A,-0.106241,0.852018,False,10,3525,10.1002/14651858.CD013071.pub2,15,91.81636726546905,False,0,45.20958083832335,Moderate
CD006536_pub5_data__A1,CD006536,88,A,-0.245555,0.002148,True,256,23275,10.1002/14651858.CD006536.pub5,0,9.68063872255489,False,0,12.86427145708583,Hidden Gem
CD006536_pub5_data__A17,CD006536,87,A,-0.133296,0.647973,False,49,2174,10.1002/14651858.CD006536.pub5,0,9.68063872255489,False,0,12.86427145708583,Hidden Gem
CD013396_pub2_data__A5,CD013396,87,A,-0.178823,0.052523,False,27,15469,10.1002/14651858.CD013396.pub2,2,39.12175648702595,False,0,21.60678642714571,Hidden Gem
CD007784_pub3_data__A45,CD007784,87,A,0.145106,0.418195,False,13,4219,10.1002/14651858.CD007784.pub3,9,79.84031936127745,False,0,41.876247504990026,Moderate
CD013614_pub2_data__A24,CD013614,87,A,-0.092174,0.252865,False,13,4135,10.1002/14651858.CD013614.pub2,2,39.12175648702595,False,0,25.449101796407188,Hidden Gem
CD013614_pub2_data__A12,CD013614,87,A,-0.148572,0.090974,False,14,6246,10.1002/14651858.CD013614.pub2,2,39.12175648702595,False,0,25.449101796407188,Hidden Gem
CD007784_pub3_data__A26,CD007784,87,A,0.162164,0.42516,False,12,4189,10.1002/14651858.CD007784.pub3,9,79.84031936127745,False,0,41.876247504990026,Moderate
CD005595_pub4_data__A1,CD005595,87,A,-0.03809,0.927333,False,24,2328,10.1002/14651858.CD005595.pub4,8,76.14770459081836,False,0,37.24550898203593,Moderate
CD005566_pub4_data__A3,CD005566,87,A,-0.204012,0.0,True,102,80653,10.1002/14651858.CD005566.pub4,6,68.76247504990019,False,0,33.46307385229541,Moderate
CD009749_pub3_data__A1,CD009749,87,A,0.279771,0.099733,False,11,1521,10.1002/14651858.CD009749.pub3,7,73.05389221556887,False,0,34.47105788423154,Moderate
CD009749_pub3_data__A10,CD009749,87,A,0.059375,0.570196,False,25,3906,10.1002/14651858.CD009749.pub3,7,73.05389221556887,False,0,34.47105788423154,Moderate
CD002042_pub6_data__A14,CD002042,87,A,0.111403,0.230779,False,11,4881,10.1002/14651858.CD002042.pub6,2,39.12175648702595,False,0,25.219560878243513,Hidden Gem
CD002042_pub6_data__A21,CD002042,87,A,-0.025623,0.689568,False,21,11734,10.1002/14651858.CD002042.pub6,2,39.12175648702595,False,0,25.219560878243513,Hidden Gem
CD002042_pub6_data__A15,CD002042,87,A,0.032628,0.373246,False,26,24797,10.1002/14651858.CD002042.pub6,2,39.12175648702595,False,0,25.219560878243513,Hidden Gem
CD002042_pub6_data__A22,CD002042,87,A,0.07919,0.22733,False,19,12088,10.1002/14651858.CD002042.pub6,2,39.12175648702595,False,0,25.219560878243513,Hidden Gem
CD009252_pub2_data__A4,CD009252,87,A,0.754127,0.002463,True,17,1559,10.1002/14651858.CD009252.pub2,5,63.57285429141717,False,0,26.76646706586827,Hidden Gem
CD012712_pub2_data__A9,CD012712,87,A,-0.110363,0.229329,False,12,2599,10.1002/14651858.CD012712.pub2,10,82.83433133732535,True,0,61.427145708582835,Safe
CD003774_pub5_data__A11,CD003774,87,A,-0.088256,0.309742,False,41,5593,10.1002/14651858.CD003774.pub5,13,88.32335329341318,False,0,43.26347305389221,Moderate
CD013366_pub2_data__A1,CD013366,87,A,-0.589823,0.046796,True,13,3062,10.1002/14651858.CD013366.pub2,10,82.83433133732535,False,0,40.47904191616767,Moderate
CD013396_pub2_data__A4,CD013396,87,A,-0.034251,0.788983,False,35,26708,10.1002/14651858.CD013396.pub2,2,39.12175648702595,False,0,21.60678642714571,Hidden Gem
CD008858_pub5_data__A4,CD008858,87,A,0.107838,0.149446,False,27,294570,10.1002/14651858.CD008858.pub5,17,94.61077844311377,False,0,39.880239520958085,Moderate
CD002042_pub6_data__A23,CD002042,87,A,0.15589,0.227087,False,13,6224,10.1002/14651858.CD002042.pub6,2,39.12175648702595,False,0,25.219560878243513,Hidden Gem
CD002042_pub6_data__A28,CD002042,87,A,-0.12924,0.384745,False,12,7654,10.1002/14651858.CD002042.pub6,2,39.12175648702595,False,0,25.219560878243513,Hidden Gem
CD002042_pub6_data__A19,CD002042,87,A,0.104693,0.236779,False,29,20326,10.1002/14651858.CD002042.pub6,2,39.12175648702595,False,0,25.219560878243513,Hidden Gem
CD002042_pub6_data__A18,CD002042,87,A,-0.075469,0.537742,False,22,13974,10.1002/14651858.CD002042.pub6,2,39.12175648702595,False,0,25.219560878243513,Hidden Gem
CD006536_pub5_data__A8,CD006536,87,A,-0.160601,0.311539,False,15,1632,10.1002/14651858.CD006536.pub5,0,9.68063872255489,False,0,12.86427145708583,Hidden Gem
CD007784_pub3_data__A36,CD007784,87,A,0.145106,0.418195,False,13,4219,10.1002/14651858.CD007784.pub3,9,79.84031936127745,False,0,41.876247504990026,Moderate
CD007784_pub3_data__A32,CD007784,87,A,0.162164,0.42516,False,12,4189,10.1002/14651858.CD007784.pub3,9,79.84031936127745,False,0,41.876247504990026,Moderate
CD007784_pub3_data__A14,CD007784,87,A,0.075239,0.598149,False,13,4219,10.1002/14651858.CD007784.pub3,9,79.84031936127745,False,0,41.876247504990026,Moderate
CD015215_pub2_data__A18,CD015215,87,A,1.27141,0.01602,True,4,812,10.1002/14651858.CD015215.pub2,11,84.83033932135729,False,0,43.802395209580844,Moderate
CD005566_pub4_data__A1,CD005566,87,A,-0.151868,1.1e-05,True,130,86520,10.1002/14651858.CD005566.pub4,6,68.76247504990019,False,0,33.46307385229541,Moderate
CD005566_pub4_data__A2,CD005566,87,A,0.1725,0.0,True,108,83586,10.1002/14651858.CD005566.pub4,6,68.76247504990019,False,0,33.46307385229541,Moderate
CD007024_pub3_data__A8,CD007024,87,A,0.200284,0.10116,False,19,1856,10.1002/14651858.CD007024.pub3,3,49.101796407185624,False,0,25.59880239520958,Hidden Gem
CD003598_pub3_data__A10,CD003598,86,A,-0.01998,0.880086,False,36,3165,10.1002/14651858.CD003598.pub3,2,39.12175648702595,False,0,25.309381237524953,Hidden Gem
CD003598_pub3_data__A11,CD003598,86,A,0.058273,0.681121,False,36,3017,10.1002/14651858.CD003598.pub3,2,39.12175648702595,False,0,25.309381237524953,Hidden Gem
CD016031_data__A13,CD016031,86,A,-0.405896,0.104373,False,18,1746,10.1002/14651858.CD016031,2,39.12175648702595,False,0,24.13173652694611,Hidden Gem
CD016031_data__A14,CD016031,86,A,-0.417888,0.094647,False,10,1860,10.1002/14651858.CD016031,2,39.12175648702595,False,0,24.13173652694611,Hidden Gem
CD016031_data__A15,CD016031,86,A,-0.257365,0.22686,False,39,5650,10.1002/14651858.CD016031,2,39.12175648702595,False,0,24.13173652694611,Hidden Gem
CD016031_data__A16,CD016031,86,A,-0.084445,0.485466,False,18,4068,10.1002/14651858.CD016031,2,39.12175648702595,False,0,24.13173652694611,Hidden Gem
CD016031_data__A18,CD016031,86,A,-0.341356,0.107762,False,13,1387,10.1002/14651858.CD016031,2,39.12175648702595,False,0,24.13173652694611,Hidden Gem
CD003598_pub3_data__A14,CD003598,86,A,-0.060183,0.811106,False,16,1352,10.1002/14651858.CD003598.pub3,2,39.12175648702595,False,0,25.309381237524953,Hidden Gem
CD003598_pub3_data__A15,CD003598,86,A,-0.363896,0.25354,False,11,1256,10.1002/14651858.CD003598.pub3,2,39.12175648702595,False,0,25.309381237524953,Hidden Gem
CD003598_pub3_data__A16,CD003598,86,A,0.039003,0.916348,False,12,1027,10.1002/14651858.CD003598.pub3,2,39.12175648702595,False,0,25.309381237524953,Hidden Gem
CD003598_pub3_data__A17,CD003598,86,A,0.196797,0.535385,False,12,1580,10.1002/14651858.CD003598.pub3,2,39.12175648702595,False,0,25.309381237524953,Hidden Gem
CD003598_pub3_data__A19,CD003598,86,A,-0.088624,0.823059,False,14,1640,10.1002/14651858.CD003598.pub3,2,39.12175648702595,False,0,25.309381237524953,Hidden Gem
CD003598_pub3_data__A24,CD003598,86,A,0.389774,0.16895,False,15,1361,10.1002/14651858.CD003598.pub3,2,39.12175648702595,False,0,25.309381237524953,Hidden Gem
CD003598_pub3_data__A25,CD003598,86,A,-0.219151,0.377122,False,14,1633,10.1002/14651858.CD003598.pub3,2,39.12175648702595,False,0,25.309381237524953,Hidden Gem
CD013758_pub2_data__A1,CD013758,86,A,0.01668,0.978692,False,11,1885,10.1002/14651858.CD013758.pub2,5,63.57285429141717,False,0,34.5309381237525,Moderate
CD006257_pub2_data__A9,CD006257,86,A,0.061873,0.601081,False,16,5217,10.1002/14651858.CD006257.pub2,10,82.83433133732535,False,0,40.91816367265469,Moderate
CD011885_pub2_data__A8,CD011885,86,A,-0.150628,0.675373,False,12,1449,10.1002/14651858.CD011885.pub2,0,9.68063872255489,False,0,13.79241516966068,Hidden Gem
CD003774_pub5_data__A18,CD003774,86,A,0.462292,0.00754,True,23,4766,10.1002/14651858.CD003774.pub5,13,88.32335329341318,False,0,43.26347305389221,Moderate
CD003774_pub5_data__A6,CD003774,86,A,-0.715872,0.000496,True,27,3272,10.1002/14651858.CD003774.pub5,13,88.32335329341318,False,0,43.26347305389221,Moderate
CD015192_pub2_data__A2,CD015192,86,A,-0.26622,0.205162,False,25,3903,10.1002/14651858.CD015192.pub2,1,26.34730538922156,False,0,13.243512974051898,Hidden Gem
CD015192_pub2_data__A3,CD015192,86,A,-0.158082,0.605346,False,10,2033,10.1002/14651858.CD015192.pub2,1,26.34730538922156,False,0,13.243512974051898,Hidden Gem
CD009679_pub3_data__A2,CD009679,86,A,-0.276798,0.108393,False,54,3579,10.1002/14651858.CD009679.pub3,4,57.48502994011976,False,0,29.451097804391217,Hidden Gem
CD009679_pub3_data__A4,CD009679,86,A,-0.330038,0.132363,False,34,2363,10.1002/14651858.CD009679.pub3,4,57.48502994011976,False,0,29.451097804391217,Hidden Gem
CD013758_pub2_data__A2,CD013758,86,A,-0.022718,0.950355,False,31,10065,10.1002/14651858.CD013758.pub2,5,63.57285429141717,False,0,34.5309381237525,Moderate
CD013758_pub2_data__A20,CD013758,86,A,0.008828,0.987661,False,13,2391,10.1002/14651858.CD013758.pub2,5,63.57285429141717,False,0,34.5309381237525,Moderate
CD013758_pub2_data__A3,CD013758,86,A,0.01668,0.978692,False,11,1885,10.1002/14651858.CD013758.pub2,5,63.57285429141717,False,0,34.5309381237525,Moderate
CD013758_pub2_data__A4,CD013758,86,A,-0.022718,0.950355,False,31,10065,10.1002/14651858.CD013758.pub2,5,63.57285429141717,False,0,34.5309381237525,Moderate
CD013758_pub2_data__A5,CD013758,86,A,0.01668,0.978692,False,11,1885,10.1002/14651858.CD013758.pub2,5,63.57285429141717,False,0,34.5309381237525,Moderate
CD013758_pub2_data__A14,CD013758,86,A,-0.013802,0.977211,False,18,2675,10.1002/14651858.CD013758.pub2,5,63.57285429141717,False,0,34.5309381237525,Moderate
CD013758_pub2_data__A15,CD013758,86,A,-0.010791,0.980191,False,22,7095,10.1002/14651858.CD013758.pub2,5,63.57285429141717,False,0,34.5309381237525,Moderate
CD013758_pub2_data__A16,CD013758,86,A,0.025797,0.961215,False,15,2447,10.1002/14651858.CD013758.pub2,5,63.57285429141717,False,0,34.5309381237525,Moderate
CD011885_pub2_data__A2,CD011885,86,A,-0.198299,0.488688,False,11,1319,10.1002/14651858.CD011885.pub2,0,9.68063872255489,False,0,13.79241516966068,Hidden Gem
CD015536_pub2_data__A1,CD015536,86,A,-0.412408,0.066773,False,35,4436,10.1002/14651858.CD015536.pub2,0,9.68063872255489,False,0,9.121756487025948,Hidden Gem
CD015536_pub2_data__A3,CD015536,86,A,-0.619964,0.056491,False,18,2396,10.1002/14651858.CD015536.pub2,0,9.68063872255489,False,0,9.121756487025948,Hidden Gem
CD013758_pub2_data__A17,CD013758,86,A,-0.017738,0.968196,False,21,7067,10.1002/14651858.CD013758.pub2,5,63.57285429141717,False,0,34.5309381237525,Moderate
CD013758_pub2_data__A18,CD013758,86,A,-0.032496,0.949498,False,16,2619,10.1002/14651858.CD013758.pub2,5,63.57285429141717,False,0,34.5309381237525,Moderate
CD013758_pub2_data__A19,CD013758,86,A,-0.01779,0.966563,False,23,9247,10.1002/14651858.CD013758.pub2,5,63.57285429141717,False,0,34.5309381237525,Moderate
CD007310_pub3_data__A11,CD007310,86,A,0.346172,0.162982,False,12,2712,10.1002/14651858.CD007310.pub3,0,9.68063872255489,False,0,11.497005988023954,Hidden Gem
CD007310_pub3_data__A4,CD007310,86,A,-0.28228,0.409668,False,14,1370,10.1002/14651858.CD007310.pub3,0,9.68063872255489,False,0,11.497005988023954,Hidden Gem
CD013758_pub2_data__A6,CD013758,86,A,-0.022866,0.950868,False,30,8975,10.1002/14651858.CD013758.pub2,5,63.57285429141717,False,0,34.5309381237525,Moderate
CD013789_pub2_data__A10,CD013789,86,A,0.059556,0.916789,False,13,1116,10.1002/14651858.CD013789.pub2,16,93.21357285429141,False,0,45.998003992015974,Moderate
CD013789_pub2_data__A18,CD013789,86,A,0.059556,0.916789,False,13,1116,10.1002/14651858.CD013789.pub2,16,93.21357285429141,False,0,45.998003992015974,Moderate
CD013789_pub2_data__A20,CD013789,86,A,0.057724,0.919339,False,13,1115,10.1002/14651858.CD013789.pub2,16,93.21357285429141,False,0,45.998003992015974,Moderate
CD013789_pub2_data__A22,CD013789,86,A,0.055931,0.921834,False,13,1117,10.1002/14651858.CD013789.pub2,16,93.21357285429141,False,0,45.998003992015974,Moderate
CD013789_pub2_data__A3,CD013789,86,A,0.055347,0.92265,False,13,1114,10.1002/14651858.CD013789.pub2,16,93.21357285429141,False,0,45.998003992015974,Moderate
CD002042_pub6_data__A33,CD002042,86,A,-0.611564,0.007201,True,18,11505,10.1002/14651858.CD002042.pub6,2,39.12175648702595,False,0,25.219560878243513,Hidden Gem
CD002042_pub6_data__A34,CD002042,86,A,-0.72725,0.015251,True,10,8410,10.1002/14651858.CD002042.pub6,2,39.12175648702595,False,0,25.219560878243513,Hidden Gem
CD007310_pub3_data__A1,CD007310,86,A,-0.025866,0.962396,False,14,1925,10.1002/14651858.CD007310.pub3,0,9.68063872255489,False,0,11.497005988023954,Hidden Gem
CD010216_pub9_data__A3,CD010216,86,A,0.032611,0.733197,False,43,13912,10.1002/14651858.CD010216.pub9,22,96.8063872255489,True,0,66.84630738522955,Safe
CD009298_pub3_data__A20,CD009298,86,A,-0.205553,0.158798,False,10,1002,10.1002/14651858.CD009298.pub3,0,9.68063872255489,False,0,13.742514970059881,Hidden Gem
CD015215_pub2_data__A11,CD015215,86,A,-1.600375,0.007405,True,5,557,10.1002/14651858.CD015215.pub2,11,84.83033932135729,False,0,43.802395209580844,Moderate
CD013425_pub2_data__A13,CD013425,86,A,0.753852,4e-06,True,21,5047,10.1002/14651858.CD013425.pub2,2,39.12175648702595,False,0,22.435129740518963,Hidden Gem
CD013614_pub2_data__A21,CD013614,86,A,0.346946,0.038349,True,10,3920,10.1002/14651858.CD013614.pub2,2,39.12175648702595,False,0,25.449101796407188,Hidden Gem
CD003774_pub5_data__A8,CD003774,86,A,-0.804095,0.000233,True,25,3060,10.1002/14651858.CD003774.pub5,13,88.32335329341318,False,0,43.26347305389221,Moderate
CD004703_pub3_data__A3,CD004703,86,A,-0.179894,0.531944,False,33,3070,10.1002/14651858.CD004703.pub3,18,95.50898203592814,False,0,40.23952095808383,Moderate
CD004703_pub3_data__A5,CD004703,86,A,-0.150247,0.53311,False,15,1423,10.1002/14651858.CD004703.pub3,18,95.50898203592814,False,0,40.23952095808383,Moderate
CD005951_pub5_data__A4,CD005951,86,A,0.180218,0.213096,False,15,4532,10.1002/14651858.CD005951.pub5,7,73.05389221556887,False,0,35.17964071856288,Moderate
CD011044_pub3_data__A7,CD011044,86,A,0.605608,2.8e-05,True,36,8266,10.1002/14651858.CD011044.pub3,12,86.42714570858283,False,0,39.82035928143712,Moderate
CD013508_pub3_data__A5,CD013508,86,A,0.020888,0.964471,False,19,2235,10.1002/14651858.CD013508.pub3,23,97.1057884231537,False,0,46.18762475049901,Moderate
CD003598_pub3_data__A28,CD003598,86,A,0.638827,0.189562,False,10,1351,10.1002/14651858.CD003598.pub3,2,39.12175648702595,False,0,25.309381237524953,Hidden Gem
CD003598_pub3_data__A3,CD003598,86,A,-0.197171,0.294092,False,56,7620,10.1002/14651858.CD003598.pub3,2,39.12175648702595,False,0,25.309381237524953,Hidden Gem
CD003598_pub3_data__A33,CD003598,86,A,1.724448,0.012649,True,7,461,10.1002/14651858.CD003598.pub3,2,39.12175648702595,False,0,25.309381237524953,Hidden Gem
CD003598_pub3_data__A4,CD003598,86,A,-0.02625,0.943658,False,30,4060,10.1002/14651858.CD003598.pub3,2,39.12175648702595,False,0,25.309381237524953,Hidden Gem
CD003598_pub3_data__A7,CD003598,86,A,0.067385,0.710286,False,20,2191,10.1002/14651858.CD003598.pub3,2,39.12175648702595,False,0,25.309381237524953,Hidden Gem
CD003598_pub3_data__A8,CD003598,86,A,0.251569,0.230296,False,23,2044,10.1002/14651858.CD003598.pub3,2,39.12175648702595,False,0,25.309381237524953,Hidden Gem
CD003598_pub3_data__A9,CD003598,86,A,0.34524,0.134548,False,24,2332,10.1002/14651858.CD003598.pub3,2,39.12175648702595,False,0,25.309381237524953,Hidden Gem
CD015350_pub2_data__A6,CD015350,86,A,-0.359845,0.179167,False,13,1792,10.1002/14651858.CD015350.pub2,2,39.12175648702595,False,0,19.10179640718563,Hidden Gem
CD016131_data__A6,CD016131,86,A,0.094095,0.012777,True,6,63521,10.1002/14651858.CD016131,0,9.68063872255489,False,0,7.325349301397207,Hidden Gem
CD016211_data__A1,CD016211,86,A,-0.431996,0.014377,True,4,42430,10.1002/14651858.CD016211,0,9.68063872255489,False,0,12.165668662674651,Hidden Gem
CD013830_pub2_data__A22,CD013830,85,A,-0.168522,0.059608,False,8,12665,10.1002/14651858.CD013830.pub2,15,91.81636726546905,True,0,65.43912175648703,Safe
CD013830_pub2_data__A16,CD013830,85,A,-0.167529,0.238489,False,7,2713,10.1002/14651858.CD013830.pub2,15,91.81636726546905,True,0,65.43912175648703,Safe
CD013561_pub2_data__A4,CD013561,85,A,-1.374341,0.019502,True,4,247,10.1002/14651858.CD013561.pub2,4,57.48502994011976,False,0,26.447105788423155,Hidden Gem
CD013071_pub2_data__A17,CD013071,85,A,-0.178682,0.851982,False,5,1030,10.1002/14651858.CD013071.pub2,15,91.81636726546905,False,0,45.20958083832335,Moderate
CD013561_pub2_data__A3,CD013561,85,A,-1.075244,0.02222,True,5,267,10.1002/14651858.CD013561.pub2,4,57.48502994011976,False,0,26.447105788423155,Hidden Gem
CD013541_pub2_data__A9,CD013541,85,A,-0.248933,0.754653,False,7,565,10.1002/14651858.CD013541.pub2,11,84.83033932135729,False,0,39.18163672654691,Moderate
CD015350_pub2_data__A5,CD015350,85,A,0.162615,0.282661,False,11,1364,10.1002/14651858.CD015350.pub2,2,39.12175648702595,False,0,19.10179640718563,Hidden Gem
CD015373_pub2_data__A15,CD015373,85,A,1.231266,0.016484,True,6,295,10.1002/14651858.CD015373.pub2,2,39.12175648702595,True,0,44.5309381237525,Moderate
CD015350_pub2_data__A7,CD015350,85,A,-0.068791,0.901934,False,5,685,10.1002/14651858.CD015350.pub2,2,39.12175648702595,False,0,19.10179640718563,Hidden Gem
CD001155_pub3_data__A8,CD001155,85,A,0.020478,0.632874,False,21,11751,10.1002/14651858.CD001155.pub3,0,9.68063872255489,False,0,9.121756487025948,Hidden Gem
CD007809_pub3_data__A1,CD007809,85,A,-0.018034,0.976877,False,11,1136,10.1002/14651858.CD007809.pub3,2,39.12175648702595,False,0,24.13173652694611,Hidden Gem
CD013071_pub2_data__A13,CD013071,85,A,-0.149095,0.862908,False,6,1092,10.1002/14651858.CD013071.pub2,15,91.81636726546905,False,0,45.20958083832335,Moderate
CD013071_pub2_data__A16,CD013071,85,A,-0.054298,0.949706,False,6,2016,10.1002/14651858.CD013071.pub2,15,91.81636726546905,False,0,45.20958083832335,Moderate
CD007809_pub3_data__A2,CD007809,85,A,-0.018034,0.976877,False,11,1136,10.1002/14651858.CD007809.pub3,2,39.12175648702595,False,0,24.13173652694611,Hidden Gem
CD012712_pub2_data__A20,CD012712,85,A,-0.10846,0.776226,False,8,873,10.1002/14651858.CD012712.pub2,10,82.83433133732535,True,0,61.427145708582835,Safe
CD007809_pub3_data__A3,CD007809,85,A,-0.007672,0.990646,False,10,1038,10.1002/14651858.CD007809.pub3,2,39.12175648702595,False,0,24.13173652694611,Hidden Gem
CD013726_pub2_data__A1,CD013726,85,A,0.019535,0.977519,False,9,694,10.1002/14651858.CD013726.pub2,3,49.101796407185624,False,0,23.78243512974052,Hidden Gem
CD013726_pub2_data__A5,CD013726,85,A,0.701984,0.11525,False,9,741,10.1002/14651858.CD013726.pub2,3,49.101796407185624,False,0,23.78243512974052,Hidden Gem
CD006536_pub5_data__A18,CD006536,85,A,-0.112701,0.755872,False,32,1319,10.1002/14651858.CD006536.pub5,0,9.68063872255489,False,0,12.86427145708583,Hidden Gem
CD007026_pub7_data__A3,CD007026,85,A,0.031228,0.837215,False,10,2831,10.1002/14651858.CD007026.pub7,10,82.83433133732535,False,0,35.83832335329341,Moderate
CD009298_pub3_data__A26,CD009298,85,A,-0.062478,0.734855,False,8,1000,10.1002/14651858.CD009298.pub3,0,9.68063872255489,False,0,13.742514970059881,Hidden Gem
CD013508_pub3_data__A2,CD013508,85,A,0.051148,0.944599,False,8,1305,10.1002/14651858.CD013508.pub3,23,97.1057884231537,False,0,46.18762475049901,Moderate
CD011197_pub3_data__A16,CD011197,85,A,0.006034,0.993049,False,9,825,10.1002/14651858.CD011197.pub3,16,93.21357285429141,False,0,45.578842315369265,Moderate
CD011197_pub3_data__A15,CD011197,85,A,0.002763,0.997011,False,8,764,10.1002/14651858.CD011197.pub3,16,93.21357285429141,False,0,45.578842315369265,Moderate
CD011197_pub3_data__A14,CD011197,85,A,0.002763,0.997011,False,8,764,10.1002/14651858.CD011197.pub3,16,93.21357285429141,False,0,45.578842315369265,Moderate
CD011197_pub3_data__A13,CD011197,85,A,0.002763,0.997011,False,8,764,10.1002/14651858.CD011197.pub3,16,93.21357285429141,False,0,45.578842315369265,Moderate
CD011197_pub3_data__A12,CD011197,85,A,0.002763,0.997011,False,8,764,10.1002/14651858.CD011197.pub3,16,93.21357285429141,False,0,45.578842315369265,Moderate
CD014792_pub2_data__A7,CD014792,85,A,-0.085665,0.876286,False,6,819,10.1002/14651858.CD014792.pub2,6,68.76247504990019,False,0,32.75449101796407,Moderate
CD013071_pub2_data__A1,CD013071,85,A,-0.065404,0.924663,False,9,1328,10.1002/14651858.CD013071.pub2,15,91.81636726546905,False,0,45.20958083832335,Moderate
CD007784_pub3_data__A17,CD007784,85,A,-0.136721,0.834237,False,7,4514,10.1002/14651858.CD007784.pub3,9,79.84031936127745,False,0,41.876247504990026,Moderate
CD007784_pub3_data__A13,CD007784,85,A,-0.242521,0.490428,False,7,7991,10.1002/14651858.CD007784.pub3,9,79.84031936127745,False,0,41.876247504990026,Moderate
CD014792_pub2_data__A1,CD014792,85,A,0.102386,0.685125,False,6,797,10.1002/14651858.CD014792.pub2,6,68.76247504990019,False,0,32.75449101796407,Moderate
CD014792_pub2_data__A4,CD014792,85,A,-0.074667,0.875868,False,7,831,10.1002/14651858.CD014792.pub2,6,68.76247504990019,False,0,32.75449101796407,Moderate
CD011044_pub3_data__A10,CD011044,85,A,0.463115,0.074021,False,9,2022,10.1002/14651858.CD011044.pub3,12,86.42714570858283,False,0,39.82035928143712,Moderate
CD012712_pub2_data__A19,CD012712,85,A,-0.177394,0.682889,False,9,1218,10.1002/14651858.CD012712.pub2,10,82.83433133732535,True,0,61.427145708582835,Safe
CD015673_pub2_data__A4,CD015673,85,A,0.53417,0.397478,False,6,1327,10.1002/14651858.CD015673.pub2,5,63.57285429141717,False,0,31.3872255489022,Moderate
CD012712_pub2_data__A18,CD012712,85,A,-0.26622,0.063017,False,7,2346,10.1002/14651858.CD012712.pub2,10,82.83433133732535,True,0,61.427145708582835,Safe
CD012712_pub2_data__A17,CD012712,85,A,-0.243341,0.066422,False,9,2697,10.1002/14651858.CD012712.pub2,10,82.83433133732535,True,0,61.427145708582835,Safe
CD012712_pub2_data__A16,CD012712,85,A,0.359958,0.506771,False,7,628,10.1002/14651858.CD012712.pub2,10,82.83433133732535,True,0,61.427145708582835,Safe
CD012712_pub2_data__A11,CD012712,85,A,-0.075328,0.74803,False,8,2133,10.1002/14651858.CD012712.pub2,10,82.83433133732535,True,0,61.427145708582835,Safe
CD012712_pub2_data__A13,CD012712,85,A,0.094633,0.616405,False,6,2169,10.1002/14651858.CD012712.pub2,10,82.83433133732535,True,0,61.427145708582835,Safe
CD013071_pub2_data__A21,CD013071,85,A,-0.146288,0.865313,False,6,1488,10.1002/14651858.CD013071.pub2,15,91.81636726546905,False,0,45.20958083832335,Moderate
CD013071_pub2_data__A4,CD013071,85,A,-0.110394,0.88923,False,7,1156,10.1002/14651858.CD013071.pub2,15,91.81636726546905,False,0,45.20958083832335,Moderate
CD011866_pub3_data__A5,CD011866,85,A,0.454117,0.099155,False,9,866,10.1002/14651858.CD011866.pub3,13,88.32335329341318,False,0,40.57884231536926,Moderate
CD003376_pub4_data__A7,CD003376,85,A,-0.109612,0.733181,False,8,778,10.1002/14651858.CD003376.pub4,1,26.34730538922156,False,0,15.179640718562876,Hidden Gem
CD003774_pub5_data__A15,CD003774,85,A,-0.662977,1.6e-05,True,42,4564,10.1002/14651858.CD003774.pub5,13,88.32335329341318,False,0,43.26347305389221,Moderate
CD003774_pub5_data__A16,CD003774,85,A,-0.188762,0.316157,False,13,1420,10.1002/14651858.CD003774.pub5,13,88.32335329341318,False,0,43.26347305389221,Moderate
CD015673_pub2_data__A8,CD015673,85,A,-0.177126,0.07916,False,15,3021,10.1002/14651858.CD015673.pub2,5,63.57285429141717,False,0,31.3872255489022,Moderate
CD015673_pub2_data__A9,CD015673,85,A,0.651734,0.078651,False,8,1572,10.1002/14651858.CD015673.pub2,5,63.57285429141717,False,0,31.3872255489022,Moderate
CD014967_pub2_data__A8,CD014967,85,A,0.160785,0.617012,False,7,708,10.1002/14651858.CD014967.pub2,12,86.42714570858283,False,0,42.19560878243513,Moderate
CD013758_pub2_data__A10,CD013758,85,A,0.44327,0.096726,False,11,4088,10.1002/14651858.CD013758.pub2,5,63.57285429141717,False,0,34.5309381237525,Moderate
CD002042_pub6_data__A31,CD002042,85,A,0.064936,0.567691,False,9,7669,10.1002/14651858.CD002042.pub6,2,39.12175648702595,False,0,25.219560878243513,Hidden Gem
CD011197_pub3_data__A4,CD011197,85,A,-0.046458,0.961274,False,5,600,10.1002/14651858.CD011197.pub3,16,93.21357285429141,False,0,45.578842315369265,Moderate
CD011197_pub3_data__A9,CD011197,85,A,0.02168,0.979979,False,6,504,10.1002/14651858.CD011197.pub3,16,93.21357285429141,False,0,45.578842315369265,Moderate
CD011197_pub3_data__A8,CD011197,85,A,0.02168,0.979979,False,6,504,10.1002/14651858.CD011197.pub3,16,93.21357285429141,False,0,45.578842315369265,Moderate
CD015804_pub2_data__A10,CD015804,85,A,-0.18991,0.31612,False,8,3066,10.1002/14651858.CD015804.pub2,10,82.83433133732535,False,0,39.590818363273456,Moderate
CD013366_pub2_data__A8,CD013366,85,A,-0.253034,0.489556,False,6,1118,10.1002/14651858.CD013366.pub2,10,82.83433133732535,False,0,40.47904191616767,Moderate
CD002042_pub6_data__A5,CD002042,85,A,0.182176,0.509416,False,8,12039,10.1002/14651858.CD002042.pub6,2,39.12175648702595,False,0,25.219560878243513,Hidden Gem
CD013071_pub2_data__A9,CD013071,85,A,-0.126692,0.854822,False,9,1644,10.1002/14651858.CD013071.pub2,15,91.81636726546905,False,0,45.20958083832335,Moderate
CD013071_pub2_data__A5,CD013071,85,A,-0.002933,0.995223,False,7,1234,10.1002/14651858.CD013071.pub2,15,91.81636726546905,False,0,45.20958083832335,Moderate
CD015332_pub2_data__A2,CD015332,85,A,0.328869,0.321026,False,9,511,10.1002/14651858.CD015332.pub2,2,39.12175648702595,False,0,25.40918163672655,Hidden Gem
CD004661_pub4_data__A7,CD004661,85,A,-0.005453,0.875743,False,23,24367,10.1002/14651858.CD004661.pub4,16,93.21357285429141,False,0,46.467065868263475,Moderate
CD013366_pub2_data__A13,CD013366,85,A,-0.221428,0.718128,False,6,1056,10.1002/14651858.CD013366.pub2,10,82.83433133732535,False,0,40.47904191616767,Moderate
CD007374_pub3_data__A5,CD007374,85,A,-0.618227,0.344437,False,6,597,10.1002/14651858.CD007374.pub3,7,73.05389221556887,False,0,37.93413173652695,Moderate
CD007374_pub3_data__A6,CD007374,85,A,-0.011992,0.989991,False,5,537,10.1002/14651858.CD007374.pub3,7,73.05389221556887,False,0,37.93413173652695,Moderate
CD007374_pub3_data__A7,CD007374,85,A,-0.167054,0.788629,False,11,913,10.1002/14651858.CD007374.pub3,7,73.05389221556887,False,0,37.93413173652695,Moderate
CD007784_pub3_data__A2,CD007784,85,A,-0.192837,0.020377,True,16,38443,10.1002/14651858.CD007784.pub3,9,79.84031936127745,False,0,41.876247504990026,Moderate
CD007374_pub3_data__A18,CD007374,85,A,0.338964,0.407297,False,6,867,10.1002/14651858.CD007374.pub3,7,73.05389221556887,False,0,37.93413173652695,Moderate
CD011197_pub3_data__A19,CD011197,85,A,-0.018784,0.979716,False,8,830,10.1002/14651858.CD011197.pub3,16,93.21357285429141,False,0,45.578842315369265,Moderate
CD014855_pub2_data__A1,CD014855,85,A,0.037087,0.865223,False,18,1743,10.1002/14651858.CD014855.pub2,0,9.68063872255489,False,0,6.57684630738523,Hidden Gem
CD005595_pub4_data__A7,CD005595,85,A,-0.122877,0.876993,False,7,640,10.1002/14651858.CD005595.pub4,8,76.14770459081836,False,0,37.24550898203593,Moderate
CD009298_pub3_data__A10,CD009298,85,A,0.130218,0.861046,False,8,1002,10.1002/14651858.CD009298.pub3,0,9.68063872255489,False,0,13.742514970059881,Hidden Gem
CD013614_pub2_data__A32,CD013614,85,A,0.037778,0.856496,False,7,2010,10.1002/14651858.CD013614.pub2,2,39.12175648702595,False,0,25.449101796407188,Hidden Gem
CD007374_pub3_data__A1,CD007374,85,A,-0.168722,0.67146,False,8,943,10.1002/14651858.CD007374.pub3,7,73.05389221556887,False,0,37.93413173652695,Moderate
CD009298_pub3_data__A3,CD009298,85,A,-0.180435,0.263259,False,11,1002,10.1002/14651858.CD009298.pub3,0,9.68063872255489,False,0,13.742514970059881,Hidden Gem
CD007374_pub3_data__A12,CD007374,85,A,0.0,1.0,False,5,500,10.1002/14651858.CD007374.pub3,7,73.05389221556887,False,0,37.93413173652695,Moderate
CD010290_pub4_data__A13,CD010290,85,A,0.140214,0.558652,False,6,1166,10.1002/14651858.CD010290.pub4,2,39.12175648702595,False,0,23.433133732534934,Hidden Gem
CD010290_pub4_data__A16,CD010290,85,A,-0.171588,0.637716,False,8,1368,10.1002/14651858.CD010290.pub4,2,39.12175648702595,False,0,23.433133732534934,Hidden Gem
CD010290_pub4_data__A14,CD010290,85,A,0.220571,0.516004,False,5,505,10.1002/14651858.CD010290.pub4,2,39.12175648702595,False,0,23.433133732534934,Hidden Gem
CD010290_pub4_data__A17,CD010290,85,A,-0.171588,0.637716,False,8,1368,10.1002/14651858.CD010290.pub4,2,39.12175648702595,False,0,23.433133732534934,Hidden Gem
CD015804_pub2_data__A1,CD015804,85,A,-0.002433,0.997354,False,8,3603,10.1002/14651858.CD015804.pub2,10,82.83433133732535,False,0,39.590818363273456,Moderate
CD009298_pub3_data__A13,CD009298,85,A,0.093646,0.678353,False,6,1002,10.1002/14651858.CD009298.pub3,0,9.68063872255489,False,0,13.742514970059881,Hidden Gem
CD009298_pub3_data__A14,CD009298,85,A,0.10271,0.641327,False,8,1002,10.1002/14651858.CD009298.pub3,0,9.68063872255489,False,0,13.742514970059881,Hidden Gem
CD013830_pub2_data__A6,CD013830,85,A,-1.167284,0.006076,True,13,1216,10.1002/14651858.CD013830.pub2,15,91.81636726546905,True,0,65.43912175648703,Safe
CD013508_pub3_data__A10,CD013508,85,A,-0.010525,0.988603,False,8,838,10.1002/14651858.CD013508.pub3,23,97.1057884231537,False,0,46.18762475049901,Moderate
CD013508_pub3_data__A12,CD013508,85,A,-0.010525,0.988603,False,8,838,10.1002/14651858.CD013508.pub3,23,97.1057884231537,False,0,46.18762475049901,Moderate
CD009362_pub4_data__A3,CD009362,85,A,0.680117,0.102135,False,9,1946,10.1002/14651858.CD009362.pub4,5,63.57285429141717,False,0,26.76646706586827,Hidden Gem
CD013508_pub3_data__A6,CD013508,85,A,0.052838,0.939119,False,9,1334,10.1002/14651858.CD013508.pub3,23,97.1057884231537,False,0,46.18762475049901,Moderate
CD013541_pub2_data__A5,CD013541,85,A,-0.353816,0.634492,False,8,637,10.1002/14651858.CD013541.pub2,11,84.83033932135729,False,0,39.18163672654691,Moderate
CD013541_pub2_data__A6,CD013541,85,A,-0.463559,0.596765,False,6,572,10.1002/14651858.CD013541.pub2,11,84.83033932135729,False,0,39.18163672654691,Moderate
CD007024_pub3_data__A5,CD007024,85,A,0.166985,0.120924,False,26,2101,10.1002/14651858.CD007024.pub3,3,49.101796407185624,False,0,25.59880239520958,Hidden Gem
CD011197_pub3_data__A11,CD011197,85,A,0.021949,0.979724,False,6,642,10.1002/14651858.CD011197.pub3,16,93.21357285429141,False,0,45.578842315369265,Moderate
CD011197_pub3_data__A10,CD011197,85,A,0.006034,0.993049,False,9,825,10.1002/14651858.CD011197.pub3,16,93.21357285429141,False,0,45.578842315369265,Moderate
CD011197_pub3_data__A1,CD011197,85,A,0.06427,0.778803,False,9,1173,10.1002/14651858.CD011197.pub3,16,93.21357285429141,False,0,45.578842315369265,Moderate
CD011044_pub3_data__A8,CD011044,85,A,0.681112,0.000149,True,33,7183,10.1002/14651858.CD011044.pub3,12,86.42714570858283,False,0,39.82035928143712,Moderate
CD009298_pub3_data__A44,CD009298,85,A,-0.142408,0.804077,False,5,937,10.1002/14651858.CD009298.pub3,0,9.68063872255489,False,0,13.742514970059881,Hidden Gem
CD009298_pub3_data__A43,CD009298,85,A,-0.031079,0.932946,False,5,932,10.1002/14651858.CD009298.pub3,0,9.68063872255489,False,0,13.742514970059881,Hidden Gem
CD009298_pub3_data__A4,CD009298,85,A,-0.1578,0.266672,False,10,1002,10.1002/14651858.CD009298.pub3,0,9.68063872255489,False,0,13.742514970059881,Hidden Gem
CD011197_pub3_data__A18,CD011197,85,A,-0.009657,0.9903,False,7,791,10.1002/14651858.CD011197.pub3,16,93.21357285429141,False,0,45.578842315369265,Moderate
CD015804_pub2_data__A3,CD015804,85,A,0.197555,0.544544,False,7,3292,10.1002/14651858.CD015804.pub2,10,82.83433133732535,False,0,39.590818363273456,Moderate
CD011197_pub3_data__A17,CD011197,85,A,0.018831,0.981064,False,7,692,10.1002/14651858.CD011197.pub3,16,93.21357285429141,False,0,45.578842315369265,Moderate
CD009298_pub3_data__A25,CD009298,85,A,-0.070515,0.707045,False,6,1002,10.1002/14651858.CD009298.pub3,0,9.68063872255489,False,0,13.742514970059881,Hidden Gem
CD015824_pub2_data__A3,CD015824,85,A,-0.958371,0.005595,True,6,1524,10.1002/14651858.CD015824.pub2,1,26.34730538922156,False,0,15.179640718562876,Hidden Gem
CD009298_pub3_data__A22,CD009298,85,A,-0.054098,0.882036,False,8,1002,10.1002/14651858.CD009298.pub3,0,9.68063872255489,False,0,13.742514970059881,Hidden Gem
CD009298_pub3_data__A21,CD009298,85,A,-0.107253,0.815185,False,6,1002,10.1002/14651858.CD009298.pub3,0,9.68063872255489,False,0,13.742514970059881,Hidden Gem
CD015804_pub2_data__A9,CD015804,85,A,-0.047153,0.837057,False,8,3497,10.1002/14651858.CD015804.pub2,10,82.83433133732535,False,0,39.590818363273456,Moderate
CD015804_pub2_data__A7,CD015804,85,A,-0.151216,0.289231,False,7,3293,10.1002/14651858.CD015804.pub2,10,82.83433133732535,False,0,39.590818363273456,Moderate
CD009298_pub3_data__A53,CD009298,85,A,-0.327532,0.528364,False,5,766,10.1002/14651858.CD009298.pub3,0,9.68063872255489,False,0,13.742514970059881,Hidden Gem
CD013614_pub2_data__A20,CD013614,85,A,-0.3706,0.562887,False,8,1729,10.1002/14651858.CD013614.pub2,2,39.12175648702595,False,0,25.449101796407188,Hidden Gem
CD013429_pub2_data__A3,CD013429,85,A,1.400726,2e-06,True,19,1213,10.1002/14651858.CD013429.pub2,2,39.12175648702595,False,0,20.898203592814372,Hidden Gem
CD009298_pub3_data__A6,CD009298,85,A,0.130218,0.861046,False,8,1002,10.1002/14651858.CD009298.pub3,0,9.68063872255489,False,0,13.742514970059881,Hidden Gem
CD005595_pub4_data__A13,CD005595,85,A,-0.044662,0.903948,False,7,696,10.1002/14651858.CD005595.pub4,8,76.14770459081836,False,0,37.24550898203593,Moderate
CD009298_pub3_data__A5,CD009298,85,A,0.004308,0.996016,False,6,1002,10.1002/14651858.CD009298.pub3,0,9.68063872255489,False,0,13.742514970059881,Hidden Gem
CD005582_pub5_data__A4,CD005582,85,A,0.302408,0.227594,False,6,755,10.1002/14651858.CD005582.pub5,9,79.84031936127745,False,0,33.27345309381238,Moderate
CD005582_pub5_data__A3,CD005582,85,A,0.473947,0.455564,False,6,755,10.1002/14651858.CD005582.pub5,9,79.84031936127745,False,0,33.27345309381238,Moderate
CD009298_pub3_data__A9,CD009298,85,A,0.004308,0.996016,False,6,1002,10.1002/14651858.CD009298.pub3,0,9.68063872255489,False,0,13.742514970059881,Hidden Gem
CD014722_pub2_data__A11,CD014722,84,A,0.024099,0.953764,False,24,3825,10.1002/14651858.CD014722.pub2,14,90.31936127744511,False,0,44.61077844311377,Moderate
CD014722_pub2_data__A17,CD014722,84,A,-0.004688,0.992024,False,19,2536,10.1002/14651858.CD014722.pub2,14,90.31936127744511,False,0,44.61077844311377,Moderate
CD014722_pub2_data__A5,CD014722,84,A,0.006621,0.990016,False,15,2813,10.1002/14651858.CD014722.pub2,14,90.31936127744511,False,0,44.61077844311377,Moderate
CD014722_pub2_data__A4,CD014722,84,A,-0.009604,0.983662,False,19,2910,10.1002/14651858.CD014722.pub2,14,90.31936127744511,False,0,44.61077844311377,Moderate
CD014722_pub2_data__A2,CD014722,84,A,-0.527954,2e-05,True,39,8844,10.1002/14651858.CD014722.pub2,14,90.31936127744511,False,0,44.61077844311377,Moderate
CD014722_pub2_data__A12,CD014722,84,A,-0.012548,0.981072,False,15,3159,10.1002/14651858.CD014722.pub2,14,90.31936127744511,False,0,44.61077844311377,Moderate
CD014722_pub2_data__A9,CD014722,84,A,-0.025881,0.96524,False,12,2569,10.1002/14651858.CD014722.pub2,14,90.31936127744511,False,0,44.61077844311377,Moderate
CD014722_pub2_data__A10,CD014722,84,A,-0.088603,0.881517,False,12,2703,10.1002/14651858.CD014722.pub2,14,90.31936127744511,False,0,44.61077844311377,Moderate
CD014722_pub2_data__A7,CD014722,84,A,-0.025976,0.954527,False,20,5300,10.1002/14651858.CD014722.pub2,14,90.31936127744511,False,0,44.61077844311377,Moderate
CD009679_pub3_data__A6,CD009679,84,A,-0.333934,0.268879,False,18,1345,10.1002/14651858.CD009679.pub3,4,57.48502994011976,False,0,29.451097804391217,Hidden Gem
CD004307_pub7_data__A2,CD004307,84,A,0.671785,0.0,True,53,21209,10.1002/14651858.CD004307.pub7,9,79.84031936127745,False,0,32.64471057884232,Moderate
CD008469_pub3_data__A1,CD008469,84,A,-0.073657,0.635615,False,16,2211,10.1002/14651858.CD008469.pub3,0,9.68063872255489,False,0,6.57684630738523,Hidden Gem
CD011762_pub2_data__A14,CD011762,84,A,-0.578752,0.049073,True,49,27633,10.1002/14651858.CD011762.pub2,3,49.101796407185624,False,0,26.686626746506988,Hidden Gem
CD008628_pub3_data__A9,CD008628,84,A,2.26984,0.002546,True,9,938,10.1002/14651858.CD008628.pub3,14,90.31936127744511,False,0,42.08582834331338,Moderate
CD010966_pub4_data__A8,CD010966,84,A,-0.919739,0.007794,True,16,5442,10.1002/14651858.CD010966.pub4,8,76.14770459081836,False,0,39.560878243512974,Moderate
CD014722_pub2_data__A8,CD014722,84,A,0.041313,0.942272,False,13,2531,10.1002/14651858.CD014722.pub2,14,90.31936127744511,False,0,44.61077844311377,Moderate
CD007310_pub3_data__A2,CD007310,84,A,-0.053756,0.938093,False,9,948,10.1002/14651858.CD007310.pub3,0,9.68063872255489,False,0,11.497005988023954,Hidden Gem
CD004661_pub4_data__A15,CD004661,84,A,0.556258,0.000478,True,19,15919,10.1002/14651858.CD004661.pub4,16,93.21357285429141,False,0,46.467065868263475,Moderate
CD013303_pub2_data__A6,CD013303,84,A,0.662977,0.002618,True,11,2736,10.1002/14651858.CD013303.pub2,20,96.50698602794411,False,0,47.70459081836328,Moderate
CD006124_pub3_data__A3,CD006124,84,A,0.380503,0.142852,False,15,1738,10.1002/14651858.CD006124.pub3,7,73.05389221556887,False,0,32.6746506986028,Moderate
CD006124_pub3_data__A2,CD006124,84,A,0.021693,0.947984,False,16,1800,10.1002/14651858.CD006124.pub3,7,73.05389221556887,False,0,32.6746506986028,Moderate
CD006124_pub3_data__A1,CD006124,84,A,-0.043439,0.908058,False,14,1412,10.1002/14651858.CD006124.pub3,7,73.05389221556887,False,0,32.6746506986028,Moderate
CD015749_pub2_data__A3,CD015749,84,A,0.049856,0.915666,False,19,2053,10.1002/14651858.CD015749.pub2,2,39.12175648702595,False,0,19.79041916167665,Hidden Gem
CD006124_pub3_data__A5,CD006124,84,A,-0.049038,0.918304,False,14,1404,10.1002/14651858.CD006124.pub3,7,73.05389221556887,False,0,32.6746506986028,Moderate
CD010966_pub4_data__A14,CD010966,84,A,-0.317421,0.670345,False,8,1500,10.1002/14651858.CD010966.pub4,8,76.14770459081836,False,0,39.560878243512974,Moderate
CD010966_pub4_data__A13,CD010966,84,A,-0.216385,0.803614,False,6,962,10.1002/14651858.CD010966.pub4,8,76.14770459081836,False,0,39.560878243512974,Moderate
CD010861_pub3_data__A12,CD010861,84,A,-1.932676,0.000219,True,10,1798,10.1002/14651858.CD010861.pub3,6,68.76247504990019,False,0,35.439121756487026,Moderate
CD010966_pub4_data__A20,CD010966,84,A,-0.309415,0.699845,False,7,1389,10.1002/14651858.CD010966.pub4,8,76.14770459081836,False,0,39.560878243512974,Moderate
CD013834_pub2_data__A1,CD013834,84,A,-0.090128,0.777745,False,41,1497,10.1002/14651858.CD013834.pub2,4,57.48502994011976,False,0,24.331337325349303,Hidden Gem
CD005133_pub4_data__A2,CD005133,84,A,-0.085067,0.721354,False,16,1358,10.1002/14651858.CD005133.pub4,0,9.68063872255489,False,0,9.121756487025948,Hidden Gem
CD010145_pub2_data__A18,CD010145,84,A,0.881555,0.01753,True,15,3466,10.1002/14651858.CD010145.pub2,2,39.12175648702595,False,0,24.361277445109785,Hidden Gem
CD004953_pub5_data__A2,CD004953,83,A,-0.036301,0.817452,False,13,1745,10.1002/14651858.CD004953.pub5,0,9.68063872255489,False,0,10.658682634730539,Hidden Gem
CD004953_pub5_data__A6,CD004953,83,A,-0.202376,0.348667,False,13,1675,10.1002/14651858.CD004953.pub5,0,9.68063872255489,False,0,10.658682634730539,Hidden Gem
CD004953_pub5_data__A3,CD004953,83,A,0.029783,0.829299,False,20,2393,10.1002/14651858.CD004953.pub5,0,9.68063872255489,False,0,10.658682634730539,Hidden Gem
CD013396_pub2_data__A7,CD013396,83,A,-0.002826,0.971009,False,9,4867,10.1002/14651858.CD013396.pub2,2,39.12175648702595,False,0,21.60678642714571,Hidden Gem
CD003511_pub6_data__A5,CD003511,83,A,0.133265,0.371657,False,5,1063,10.1002/14651858.CD003511.pub6,1,26.34730538922156,False,0,15.179640718562876,Hidden Gem
CD013541_pub2_data__A7,CD013541,83,A,-0.173729,0.780912,False,11,758,10.1002/14651858.CD013541.pub2,11,84.83033932135729,False,0,39.18163672654691,Moderate
CD004953_pub5_data__A7,CD004953,83,A,-0.071488,0.623535,False,19,2181,10.1002/14651858.CD004953.pub5,0,9.68063872255489,False,0,10.658682634730539,Hidden Gem
CD013539_pub2_data__A10,CD013539,83,A,0.121719,0.172787,False,25,9301,10.1002/14651858.CD013539.pub2,1,26.34730538922156,False,0,16.497005988023954,Hidden Gem
CD013539_pub2_data__A4,CD013539,83,A,0.051174,0.143624,False,45,18219,10.1002/14651858.CD013539.pub2,1,26.34730538922156,False,0,16.497005988023954,Hidden Gem
CD015215_pub2_data__A16,CD015215,83,A,0.462316,0.280402,False,5,1229,10.1002/14651858.CD015215.pub2,11,84.83033932135729,False,0,43.802395209580844,Moderate
CD013539_pub2_data__A8,CD013539,83,A,-0.005447,0.939068,False,57,22784,10.1002/14651858.CD013539.pub2,1,26.34730538922156,False,0,16.497005988023954,Hidden Gem
CD013539_pub2_data__A9,CD013539,83,A,-0.005011,0.955912,False,43,18182,10.1002/14651858.CD013539.pub2,1,26.34730538922156,False,0,16.497005988023954,Hidden Gem
CD013429_pub2_data__A4,CD013429,83,A,1.138255,2.6e-05,True,19,1275,10.1002/14651858.CD013429.pub2,2,39.12175648702595,False,0,20.898203592814372,Hidden Gem
CD004417_pub6_data__A2,CD004417,83,A,0.529408,1e-06,True,35,9228,10.1002/14651858.CD004417.pub6,6,68.76247504990019,False,0,30.209580838323348,Moderate
CD006257_pub2_data__A4,CD006257,83,A,-0.196066,0.031732,True,25,14968,10.1002/14651858.CD006257.pub2,10,82.83433133732535,False,0,40.91816367265469,Moderate
CD006257_pub2_data__A16,CD006257,83,A,0.012951,0.984231,False,5,1528,10.1002/14651858.CD006257.pub2,10,82.83433133732535,False,0,40.91816367265469,Moderate
CD006257_pub2_data__A15,CD006257,83,A,-0.499772,0.291312,False,8,6450,10.1002/14651858.CD006257.pub2,10,82.83433133732535,False,0,40.91816367265469,Moderate
CD006257_pub2_data__A10,CD006257,83,A,-0.360897,0.036512,True,24,2580,10.1002/14651858.CD006257.pub2,10,82.83433133732535,False,0,40.91816367265469,Moderate
CD015373_pub2_data__A4,CD015373,83,A,-0.260364,0.536685,False,7,550,10.1002/14651858.CD015373.pub2,2,39.12175648702595,True,0,44.5309381237525,Moderate
CD013366_pub2_data__A10,CD013366,83,A,-0.359308,0.171411,False,6,716,10.1002/14651858.CD013366.pub2,10,82.83433133732535,False,0,40.47904191616767,Moderate
CD013366_pub2_data__A9,CD013366,83,A,-0.308813,0.165851,False,5,831,10.1002/14651858.CD013366.pub2,10,82.83433133732535,False,0,40.47904191616767,Moderate
CD007491_pub3_data__A2,CD007491,83,A,-0.142597,0.881472,False,5,1502,10.1002/14651858.CD007491.pub3,30,98.40319361277446,False,0,40.69860279441118,Moderate
CD015332_pub2_data__A10,CD015332,83,A,0.302703,0.443223,False,11,578,10.1002/14651858.CD015332.pub2,2,39.12175648702595,False,0,25.40918163672655,Hidden Gem
CD015373_pub2_data__A2,CD015373,83,A,0.581398,0.319944,False,5,824,10.1002/14651858.CD015373.pub2,2,39.12175648702595,True,0,44.5309381237525,Moderate
CD015350_pub2_data__A4,CD015350,83,A,0.496214,0.089398,False,5,558,10.1002/14651858.CD015350.pub2,2,39.12175648702595,False,0,19.10179640718563,Hidden Gem
CD015332_pub2_data__A7,CD015332,83,A,0.296753,0.561325,False,12,600,10.1002/14651858.CD015332.pub2,2,39.12175648702595,False,0,25.40918163672655,Hidden Gem
CD015332_pub2_data__A3,CD015332,83,A,-0.07025,0.898751,False,14,582,10.1002/14651858.CD015332.pub2,2,39.12175648702595,False,0,25.40918163672655,Hidden Gem
CD007784_pub3_data__A56,CD007784,83,A,-0.340839,0.161692,False,5,4249,10.1002/14651858.CD007784.pub3,9,79.84031936127745,False,0,41.876247504990026,Moderate
CD007569_pub4_data__A1,CD007569,83,A,0.22505,0.270587,False,19,1477,10.1002/14651858.CD007569.pub4,19,96.10778443113772,False,0,38.74251497005988,Moderate
CD007491_pub3_data__A3,CD007491,83,A,-0.128728,0.861284,False,8,1757,10.1002/14651858.CD007491.pub3,30,98.40319361277446,False,0,40.69860279441118,Moderate
CD007569_pub4_data__A2,CD007569,83,A,-0.417607,0.602889,False,7,675,10.1002/14651858.CD007569.pub4,19,96.10778443113772,False,0,38.74251497005988,Moderate
CD013614_pub2_data__A36,CD013614,83,A,-0.092407,0.601226,False,5,816,10.1002/14651858.CD013614.pub2,2,39.12175648702595,False,0,25.449101796407188,Hidden Gem
CD015215_pub2_data__A48,CD015215,83,A,-0.036149,0.958213,False,9,1485,10.1002/14651858.CD015215.pub2,11,84.83033932135729,False,0,43.802395209580844,Moderate
CD015215_pub2_data__A50,CD015215,83,A,-0.019052,0.978005,False,9,2334,10.1002/14651858.CD015215.pub2,11,84.83033932135729,False,0,43.802395209580844,Moderate
CD013614_pub2_data__A26,CD013614,83,A,0.105568,0.448071,False,9,1630,10.1002/14651858.CD013614.pub2,2,39.12175648702595,False,0,25.449101796407188,Hidden Gem
CD011885_pub2_data__A6,CD011885,83,A,-0.101635,0.750033,False,8,1192,10.1002/14651858.CD011885.pub2,0,9.68063872255489,False,0,13.79241516966068,Hidden Gem
CD006257_pub2_data__A8,CD006257,83,A,0.252169,0.115018,False,8,2542,10.1002/14651858.CD006257.pub2,10,82.83433133732535,False,0,40.91816367265469,Moderate
CD013726_pub2_data__A4,CD013726,83,A,0.570901,0.10044,False,10,742,10.1002/14651858.CD013726.pub2,3,49.101796407185624,False,0,23.78243512974052,Hidden Gem
CD012712_pub2_data__A6,CD012712,83,A,-0.218411,0.021938,True,40,9349,10.1002/14651858.CD012712.pub2,10,82.83433133732535,True,0,61.427145708582835,Safe
CD012712_pub2_data__A8,CD012712,83,A,-0.132629,0.196659,False,7,2143,10.1002/14651858.CD012712.pub2,10,82.83433133732535,True,0,61.427145708582835,Safe
CD006536_pub5_data__A20,CD006536,83,A,-0.245145,0.696166,False,11,611,10.1002/14651858.CD006536.pub5,0,9.68063872255489,False,0,12.86427145708583,Hidden Gem
CD011885_pub2_data__A7,CD011885,83,A,0.201458,0.490694,False,10,1095,10.1002/14651858.CD011885.pub2,0,9.68063872255489,False,0,13.79241516966068,Hidden Gem
CD006536_pub5_data__A10,CD006536,83,A,-0.305511,0.627183,False,11,740,10.1002/14651858.CD006536.pub5,0,9.68063872255489,False,0,12.86427145708583,Hidden Gem
CD007895_pub3_data__A2,CD007895,83,A,0.032225,0.973235,False,5,882,10.1002/14651858.CD007895.pub3,1,26.34730538922156,False,0,11.876247504990022,Hidden Gem
CD004307_pub7_data__A1,CD004307,83,A,0.581527,0.0,True,55,22245,10.1002/14651858.CD004307.pub7,9,79.84031936127745,False,0,32.64471057884232,Moderate
CD007784_pub3_data__A61,CD007784,83,A,-0.102565,0.837327,False,17,845,10.1002/14651858.CD007784.pub3,9,79.84031936127745,False,0,41.876247504990026,Moderate
CD007784_pub3_data__A57,CD007784,83,A,0.054947,0.839935,False,9,1267,10.1002/14651858.CD007784.pub3,9,79.84031936127745,False,0,41.876247504990026,Moderate
CD009298_pub3_data__A17,CD009298,83,A,-0.212193,0.172088,False,6,1002,10.1002/14651858.CD009298.pub3,0,9.68063872255489,False,0,13.742514970059881,Hidden Gem
CD009298_pub3_data__A18,CD009298,83,A,-0.191271,0.196373,False,8,1002,10.1002/14651858.CD009298.pub3,0,9.68063872255489,False,0,13.742514970059881,Hidden Gem
CD005951_pub5_data__A5,CD005951,83,A,-0.04773,0.670936,False,17,4600,10.1002/14651858.CD005951.pub5,7,73.05389221556887,False,0,35.17964071856288,Moderate
CD009298_pub3_data__A2,CD009298,83,A,-0.149041,0.299833,False,8,1002,10.1002/14651858.CD009298.pub3,0,9.68063872255489,False,0,13.742514970059881,Hidden Gem
CD013830_pub2_data__A17,CD013830,83,A,-0.160614,0.129977,False,7,2201,10.1002/14651858.CD013830.pub2,15,91.81636726546905,True,0,65.43912175648703,Safe
CD010216_pub9_data__A6,CD010216,83,A,-0.143093,0.846465,False,8,785,10.1002/14651858.CD010216.pub9,22,96.8063872255489,True,0,66.84630738522955,Safe
CD010216_pub9_data__A9,CD010216,83,A,-0.503886,0.501092,False,8,1348,10.1002/14651858.CD010216.pub9,22,96.8063872255489,True,0,66.84630738522955,Safe
CD010290_pub4_data__A11,CD010290,83,A,0.382985,0.047363,True,7,1783,10.1002/14651858.CD010290.pub4,2,39.12175648702595,False,0,23.433133732534934,Hidden Gem
CD010145_pub2_data__A21,CD010145,83,A,-1.312413,0.0,True,12,3282,10.1002/14651858.CD010145.pub2,2,39.12175648702595,False,0,24.361277445109785,Hidden Gem
CD005133_pub4_data__A5,CD005133,83,A,0.198552,0.123501,False,19,2269,10.1002/14651858.CD005133.pub4,0,9.68063872255489,False,0,9.121756487025948,Hidden Gem
CD010216_pub9_data__A10,CD010216,83,A,-0.185104,0.846805,False,5,654,10.1002/14651858.CD010216.pub9,22,96.8063872255489,True,0,66.84630738522955,Safe
CD005951_pub5_data__A2,CD005951,83,A,-0.212877,0.157338,False,14,3275,10.1002/14651858.CD005951.pub5,7,73.05389221556887,False,0,35.17964071856288,Moderate
CD016211_data__A4,CD016211,83,A,0.160473,0.64905,False,5,42371,10.1002/14651858.CD016211,0,9.68063872255489,False,0,12.165668662674651,Hidden Gem
CD010216_pub9_data__A8,CD010216,83,A,-0.146077,0.852991,False,6,772,10.1002/14651858.CD010216.pub9,22,96.8063872255489,True,0,66.84630738522955,Safe
CD009749_pub3_data__A4,CD009749,83,A,0.372001,0.361534,False,12,755,10.1002/14651858.CD009749.pub3,7,73.05389221556887,False,0,34.47105788423154,Moderate
CD001155_pub3_data__A4,CD001155,83,A,-0.199371,0.000215,True,78,66048,10.1002/14651858.CD001155.pub3,0,9.68063872255489,False,0,9.121756487025948,Hidden Gem
CD016058_pub2_data__A1,CD016058,83,A,0.396401,0.000346,True,10,4969,10.1002/14651858.CD016058.pub2,0,9.68063872255489,False,0,8.013972055888225,Hidden Gem
CD010216_pub9_data__A5,CD010216,83,A,-0.062282,0.942562,False,6,575,10.1002/14651858.CD010216.pub9,22,96.8063872255489,True,0,66.84630738522955,Safe
CD014792_pub2_data__A2,CD014792,83,A,-0.162731,0.451303,False,5,767,10.1002/14651858.CD014792.pub2,6,68.76247504990019,False,0,32.75449101796407,Moderate
CD014792_pub2_data__A6,CD014792,83,A,-0.410685,0.197754,False,7,691,10.1002/14651858.CD014792.pub2,6,68.76247504990019,False,0,32.75449101796407,Moderate
CD005595_pub4_data__A9,CD005595,83,A,-0.101871,0.876522,False,10,872,10.1002/14651858.CD005595.pub4,8,76.14770459081836,False,0,37.24550898203593,Moderate
CD015804_pub2_data__A2,CD015804,83,A,-0.131283,0.582731,False,7,2658,10.1002/14651858.CD015804.pub2,10,82.83433133732535,False,0,39.590818363273456,Moderate
CD011600_pub3_data__A15,CD011600,83,A,-0.048915,0.152323,False,9,29292,10.1002/14651858.CD011600.pub3,14,90.31936127744511,False,0,45.389221556886234,Moderate
CD011600_pub3_data__A2,CD011600,83,A,-0.468133,0.502563,False,9,29262,10.1002/14651858.CD011600.pub3,14,90.31936127744511,False,0,45.389221556886234,Moderate
CD011600_pub3_data__A24,CD011600,83,A,-0.696653,0.432563,False,6,25198,10.1002/14651858.CD011600.pub3,14,90.31936127744511,False,0,45.389221556886234,Moderate
CD011600_pub3_data__A18,CD011600,83,A,-0.485061,0.578413,False,6,14632,10.1002/14651858.CD011600.pub3,14,90.31936127744511,False,0,45.389221556886234,Moderate
CD011600_pub3_data__A19,CD011600,83,A,-0.46454,0.505809,False,9,21172,10.1002/14651858.CD011600.pub3,14,90.31936127744511,False,0,45.389221556886234,Moderate
CD011600_pub3_data__A9,CD011600,83,A,-0.490209,0.483251,False,9,26226,10.1002/14651858.CD011600.pub3,14,90.31936127744511,False,0,45.389221556886234,Moderate
CD011762_pub2_data__A13,CD011762,83,A,-0.29945,0.00295,True,16,4044,10.1002/14651858.CD011762.pub2,3,49.101796407185624,False,0,26.686626746506988,Hidden Gem
CD011600_pub3_data__A13,CD011600,83,A,-0.696644,0.432568,False,6,25228,10.1002/14651858.CD011600.pub3,14,90.31936127744511,False,0,45.389221556886234,Moderate
CD011197_pub3_data__A2,CD011197,83,A,0.238412,0.538731,False,10,825,10.1002/14651858.CD011197.pub3,16,93.21357285429141,False,0,45.578842315369265,Moderate
CD014960_pub2_data__A1,CD014960,83,A,0.444219,0.261878,False,5,715,10.1002/14651858.CD014960.pub2,11,84.83033932135729,False,0,38.57285429141717,Moderate
CD011600_pub3_data__A1,CD011600,83,A,-0.468133,0.502563,False,9,29262,10.1002/14651858.CD011600.pub3,14,90.31936127744511,False,0,45.389221556886234,Moderate
CD011600_pub3_data__A26,CD011600,83,A,0.007497,0.973086,False,6,25198,10.1002/14651858.CD011600.pub3,14,90.31936127744511,False,0,45.389221556886234,Moderate
CD011600_pub3_data__A6,CD011600,83,A,-0.596416,0.460226,False,7,26730,10.1002/14651858.CD011600.pub3,14,90.31936127744511,False,0,45.389221556886234,Moderate
CD004661_pub4_data__A16,CD004661,83,A,0.214119,0.123582,False,6,7253,10.1002/14651858.CD004661.pub4,16,93.21357285429141,False,0,46.467065868263475,Moderate
CD014967_pub2_data__A4,CD014967,83,A,0.584955,0.073654,False,13,932,10.1002/14651858.CD014967.pub2,12,86.42714570858283,False,0,42.19560878243513,Moderate
CD014967_pub2_data__A5,CD014967,83,A,0.056461,0.886735,False,6,659,10.1002/14651858.CD014967.pub2,12,86.42714570858283,False,0,42.19560878243513,Moderate
CD014967_pub2_data__A6,CD014967,83,A,-0.247812,0.214388,False,9,926,10.1002/14651858.CD014967.pub2,12,86.42714570858283,False,0,42.19560878243513,Moderate
CD013758_pub2_data__A25,CD013758,83,A,-0.060552,0.930129,False,9,1227,10.1002/14651858.CD013758.pub2,5,63.57285429141717,False,0,34.5309381237525,Moderate
CD013758_pub2_data__A8,CD013758,83,A,0.094526,0.466135,False,7,3832,10.1002/14651858.CD013758.pub2,5,63.57285429141717,False,0,34.5309381237525,Moderate
CD013758_pub2_data__A9,CD013758,83,A,0.46483,0.426982,False,5,1346,10.1002/14651858.CD013758.pub2,5,63.57285429141717,False,0,34.5309381237525,Moderate
CD013789_pub2_data__A14,CD013789,83,A,-0.069458,0.925097,False,8,505,10.1002/14651858.CD013789.pub2,16,93.21357285429141,False,0,45.998003992015974,Moderate
CD013758_pub2_data__A23,CD013758,83,A,-0.060552,0.930129,False,9,1227,10.1002/14651858.CD013758.pub2,5,63.57285429141717,False,0,34.5309381237525,Moderate
CD011885_pub2_data__A4,CD011885,83,A,-0.308757,0.414152,False,8,907,10.1002/14651858.CD011885.pub2,0,9.68063872255489,False,0,13.79241516966068,Hidden Gem
CD015673_pub2_data__A1,CD015673,83,A,0.190519,0.207146,False,8,2041,10.1002/14651858.CD015673.pub2,5,63.57285429141717,False,0,31.3872255489022,Moderate
CD011762_pub2_data__A7,CD011762,83,A,-0.143873,0.0,True,93,145533,10.1002/14651858.CD011762.pub2,3,49.101796407185624,False,0,26.686626746506988,Hidden Gem
CD015673_pub2_data__A6,CD015673,83,A,0.329514,0.347555,False,6,1673,10.1002/14651858.CD015673.pub2,5,63.57285429141717,False,0,31.3872255489022,Moderate
CD015536_pub2_data__A4,CD015536,83,A,-0.200344,0.120643,False,28,3475,10.1002/14651858.CD015536.pub2,0,9.68063872255489,False,0,9.121756487025948,Hidden Gem
CD011866_pub3_data__A8,CD011866,83,A,-0.161966,0.805126,False,10,885,10.1002/14651858.CD011866.pub3,13,88.32335329341318,False,0,40.57884231536926,Moderate
CD015536_pub2_data__A8,CD015536,83,A,-0.128991,0.529693,False,21,2297,10.1002/14651858.CD015536.pub2,0,9.68063872255489,False,0,9.121756487025948,Hidden Gem
CD013758_pub2_data__A13,CD013758,83,A,-0.724622,0.381325,False,6,564,10.1002/14651858.CD013758.pub2,5,63.57285429141717,False,0,34.5309381237525,Moderate
CD001909_pub4_data__A7,CD001909,83,A,0.164125,0.288045,False,5,1386,10.1002/14651858.CD001909.pub4,3,49.101796407185624,False,0,23.093812375249502,Hidden Gem
CD001155_pub3_data__A2,CD001155,82,A,-0.08039,1.5e-05,True,494,245137,10.1002/14651858.CD001155.pub3,0,9.68063872255489,False,0,9.121756487025948,Hidden Gem
CD009679_pub3_data__A3,CD009679,82,A,0.149457,0.761352,False,9,506,10.1002/14651858.CD009679.pub3,4,57.48502994011976,False,0,29.451097804391217,Hidden Gem
CD014666_pub2_data__A2,CD014666,82,A,-0.169854,0.173266,False,31,6269,10.1002/14651858.CD014666.pub2,11,84.83033932135729,False,0,35.96806387225549,Moderate
CD010290_pub4_data__A5,CD010290,82,A,0.138502,0.289303,False,11,2089,10.1002/14651858.CD010290.pub4,2,39.12175648702595,False,0,23.433133732534934,Hidden Gem
CD016278_data__A5,CD016278,82,A,-0.139129,0.1942,False,5,15740,10.1002/14651858.CD016278,3,49.101796407185624,False,0,27.5748502994012,Hidden Gem
CD011858_pub2_data__A2,CD011858,82,A,-0.17896,0.542466,False,14,934,10.1002/14651858.CD011858.pub2,9,79.84031936127745,False,0,39.28143712574851,Moderate
CD010966_pub4_data__A9,CD010966,82,A,-0.036789,0.953768,False,11,3377,10.1002/14651858.CD010966.pub4,8,76.14770459081836,False,0,39.560878243512974,Moderate
CD011044_pub3_data__A5,CD011044,82,A,0.41927,0.00021,True,41,9374,10.1002/14651858.CD011044.pub3,12,86.42714570858283,False,0,39.82035928143712,Moderate
CD011044_pub3_data__A9,CD011044,82,A,0.162789,0.602914,False,15,2882,10.1002/14651858.CD011044.pub3,12,86.42714570858283,False,0,39.82035928143712,Moderate
CD011044_pub3_data__A3,CD011044,82,A,0.59325,0.0,True,40,8010,10.1002/14651858.CD011044.pub3,12,86.42714570858283,False,0,39.82035928143712,Moderate
CD001909_pub4_data__A3,CD001909,82,A,0.711401,0.004547,True,24,2874,10.1002/14651858.CD001909.pub4,3,49.101796407185624,False,0,23.093812375249502,Hidden Gem
CD016278_data__A3,CD016278,82,A,-0.425353,0.613552,False,6,15858,10.1002/14651858.CD016278,3,49.101796407185624,False,0,27.5748502994012,Hidden Gem
CD009679_pub3_data__A8,CD009679,82,A,0.326551,0.355239,False,8,548,10.1002/14651858.CD009679.pub3,4,57.48502994011976,False,0,29.451097804391217,Hidden Gem
CD013539_pub2_data__A1,CD013539,82,A,-0.038978,0.954866,False,9,4941,10.1002/14651858.CD013539.pub2,1,26.34730538922156,False,0,16.497005988023954,Hidden Gem
CD014722_pub2_data__A13,CD014722,82,A,-0.069971,0.902139,False,13,2905,10.1002/14651858.CD014722.pub2,14,90.31936127744511,False,0,44.61077844311377,Moderate
CD004376_pub4_data__A6,CD004376,82,A,0.388112,0.005084,True,48,10971,10.1002/14651858.CD004376.pub4,31,98.60279441117764,False,0,42.14570858283433,Moderate
CD013631_pub2_data__A3,CD013631,82,A,-0.007357,0.990181,False,12,521,10.1002/14651858.CD013631.pub2,34,99.00199600798403,False,0,48.8622754491018,Moderate
CD003511_pub6_data__A4,CD003511,82,A,-0.174671,0.338396,False,7,1163,10.1002/14651858.CD003511.pub6,1,26.34730538922156,False,0,15.179640718562876,Hidden Gem
CD013631_pub2_data__A1,CD013631,82,A,-0.060844,0.915508,False,13,578,10.1002/14651858.CD013631.pub2,34,99.00199600798403,False,0,48.8622754491018,Moderate
CD015804_pub2_data__A8,CD015804,82,A,-0.065463,0.447012,False,8,3231,10.1002/14651858.CD015804.pub2,10,82.83433133732535,False,0,39.590818363273456,Moderate
CD001920_pub4_data__A8,CD001920,82,A,0.128257,0.810143,False,15,743,10.1002/14651858.CD001920.pub4,13,88.32335329341318,False,0,41.287425149700596,Moderate
CD008858_pub5_data__A3,CD008858,82,A,1.440163,0.0,True,48,312031,10.1002/14651858.CD008858.pub5,17,94.61077844311377,False,0,39.880239520958085,Moderate
CD011535_pub7_data__A9,CD011535,82,A,-0.620154,0.040702,True,10,8029,10.1002/14651858.CD011535.pub7,1,26.34730538922156,False,0,18.16367265469062,Hidden Gem
CD011858_pub2_data__A3,CD011858,82,A,-0.193427,0.430547,False,9,651,10.1002/14651858.CD011858.pub2,9,79.84031936127745,False,0,39.28143712574851,Moderate
CD011535_pub7_data__A11,CD011535,82,A,-0.488736,9e-06,True,50,41014,10.1002/14651858.CD011535.pub7,1,26.34730538922156,False,0,18.16367265469062,Hidden Gem
CD011535_pub7_data__A14,CD011535,82,A,1.269429,0.0,True,45,14920,10.1002/14651858.CD011535.pub7,1,26.34730538922156,False,0,18.16367265469062,Hidden Gem
CD011535_pub7_data__A1,CD011535,82,A,0.701776,0.0,True,64,25040,10.1002/14651858.CD011535.pub7,1,26.34730538922156,False,0,18.16367265469062,Hidden Gem
CD004661_pub4_data__A2,CD004661,82,A,-0.256101,0.0,True,70,64718,10.1002/14651858.CD004661.pub4,16,93.21357285429141,False,0,46.467065868263475,Moderate
CD008858_pub5_data__A2,CD008858,82,A,0.866058,0.0,True,72,405049,10.1002/14651858.CD008858.pub5,17,94.61077844311377,False,0,39.880239520958085,Moderate
CD008709_pub4_data__A20,CD008709,82,A,0.501643,0.017818,True,21,2475,10.1002/14651858.CD008709.pub4,12,86.42714570858283,False,0,42.86427145708583,Moderate
CD014966_pub2_data__A3,CD014966,82,A,-0.024584,0.127678,False,10,85971,10.1002/14651858.CD014966.pub2,2,39.12175648702595,False,0,16.98602794411178,Hidden Gem
CD003594_pub7_data__A4,CD003594,82,A,-0.109859,0.67068,False,24,1520,10.1002/14651858.CD003594.pub7,3,49.101796407185624,False,0,23.093812375249502,Hidden Gem
CD003594_pub7_data__A6,CD003594,82,A,-0.258204,0.168126,False,11,1081,10.1002/14651858.CD003594.pub7,3,49.101796407185624,False,0,23.093812375249502,Hidden Gem
CD013366_pub2_data__A2,CD013366,82,A,-0.16439,0.156296,False,22,3750,10.1002/14651858.CD013366.pub2,10,82.83433133732535,False,0,40.47904191616767,Moderate
CD003511_pub6_data__A1,CD003511,82,A,-0.152071,0.263847,False,8,1276,10.1002/14651858.CD003511.pub6,1,26.34730538922156,False,0,15.179640718562876,Hidden Gem
CD013396_pub2_data__A2,CD013396,82,A,-0.191751,0.102738,False,15,6056,10.1002/14651858.CD013396.pub2,2,39.12175648702595,False,0,21.60678642714571,Hidden Gem
CD013614_pub2_data__A29,CD013614,82,A,2.110728,9e-06,True,17,3760,10.1002/14651858.CD013614.pub2,2,39.12175648702595,False,0,25.449101796407188,Hidden Gem
CD003511_pub6_data__A2,CD003511,82,A,-0.152071,0.263847,False,8,1276,10.1002/14651858.CD003511.pub6,1,26.34730538922156,False,0,15.179640718562876,Hidden Gem
CD003511_pub6_data__A3,CD003511,82,A,-0.152071,0.263847,False,8,1276,10.1002/14651858.CD003511.pub6,1,26.34730538922156,False,0,15.179640718562876,Hidden Gem
CD013631_pub2_data__A12,CD013631,82,A,0.480374,0.122243,False,10,508,10.1002/14651858.CD013631.pub2,34,99.00199600798403,False,0,48.8622754491018,Moderate
CD013366_pub2_data__A3,CD013366,82,A,-0.354,0.047683,True,14,2736,10.1002/14651858.CD013366.pub2,10,82.83433133732535,False,0,40.47904191616767,Moderate
CD013396_pub2_data__A6,CD013396,82,A,-0.05202,0.594309,False,9,4493,10.1002/14651858.CD013396.pub2,2,39.12175648702595,False,0,21.60678642714571,Hidden Gem
CD013425_pub2_data__A8,CD013425,82,A,1.558593,2.7e-05,True,25,5133,10.1002/14651858.CD013425.pub2,2,39.12175648702595,False,0,22.435129740518963,Hidden Gem
CD013539_pub2_data__A3,CD013539,82,A,-0.12179,0.898417,False,5,2783,10.1002/14651858.CD013539.pub2,1,26.34730538922156,False,0,16.497005988023954,Hidden Gem
CD013539_pub2_data__A6,CD013539,82,A,0.064761,0.110745,False,40,17297,10.1002/14651858.CD013539.pub2,1,26.34730538922156,False,0,16.497005988023954,Hidden Gem
CD003333_pub4_data__A2,CD003333,81,A,-0.232071,0.116807,False,5,4727,10.1002/14651858.CD003333.pub4,0,9.68063872255489,False,0,4.580838323353293,Hidden Gem
CD015373_pub2_data__A3,CD015373,81,A,-0.210181,0.72563,False,9,588,10.1002/14651858.CD015373.pub2,2,39.12175648702595,True,0,44.5309381237525,Moderate
CD013614_pub2_data__A3,CD013614,81,A,0.485491,0.097657,False,18,7282,10.1002/14651858.CD013614.pub2,2,39.12175648702595,False,0,25.449101796407188,Hidden Gem
CD016147_data__A1,CD016147,81,A,-0.26105,0.290167,False,7,841,10.1002/14651858.CD016147,2,39.12175648702595,False,0,22.105788423153694,Hidden Gem
CD004953_pub5_data__A13,CD004953,81,A,-0.051487,0.716044,False,12,1678,10.1002/14651858.CD004953.pub5,0,9.68063872255489,False,0,10.658682634730539,Hidden Gem
CD003598_pub3_data__A23,CD003598,81,A,0.25835,0.415213,False,10,791,10.1002/14651858.CD003598.pub3,2,39.12175648702595,False,0,25.309381237524953,Hidden Gem
CD004953_pub5_data__A5,CD004953,81,A,-0.101393,0.470236,False,13,1505,10.1002/14651858.CD004953.pub5,0,9.68063872255489,False,0,10.658682634730539,Hidden Gem
CD003598_pub3_data__A20,CD003598,81,A,0.300767,0.396675,False,9,550,10.1002/14651858.CD003598.pub3,2,39.12175648702595,False,0,25.309381237524953,Hidden Gem
CD004953_pub5_data__A9,CD004953,81,A,0.043614,0.653587,False,17,2492,10.1002/14651858.CD004953.pub5,0,9.68063872255489,False,0,10.658682634730539,Hidden Gem
CD010216_pub9_data__A11,CD010216,81,A,0.204984,0.238262,False,7,1227,10.1002/14651858.CD010216.pub9,22,96.8063872255489,True,0,66.84630738522955,Safe
CD013613_pub2_data__A2,CD013613,81,A,0.052918,0.943189,False,8,540,10.1002/14651858.CD013613.pub2,3,49.101796407185624,False,0,26.986027944111775,Hidden Gem
CD006982_pub5_data__A5,CD006982,81,A,-0.1618,0.865915,False,5,550,10.1002/14651858.CD006982.pub5,2,39.12175648702595,True,0,38.35329341317365,Moderate
CD006982_pub5_data__A1,CD006982,81,A,0.023074,0.975068,False,8,833,10.1002/14651858.CD006982.pub5,2,39.12175648702595,True,0,38.35329341317365,Moderate
CD007026_pub7_data__A6,CD007026,81,A,0.084606,0.683522,False,5,1607,10.1002/14651858.CD007026.pub7,10,82.83433133732535,False,0,35.83832335329341,Moderate
CD003598_pub3_data__A13,CD003598,81,A,0.431912,0.143108,False,19,993,10.1002/14651858.CD003598.pub3,2,39.12175648702595,False,0,25.309381237524953,Hidden Gem
CD007156_pub3_data__A4,CD007156,81,A,-1.298839,0.015027,True,4,446,10.1002/14651858.CD007156.pub3,4,57.48502994011976,False,0,25.69860279441118,Hidden Gem
CD013425_pub2_data__A10,CD013425,81,A,-1.342911,0.000988,True,15,3939,10.1002/14651858.CD013425.pub2,2,39.12175648702595,False,0,22.435129740518963,Hidden Gem
CD013425_pub2_data__A7,CD013425,81,A,1.094926,0.030862,True,10,4807,10.1002/14651858.CD013425.pub2,2,39.12175648702595,False,0,22.435129740518963,Hidden Gem
CD013758_pub2_data__A11,CD013758,81,A,-0.188437,0.507659,False,8,701,10.1002/14651858.CD013758.pub2,5,63.57285429141717,False,0,34.5309381237525,Moderate
CD006257_pub2_data__A7,CD006257,81,A,-0.196107,0.026429,True,21,14836,10.1002/14651858.CD006257.pub2,10,82.83433133732535,False,0,40.91816367265469,Moderate
CD015532_data__A10,CD015532,81,A,-0.448136,0.022415,True,6,1274,10.1002/14651858.CD015532,3,49.101796407185624,False,0,27.5748502994012,Hidden Gem
CD012426_pub2_data__A1,CD012426,81,A,-0.156786,0.119929,False,5,2696,10.1002/14651858.CD012426.pub2,0,9.68063872255489,False,0,5.908183632734531,Hidden Gem
CD015524_pub2_data__A5,CD015524,81,A,-0.144912,0.739633,False,17,1749,10.1002/14651858.CD015524.pub2,1,26.34730538922156,True,0,40.199600798403196,Moderate
CD013748_pub2_data__A4,CD013748,81,A,-0.701437,0.008115,True,10,604,10.1002/14651858.CD013748.pub2,0,9.68063872255489,False,0,7.325349301397207,Hidden Gem
CD015524_pub2_data__A6,CD015524,81,A,-0.005479,0.992042,False,14,1189,10.1002/14651858.CD015524.pub2,1,26.34730538922156,True,0,40.199600798403196,Moderate
CD013726_pub2_data__A6,CD013726,81,A,-0.059126,0.892438,False,14,1067,10.1002/14651858.CD013726.pub2,3,49.101796407185624,False,0,23.78243512974052,Hidden Gem
CD015192_pub2_data__A4,CD015192,81,A,0.286443,0.651247,False,5,1034,10.1002/14651858.CD015192.pub2,1,26.34730538922156,False,0,13.243512974051898,Hidden Gem
CD015524_pub2_data__A1,CD015524,81,A,0.249684,0.65795,False,10,1448,10.1002/14651858.CD015524.pub2,1,26.34730538922156,True,0,40.199600798403196,Moderate
CD007809_pub3_data__A6,CD007809,81,A,0.28391,0.558448,False,9,1029,10.1002/14651858.CD007809.pub3,2,39.12175648702595,False,0,24.13173652694611,Hidden Gem
CD003774_pub5_data__A9,CD003774,81,A,-0.028864,0.865385,False,26,3986,10.1002/14651858.CD003774.pub5,13,88.32335329341318,False,0,43.26347305389221,Moderate
CD007388_pub3_data__A4,CD007388,81,A,-0.616697,0.037837,True,11,1304,10.1002/14651858.CD007388.pub3,6,68.76247504990019,False,0,35.28942115768463,Moderate
CD007310_pub3_data__A9,CD007310,81,A,0.590591,0.013825,True,21,3146,10.1002/14651858.CD007310.pub3,0,9.68063872255489,False,0,11.497005988023954,Hidden Gem
CD006023_pub4_data__A5,CD006023,81,A,0.049513,0.576482,False,67,12688,10.1002/14651858.CD006023.pub4,1,26.34730538922156,False,0,19.9500998003992,Hidden Gem
CD006023_pub4_data__A21,CD006023,81,A,-0.05599,0.896563,False,16,2181,10.1002/14651858.CD006023.pub4,1,26.34730538922156,False,0,19.9500998003992,Hidden Gem
CD008469_pub3_data__A3,CD008469,81,A,-0.252523,0.770343,False,6,1261,10.1002/14651858.CD008469.pub3,0,9.68063872255489,False,0,6.57684630738523,Hidden Gem
CD015524_pub2_data__A3,CD015524,81,A,0.952274,0.085816,False,11,1020,10.1002/14651858.CD015524.pub2,1,26.34730538922156,True,0,40.199600798403196,Moderate
CD013789_pub2_data__A11,CD013789,81,A,0.017578,0.975462,False,13,856,10.1002/14651858.CD013789.pub2,16,93.21357285429141,False,0,45.998003992015974,Moderate
CD004661_pub4_data__A19,CD004661,81,A,-0.08147,0.207177,False,8,10638,10.1002/14651858.CD004661.pub4,16,93.21357285429141,False,0,46.467065868263475,Moderate
CD011885_pub2_data__A3,CD011885,81,A,0.520778,0.241985,False,6,847,10.1002/14651858.CD011885.pub2,0,9.68063872255489,False,0,13.79241516966068,Hidden Gem
CD008469_pub3_data__A2,CD008469,81,A,-0.371389,0.616836,False,8,1328,10.1002/14651858.CD008469.pub3,0,9.68063872255489,False,0,6.57684630738523,Hidden Gem
CD011535_pub7_data__A2,CD011535,81,A,0.139914,0.519058,False,17,1524,10.1002/14651858.CD011535.pub7,1,26.34730538922156,False,0,18.16367265469062,Hidden Gem
CD013816_pub2_data__A1,CD013816,81,A,-0.09751,0.875668,False,8,2109,10.1002/14651858.CD013816.pub2,3,49.101796407185624,False,0,27.764471057884233,Hidden Gem
CD013789_pub2_data__A2,CD013789,81,A,0.011525,0.983911,False,13,848,10.1002/14651858.CD013789.pub2,16,93.21357285429141,False,0,45.998003992015974,Moderate
CD013789_pub2_data__A4,CD013789,81,A,0.018273,0.974493,False,13,856,10.1002/14651858.CD013789.pub2,16,93.21357285429141,False,0,45.998003992015974,Moderate
CD013789_pub2_data__A5,CD013789,81,A,0.014904,0.979194,False,13,854,10.1002/14651858.CD013789.pub2,16,93.21357285429141,False,0,45.998003992015974,Moderate
CD013789_pub2_data__A19,CD013789,81,A,0.016222,0.977354,False,13,856,10.1002/14651858.CD013789.pub2,16,93.21357285429141,False,0,45.998003992015974,Moderate
CD004661_pub4_data__A20,CD004661,81,A,-0.059954,0.536448,False,6,8930,10.1002/14651858.CD004661.pub4,16,93.21357285429141,False,0,46.467065868263475,Moderate
CD014966_pub2_data__A2,CD014966,81,A,-0.354589,0.682392,False,6,238937,10.1002/14651858.CD014966.pub2,2,39.12175648702595,False,0,16.98602794411178,Hidden Gem
CD004661_pub4_data__A3,CD004661,81,A,-0.157496,5e-06,True,55,50946,10.1002/14651858.CD004661.pub4,16,93.21357285429141,False,0,46.467065868263475,Moderate
CD013789_pub2_data__A17,CD013789,81,A,0.019574,0.972677,False,13,854,10.1002/14651858.CD013789.pub2,16,93.21357285429141,False,0,45.998003992015974,Moderate
CD006023_pub4_data__A6,CD006023,81,A,-0.107936,0.290655,False,81,11781,10.1002/14651858.CD006023.pub4,1,26.34730538922156,False,0,19.9500998003992,Hidden Gem
CD002042_pub6_data__A20,CD002042,81,A,-0.019431,0.838978,False,39,23968,10.1002/14651858.CD002042.pub6,2,39.12175648702595,False,0,25.219560878243513,Hidden Gem
CD011535_pub7_data__A10,CD011535,81,A,-0.772082,0.0,True,47,35317,10.1002/14651858.CD011535.pub7,1,26.34730538922156,False,0,18.16367265469062,Hidden Gem
CD013816_pub2_data__A14,CD013816,81,A,0.348147,0.338217,False,5,1828,10.1002/14651858.CD013816.pub2,3,49.101796407185624,False,0,27.764471057884233,Hidden Gem
CD009362_pub4_data__A2,CD009362,81,A,-0.544307,0.001351,True,47,11030,10.1002/14651858.CD009362.pub4,5,63.57285429141717,False,0,26.76646706586827,Hidden Gem
CD011120_pub3_data__A1,CD011120,81,A,0.314161,0.052054,False,19,4145,10.1002/14651858.CD011120.pub3,5,63.57285429141717,False,0,26.13772455089821,Hidden Gem
CD005951_pub5_data__A3,CD005951,81,A,0.032754,0.826689,False,8,2881,10.1002/14651858.CD005951.pub5,7,73.05389221556887,False,0,35.17964071856288,Moderate
CD015854_data__A6,CD015854,81,A,-0.653327,0.12043,False,13,527,10.1002/14651858.CD015854,0,9.68063872255489,False,0,9.121756487025948,Hidden Gem
CD006023_pub4_data__A20,CD006023,81,A,-0.025564,0.929246,False,32,4100,10.1002/14651858.CD006023.pub4,1,26.34730538922156,False,0,19.9500998003992,Hidden Gem
CD006023_pub4_data__A16,CD006023,81,A,-0.157475,0.555822,False,14,1504,10.1002/14651858.CD006023.pub4,1,26.34730538922156,False,0,19.9500998003992,Hidden Gem
CD006023_pub4_data__A15,CD006023,81,A,0.229364,0.259818,False,17,2047,10.1002/14651858.CD006023.pub4,1,26.34730538922156,False,0,19.9500998003992,Hidden Gem
CD006023_pub4_data__A14,CD006023,81,A,-0.055015,0.821344,False,21,2365,10.1002/14651858.CD006023.pub4,1,26.34730538922156,False,0,19.9500998003992,Hidden Gem
CD014855_pub2_data__A2,CD014855,81,A,0.749602,0.003479,True,18,1818,10.1002/14651858.CD014855.pub2,0,9.68063872255489,False,0,6.57684630738523,Hidden Gem
CD009298_pub3_data__A1,CD009298,81,A,-0.16765,0.271655,False,6,1002,10.1002/14651858.CD009298.pub3,0,9.68063872255489,False,0,13.742514970059881,Hidden Gem
CD015854_data__A1,CD015854,81,A,-0.489305,0.091171,False,16,596,10.1002/14651858.CD015854,0,9.68063872255489,False,0,9.121756487025948,Hidden Gem
CD014869_pub2_data__A6,CD014869,81,A,-0.225377,0.474602,False,8,1364,10.1002/14651858.CD014869.pub2,0,9.68063872255489,False,0,7.325349301397207,Hidden Gem
CD006023_pub4_data__A11,CD006023,81,A,-0.182258,0.339986,False,18,4801,10.1002/14651858.CD006023.pub4,1,26.34730538922156,False,0,19.9500998003992,Hidden Gem
CD006023_pub4_data__A12,CD006023,81,A,0.000647,0.998131,False,14,1471,10.1002/14651858.CD006023.pub4,1,26.34730538922156,False,0,19.9500998003992,Hidden Gem
CD006023_pub4_data__A8,CD006023,81,A,0.286245,0.128294,False,30,5916,10.1002/14651858.CD006023.pub4,1,26.34730538922156,False,0,19.9500998003992,Hidden Gem
CD005566_pub4_data__A5,CD005566,81,A,-0.138371,0.167121,False,86,19148,10.1002/14651858.CD005566.pub4,6,68.76247504990019,False,0,33.46307385229541,Moderate
CD013816_pub2_data__A3,CD013816,81,A,-0.005728,0.994268,False,6,1858,10.1002/14651858.CD013816.pub2,3,49.101796407185624,False,0,27.764471057884233,Hidden Gem
CD013816_pub2_data__A4,CD013816,81,A,-0.180019,0.791428,False,7,2029,10.1002/14651858.CD013816.pub2,3,49.101796407185624,False,0,27.764471057884233,Hidden Gem
CD015854_data__A2,CD015854,81,A,-0.084418,0.76037,False,14,563,10.1002/14651858.CD015854,0,9.68063872255489,False,0,9.121756487025948,Hidden Gem
CD010966_pub4_data__A16,CD010966,81,A,-0.205472,0.001196,True,69,10165,10.1002/14651858.CD010966.pub4,8,76.14770459081836,False,0,39.560878243512974,Moderate
CD016031_data__A9,CD016031,81,A,-0.122135,0.428603,False,8,1798,10.1002/14651858.CD016031,2,39.12175648702595,False,0,24.13173652694611,Hidden Gem
CD014811_pub2_data__A1,CD014811,81,A,0.005524,0.994043,False,8,875,10.1002/14651858.CD014811.pub2,6,68.76247504990019,False,0,29.54091816367265,Hidden Gem
CD014811_pub2_data__A5,CD014811,81,A,0.066606,0.7249,False,5,901,10.1002/14651858.CD014811.pub2,6,68.76247504990019,False,0,29.54091816367265,Hidden Gem
CD013816_pub2_data__A7,CD013816,81,A,0.061816,0.86319,False,6,1736,10.1002/14651858.CD013816.pub2,3,49.101796407185624,False,0,27.764471057884233,Hidden Gem
CD005133_pub4_data__A4,CD005133,81,A,0.018435,0.955005,False,13,1238,10.1002/14651858.CD005133.pub4,0,9.68063872255489,False,0,9.121756487025948,Hidden Gem
CD009679_pub3_data__A7,CD009679,81,A,0.100031,0.805942,False,11,855,10.1002/14651858.CD009679.pub3,4,57.48502994011976,False,0,29.451097804391217,Hidden Gem
CD005133_pub4_data__A7,CD005133,81,A,0.093878,0.84866,False,9,977,10.1002/14651858.CD005133.pub4,0,9.68063872255489,False,0,9.121756487025948,Hidden Gem
CD010145_pub2_data__A2,CD010145,81,A,-1.221929,1e-06,True,12,1494,10.1002/14651858.CD010145.pub2,2,39.12175648702595,False,0,24.361277445109785,Hidden Gem
CD015749_pub2_data__A2,CD015749,80,A,0.048195,0.867717,False,6,536,10.1002/14651858.CD015749.pub2,2,39.12175648702595,False,0,19.79041916167665,Hidden Gem
CD015751_pub2_data__A3,CD015751,80,A,-0.455862,0.604742,False,6,364,10.1002/14651858.CD015751.pub2,3,49.101796407185624,False,0,22.345309381237527,Hidden Gem
CD009749_pub3_data__A8,CD009749,80,A,1.265642,0.035489,True,10,879,10.1002/14651858.CD009749.pub3,7,73.05389221556887,False,0,34.47105788423154,Moderate
CD015749_pub2_data__A1,CD015749,80,A,0.239244,0.74813,False,8,890,10.1002/14651858.CD015749.pub2,2,39.12175648702595,False,0,19.79041916167665,Hidden Gem
CD003774_pub5_data__A4,CD003774,80,A,-0.725649,0.0,True,90,11771,10.1002/14651858.CD003774.pub5,13,88.32335329341318,False,0,43.26347305389221,Moderate
CD013613_pub2_data__A15,CD013613,80,A,-0.016302,0.926789,False,6,637,10.1002/14651858.CD013613.pub2,3,49.101796407185624,False,0,26.986027944111775,Hidden Gem
CD014722_pub2_data__A20,CD014722,80,A,0.000458,0.999618,False,5,932,10.1002/14651858.CD014722.pub2,14,90.31936127744511,False,0,44.61077844311377,Moderate
CD014722_pub2_data__A19,CD014722,80,A,-0.014814,0.987614,False,5,1081,10.1002/14651858.CD014722.pub2,14,90.31936127744511,False,0,44.61077844311377,Moderate
CD011689_pub4_data__A9,CD011689,80,A,-0.013557,0.915127,False,249,125931,10.1002/14651858.CD011689.pub4,1,26.34730538922156,False,0,18.662674650698605,Hidden Gem
CD011689_pub4_data__A8,CD011689,80,A,-0.021635,0.845283,False,328,206636,10.1002/14651858.CD011689.pub4,1,26.34730538922156,False,0,18.662674650698605,Hidden Gem
CD011689_pub4_data__A4,CD011689,80,A,0.08158,0.505991,False,36,170037,10.1002/14651858.CD011689.pub4,1,26.34730538922156,False,0,18.662674650698605,Hidden Gem
CD013541_pub2_data__A8,CD013541,80,A,-0.180309,0.851564,False,5,289,10.1002/14651858.CD013541.pub2,11,84.83033932135729,False,0,39.18163672654691,Moderate
CD012586_pub2_data__A5,CD012586,80,A,-0.135788,0.048252,True,50,14849,10.1002/14651858.CD012586.pub2,4,57.48502994011976,False,0,28.243512974051896,Hidden Gem
CD014722_pub2_data__A14,CD014722,80,A,-0.052128,0.940088,False,9,886,10.1002/14651858.CD014722.pub2,14,90.31936127744511,False,0,44.61077844311377,Moderate
CD014722_pub2_data__A15,CD014722,80,A,-0.018864,0.984257,False,5,954,10.1002/14651858.CD014722.pub2,14,90.31936127744511,False,0,44.61077844311377,Moderate
CD014722_pub2_data__A6,CD014722,80,A,0.048062,0.944586,False,9,3232,10.1002/14651858.CD014722.pub2,14,90.31936127744511,False,0,44.61077844311377,Moderate
CD013396_pub2_data__A3,CD013396,80,A,-0.216226,0.047984,True,8,3256,10.1002/14651858.CD013396.pub2,2,39.12175648702595,False,0,21.60678642714571,Hidden Gem
CD006536_pub5_data__A11,CD006536,80,A,-0.164735,0.836688,False,7,338,10.1002/14651858.CD006536.pub5,0,9.68063872255489,False,0,12.86427145708583,Hidden Gem
CD007374_pub3_data__A19,CD007374,80,A,0.144972,0.880315,False,5,271,10.1002/14651858.CD007374.pub3,7,73.05389221556887,False,0,37.93413173652695,Moderate
CD008709_pub4_data__A1,CD008709,80,A,-0.19553,0.041599,True,27,4092,10.1002/14651858.CD008709.pub4,12,86.42714570858283,False,0,42.86427145708583,Moderate
CD011866_pub3_data__A1,CD011866,80,A,-0.290214,0.002159,True,48,6022,10.1002/14651858.CD011866.pub3,13,88.32335329341318,False,0,40.57884231536926,Moderate
CD011866_pub3_data__A9,CD011866,80,A,-0.273592,0.753596,False,6,366,10.1002/14651858.CD011866.pub3,13,88.32335329341318,False,0,40.57884231536926,Moderate
CD014722_pub2_data__A18,CD014722,80,A,0.028859,0.966719,False,9,1702,10.1002/14651858.CD014722.pub2,14,90.31936127744511,False,0,44.61077844311377,Moderate
CD011885_pub2_data__A1,CD011885,80,A,0.548537,0.05228,False,12,1330,10.1002/14651858.CD011885.pub2,0,9.68063872255489,False,0,13.79241516966068,Hidden Gem
CD004953_pub5_data__A8,CD004953,80,A,-0.324423,0.089598,False,16,2176,10.1002/14651858.CD004953.pub5,0,9.68063872255489,False,0,10.658682634730539,Hidden Gem
CD015536_pub2_data__A7,CD015536,80,A,-0.740902,0.019563,True,30,3374,10.1002/14651858.CD015536.pub2,0,9.68063872255489,False,0,9.121756487025948,Hidden Gem
CD013830_pub2_data__A21,CD013830,80,A,0.803128,0.264723,False,6,288,10.1002/14651858.CD013830.pub2,15,91.81636726546905,True,0,65.43912175648703,Safe
CD006124_pub3_data__A7,CD006124,80,A,0.066933,0.922982,False,9,1045,10.1002/14651858.CD006124.pub3,7,73.05389221556887,False,0,32.6746506986028,Moderate
CD015749_pub2_data__A4,CD015749,80,A,-0.017442,0.982579,False,7,547,10.1002/14651858.CD015749.pub2,2,39.12175648702595,False,0,19.79041916167665,Hidden Gem
CD014428_pub2_data__A1,CD014428,80,A,-0.048589,0.919772,False,18,1548,10.1002/14651858.CD014428.pub2,1,26.34730538922156,False,0,13.992015968063875,Hidden Gem
CD004661_pub4_data__A1,CD004661,80,A,-0.045998,0.257752,False,55,56601,10.1002/14651858.CD004661.pub4,16,93.21357285429141,False,0,46.467065868263475,Moderate
CD015332_pub2_data__A24,CD015332,80,A,0.197688,0.762124,False,6,264,10.1002/14651858.CD015332.pub2,2,39.12175648702595,False,0,25.40918163672655,Hidden Gem
CD015749_pub2_data__A5,CD015749,80,A,-0.058266,0.946476,False,6,531,10.1002/14651858.CD015749.pub2,2,39.12175648702595,False,0,19.79041916167665,Hidden Gem
CD007024_pub3_data__A1,CD007024,80,A,-0.067413,0.863763,False,27,1582,10.1002/14651858.CD007024.pub3,3,49.101796407185624,False,0,25.59880239520958,Hidden Gem
CD007024_pub3_data__A2,CD007024,80,A,-0.218104,0.635209,False,20,1218,10.1002/14651858.CD007024.pub3,3,49.101796407185624,False,0,25.59880239520958,Hidden Gem
CD007024_pub3_data__A4,CD007024,80,A,0.343112,0.115426,False,16,892,10.1002/14651858.CD007024.pub3,3,49.101796407185624,False,0,25.59880239520958,Hidden Gem
CD015751_pub2_data__A1,CD015751,80,A,-0.295188,0.735224,False,6,317,10.1002/14651858.CD015751.pub2,3,49.101796407185624,False,0,22.345309381237527,Hidden Gem
CD015749_pub2_data__A7,CD015749,80,A,0.019672,0.981964,False,6,506,10.1002/14651858.CD015749.pub2,2,39.12175648702595,False,0,19.79041916167665,Hidden Gem
CD015824_pub2_data__A2,CD015824,80,A,-0.044443,0.83319,False,11,2120,10.1002/14651858.CD015824.pub2,1,26.34730538922156,False,0,15.179640718562876,Hidden Gem
CD015332_pub2_data__A11,CD015332,80,A,0.046014,0.950817,False,8,267,10.1002/14651858.CD015332.pub2,2,39.12175648702595,False,0,25.40918163672655,Hidden Gem
CD015332_pub2_data__A8,CD015332,80,A,0.008412,0.988403,False,7,302,10.1002/14651858.CD015332.pub2,2,39.12175648702595,False,0,25.40918163672655,Hidden Gem
CD015332_pub2_data__A17,CD015332,80,A,0.651865,0.40494,False,6,203,10.1002/14651858.CD015332.pub2,2,39.12175648702595,False,0,25.40918163672655,Hidden Gem
CD015332_pub2_data__A9,CD015332,80,A,-0.131472,0.879465,False,6,340,10.1002/14651858.CD015332.pub2,2,39.12175648702595,False,0,25.40918163672655,Hidden Gem
CD014967_pub2_data__A7,CD014967,80,A,0.244922,0.523653,False,5,397,10.1002/14651858.CD014967.pub2,12,86.42714570858283,False,0,42.19560878243513,Moderate
CD013366_pub2_data__A6,CD013366,80,A,-0.355023,0.058243,False,16,3665,10.1002/14651858.CD013366.pub2,10,82.83433133732535,False,0,40.47904191616767,Moderate
CD013366_pub2_data__A4,CD013366,80,A,-0.558072,0.031319,True,14,3278,10.1002/14651858.CD013366.pub2,10,82.83433133732535,False,0,40.47904191616767,Moderate
CD015824_pub2_data__A5,CD015824,80,A,-0.189256,0.740464,False,13,1772,10.1002/14651858.CD015824.pub2,1,26.34730538922156,False,0,15.179640718562876,Hidden Gem
CD015332_pub2_data__A27,CD015332,80,A,-0.125706,0.876876,False,7,285,10.1002/14651858.CD015332.pub2,2,39.12175648702595,False,0,25.40918163672655,Hidden Gem
CD007374_pub3_data__A10,CD007374,80,A,0.087448,0.927292,False,5,412,10.1002/14651858.CD007374.pub3,7,73.05389221556887,False,0,37.93413173652695,Moderate
CD007310_pub3_data__A8,CD007310,80,A,-0.071921,0.637946,False,16,2860,10.1002/14651858.CD007310.pub3,0,9.68063872255489,False,0,11.497005988023954,Hidden Gem
CD015332_pub2_data__A12,CD015332,80,A,0.241722,0.692597,False,8,433,10.1002/14651858.CD015332.pub2,2,39.12175648702595,False,0,25.40918163672655,Hidden Gem
CD015332_pub2_data__A31,CD015332,80,A,-0.100019,0.900906,False,7,274,10.1002/14651858.CD015332.pub2,2,39.12175648702595,False,0,25.40918163672655,Hidden Gem
CD015824_pub2_data__A4,CD015824,80,A,-0.189937,0.739495,False,13,2039,10.1002/14651858.CD015824.pub2,1,26.34730538922156,False,0,15.179640718562876,Hidden Gem
CD015332_pub2_data__A38,CD015332,80,A,0.080306,0.886137,False,5,270,10.1002/14651858.CD015332.pub2,2,39.12175648702595,False,0,25.40918163672655,Hidden Gem
CD006257_pub2_data__A2,CD006257,80,A,-0.041947,0.775334,False,80,17871,10.1002/14651858.CD006257.pub2,10,82.83433133732535,False,0,40.91816367265469,Moderate
CD009252_pub2_data__A2,CD009252,80,A,-0.049684,0.854387,False,27,2460,10.1002/14651858.CD009252.pub2,5,63.57285429141717,False,0,26.76646706586827,Hidden Gem
CD006257_pub2_data__A3,CD006257,80,A,-0.064872,0.624114,False,102,16263,10.1002/14651858.CD006257.pub2,10,82.83433133732535,False,0,40.91816367265469,Moderate
CD006023_pub4_data__A2,CD006023,80,A,-0.17453,0.14381,False,88,19592,10.1002/14651858.CD006023.pub4,1,26.34730538922156,False,0,19.9500998003992,Hidden Gem
CD006023_pub4_data__A10,CD006023,80,A,-0.063025,0.734565,False,18,2970,10.1002/14651858.CD006023.pub4,1,26.34730538922156,False,0,19.9500998003992,Hidden Gem
CD006257_pub2_data__A1,CD006257,80,A,-0.080733,0.284882,False,123,29667,10.1002/14651858.CD006257.pub2,10,82.83433133732535,False,0,40.91816367265469,Moderate
CD006536_pub5_data__A9,CD006536,80,A,-0.103845,0.904903,False,6,290,10.1002/14651858.CD006536.pub5,0,9.68063872255489,False,0,12.86427145708583,Hidden Gem
CD014869_pub2_data__A1,CD014869,80,A,-0.193052,0.552376,False,8,1364,10.1002/14651858.CD014869.pub2,0,9.68063872255489,False,0,7.325349301397207,Hidden Gem
CD014811_pub2_data__A4,CD014811,80,A,-0.214875,0.24891,False,5,768,10.1002/14651858.CD014811.pub2,6,68.76247504990019,False,0,29.54091816367265,Hidden Gem
CD005595_pub4_data__A8,CD005595,80,A,-1.086449,0.035862,True,12,859,10.1002/14651858.CD005595.pub4,8,76.14770459081836,False,0,37.24550898203593,Moderate
CD005595_pub4_data__A10,CD005595,80,A,0.182469,0.210121,False,55,12019,10.1002/14651858.CD005595.pub4,8,76.14770459081836,False,0,37.24550898203593,Moderate
CD005566_pub4_data__A7,CD005566,80,A,-0.084264,0.432333,False,108,6488,10.1002/14651858.CD005566.pub4,6,68.76247504990019,False,0,33.46307385229541,Moderate
CD005566_pub4_data__A8,CD005566,80,A,0.015048,0.947107,False,80,6166,10.1002/14651858.CD005566.pub4,6,68.76247504990019,False,0,33.46307385229541,Moderate
CD005566_pub4_data__A9,CD005566,80,A,0.003952,0.99127,False,32,1973,10.1002/14651858.CD005566.pub4,6,68.76247504990019,False,0,33.46307385229541,Moderate
CD005566_pub4_data__A6,CD005566,80,A,-0.142615,0.124241,False,109,18738,10.1002/14651858.CD005566.pub4,6,68.76247504990019,False,0,33.46307385229541,Moderate
CD014811_pub2_data__A2,CD014811,80,A,0.339306,0.209826,False,8,939,10.1002/14651858.CD014811.pub2,6,68.76247504990019,False,0,29.54091816367265,Hidden Gem
CD005595_pub4_data__A12,CD005595,80,A,-0.217882,0.29865,False,38,4099,10.1002/14651858.CD005595.pub4,8,76.14770459081836,False,0,37.24550898203593,Moderate
CD013830_pub2_data__A1,CD013830,80,A,-0.246923,0.037211,True,6,3776,10.1002/14651858.CD013830.pub2,15,91.81636726546905,True,0,65.43912175648703,Safe
CD012712_pub2_data__A12,CD012712,80,A,-0.041754,0.863247,False,14,1369,10.1002/14651858.CD012712.pub2,10,82.83433133732535,True,0,61.427145708582835,Safe
CD005566_pub4_data__A10,CD005566,80,A,0.010461,0.977652,False,30,1656,10.1002/14651858.CD005566.pub4,6,68.76247504990019,False,0,33.46307385229541,Moderate
CD005566_pub4_data__A11,CD005566,80,A,0.014044,0.972595,False,25,1841,10.1002/14651858.CD005566.pub4,6,68.76247504990019,False,0,33.46307385229541,Moderate
CD006536_pub5_data__A22,CD006536,80,A,-0.412279,0.670796,False,5,418,10.1002/14651858.CD006536.pub5,0,9.68063872255489,False,0,12.86427145708583,Hidden Gem
CD007784_pub3_data__A12,CD007784,80,A,-0.043109,0.956852,False,7,356,10.1002/14651858.CD007784.pub3,9,79.84031936127745,False,0,41.876247504990026,Moderate
CD006536_pub5_data__A24,CD006536,79,B,-0.788457,0.69756,False,1,39,10.1002/14651858.CD006536.pub5,0,9.68063872255489,False,0,12.86427145708583,Moderate
CD007374_pub3_data__A16,CD007374,79,B,-0.011111,0.995012,False,2,358,10.1002/14651858.CD007374.pub3,7,73.05389221556887,False,0,37.93413173652695,Moderate
CD015215_pub2_data__A1,CD015215,79,B,0.639273,0.029822,True,11,847,10.1002/14651858.CD015215.pub2,11,84.83033932135729,False,0,43.802395209580844,Moderate
CD004953_pub5_data__A10,CD004953,79,B,0.007899,0.99206,False,7,628,10.1002/14651858.CD004953.pub5,0,9.68063872255489,False,0,10.658682634730539,Moderate
CD011858_pub2_data__A4,CD011858,79,B,-0.027797,0.959531,False,5,465,10.1002/14651858.CD011858.pub2,9,79.84031936127745,False,0,39.28143712574851,Moderate
CD015804_pub2_data__A12,CD015804,79,B,0.09309,0.963301,False,1,42,10.1002/14651858.CD015804.pub2,10,82.83433133732535,False,0,39.590818363273456,Moderate
CD014736_pub2_data__A1,CD014736,79,B,-0.164684,0.824179,False,8,414,10.1002/14651858.CD014736.pub2,0,9.68063872255489,False,0,6.57684630738523,Moderate
CD013830_pub2_data__A18,CD013830,79,B,-0.465762,0.014056,False,1,1920,10.1002/14651858.CD013830.pub2,15,91.81636726546905,True,0,65.43912175648703,Moderate
CD014736_pub2_data__A2,CD014736,79,B,-0.099095,0.795639,False,8,444,10.1002/14651858.CD014736.pub2,0,9.68063872255489,False,0,6.57684630738523,Moderate
CD010966_pub4_data__A22,CD010966,79,B,1.75972,0.265786,False,1,41,10.1002/14651858.CD010966.pub4,8,76.14770459081836,False,0,39.560878243512974,Moderate
CD008469_pub3_data__A4,CD008469,79,B,-1.146725,0.058764,False,6,1371,10.1002/14651858.CD008469.pub3,0,9.68063872255489,False,0,6.57684630738523,Moderate
CD013834_pub2_data__A2,CD013834,79,B,-0.083525,0.867459,False,17,614,10.1002/14651858.CD013834.pub2,4,57.48502994011976,False,0,24.331337325349303,Moderate
CD013830_pub2_data__A5,CD013830,79,B,-1.206199,0.099612,False,5,1892,10.1002/14651858.CD013830.pub2,15,91.81636726546905,True,0,65.43912175648703,Moderate
CD013830_pub2_data__A4,CD013830,79,B,-0.690608,0.08167,False,9,3118,10.1002/14651858.CD013830.pub2,15,91.81636726546905,True,0,65.43912175648703,Moderate
CD013874_pub3_data__A16,CD013874,79,B,-0.664437,0.508423,False,1,472,10.1002/14651858.CD013874.pub3,0,9.68063872255489,False,0,11.497005988023954,Moderate
CD010966_pub4_data__A25,CD010966,79,B,-0.125163,0.950613,False,1,47,10.1002/14651858.CD010966.pub4,8,76.14770459081836,False,0,39.560878243512974,Moderate
CD013396_pub2_data__A11,CD013396,79,B,-0.729079,0.717884,False,1,62,10.1002/14651858.CD013396.pub2,2,39.12175648702595,False,0,21.60678642714571,Moderate
CD013614_pub2_data__A35,CD013614,79,B,0.42214,0.816571,False,2,168,10.1002/14651858.CD013614.pub2,2,39.12175648702595,False,0,25.449101796407188,Moderate
CD010966_pub4_data__A23,CD010966,79,B,-0.049994,0.977727,False,2,195,10.1002/14651858.CD010966.pub4,8,76.14770459081836,False,0,39.560878243512974,Moderate
CD013614_pub2_data__A37,CD013614,79,B,-0.126664,0.943436,False,2,188,10.1002/14651858.CD013614.pub2,2,39.12175648702595,False,0,25.449101796407188,Moderate
CD013614_pub2_data__A42,CD013614,79,B,-0.470261,0.106646,False,5,1576,10.1002/14651858.CD013614.pub2,2,39.12175648702595,False,0,25.449101796407188,Moderate
CD013614_pub2_data__A43,CD013614,79,B,-0.488748,0.040844,True,5,1852,10.1002/14651858.CD013614.pub2,2,39.12175648702595,False,0,25.449101796407188,Moderate
CD013476_pub2_data__A14,CD013476,79,B,-1.925291,0.039233,False,1,31,10.1002/14651858.CD013476.pub2,1,26.34730538922156,False,0,17.584830339321357,Moderate
CD013476_pub2_data__A7,CD013476,79,B,-0.125163,0.951593,False,1,15,10.1002/14651858.CD013476.pub2,1,26.34730538922156,False,0,17.584830339321357,Moderate
CD013476_pub2_data__A5,CD013476,79,B,-0.973449,0.633253,False,1,30,10.1002/14651858.CD013476.pub2,1,26.34730538922156,False,0,17.584830339321357,Moderate
CD007024_pub3_data__A7,CD007024,79,B,0.910315,0.543106,False,2,135,10.1002/14651858.CD007024.pub3,3,49.101796407185624,False,0,25.59880239520958,Moderate
CD011866_pub3_data__A10,CD011866,79,B,-0.102854,0.954349,False,2,78,10.1002/14651858.CD011866.pub3,13,88.32335329341318,False,0,40.57884231536926,Moderate
CD013614_pub2_data__A25,CD013614,79,B,0.348412,0.25276,False,9,3604,10.1002/14651858.CD013614.pub2,2,39.12175648702595,False,0,25.449101796407188,Moderate
CD009298_pub3_data__A46,CD009298,79,B,1.252763,0.304439,False,1,30,10.1002/14651858.CD009298.pub3,0,9.68063872255489,False,0,13.742514970059881,Moderate
CD009298_pub3_data__A45,CD009298,79,B,0.0,1.0,False,1,30,10.1002/14651858.CD009298.pub3,0,9.68063872255489,False,0,13.742514970059881,Moderate
CD007024_pub3_data__A9,CD007024,79,B,0.0,1.0,False,1,8,10.1002/14651858.CD007024.pub3,3,49.101796407185624,False,0,25.59880239520958,Moderate
CD013476_pub2_data__A8,CD013476,79,B,-0.315081,0.876761,False,1,31,10.1002/14651858.CD013476.pub2,1,26.34730538922156,False,0,17.584830339321357,Moderate
CD013476_pub2_data__A4,CD013476,79,B,-0.125163,0.951593,False,1,15,10.1002/14651858.CD013476.pub2,1,26.34730538922156,False,0,17.584830339321357,Moderate
CD013476_pub2_data__A3,CD013476,79,B,-0.315081,0.876761,False,1,31,10.1002/14651858.CD013476.pub2,1,26.34730538922156,False,0,17.584830339321357,Moderate
CD008858_pub5_data__A1,CD008858,79,B,-1.349304,0.008307,True,7,190431,10.1002/14651858.CD008858.pub5,17,94.61077844311377,False,0,39.880239520958085,Moderate
CD010216_pub9_data__A2,CD010216,79,B,0.188342,0.078229,False,32,10095,10.1002/14651858.CD010216.pub9,22,96.8063872255489,True,0,66.84630738522955,Moderate
CD014687_pub2_data__A3,CD014687,79,B,1.195472,0.017381,True,9,680,10.1002/14651858.CD014687.pub2,3,49.101796407185624,False,0,20.34930139720559,Moderate
CD014594_pub2_data__A5,CD014594,79,B,0.043814,0.980332,False,2,1051,10.1002/14651858.CD014594.pub2,0,9.68063872255489,False,0,5.908183632734531,Moderate
CD015673_pub2_data__A11,CD015673,79,B,0.179048,0.929297,False,1,55,10.1002/14651858.CD015673.pub2,5,63.57285429141717,False,0,31.3872255489022,Moderate
CD013476_pub2_data__A2,CD013476,79,B,-0.125163,0.951593,False,1,15,10.1002/14651858.CD013476.pub2,1,26.34730538922156,False,0,17.584830339321357,Moderate
CD016131_data__A1,CD016131,79,B,-0.948512,9.5e-05,True,14,114306,10.1002/14651858.CD016131,0,9.68063872255489,False,0,7.325349301397207,Moderate
CD015751_pub2_data__A4,CD015751,79,B,0.341261,0.805695,False,2,138,10.1002/14651858.CD015751.pub2,3,49.101796407185624,False,0,22.345309381237527,Moderate
CD014300_pub2_data__A11,CD014300,79,B,-0.080089,0.933084,False,5,1633,10.1002/14651858.CD014300.pub2,8,76.14770459081836,False,0,37.50499001996008,Moderate
CD014145_pub2_data__A8,CD014145,79,B,0.389398,0.711664,False,2,85,10.1002/14651858.CD014145.pub2,2,39.12175648702595,True,0,40.28942115768463,Moderate
CD014145_pub2_data__A9,CD014145,79,B,1.889638,0.341617,False,2,85,10.1002/14651858.CD014145.pub2,2,39.12175648702595,True,0,40.28942115768463,Moderate
CD014145_pub2_data__A7,CD014145,79,B,1.236763,0.460263,False,1,29,10.1002/14651858.CD014145.pub2,2,39.12175648702595,True,0,40.28942115768463,Moderate
CD001155_pub3_data__A10,CD001155,79,B,0.271434,0.892116,False,1,770,10.1002/14651858.CD001155.pub3,0,9.68063872255489,False,0,9.121756487025948,Moderate
CD000143_pub2_data__A1,CD000143,79,B,-0.786044,4.4e-05,True,47,3269,10.1002/14651858.CD000143.pub2,3,49.101796407185624,True,0,43.78243512974052,Moderate
CD010966_pub4_data__A5,CD010966,79,B,-0.098876,0.41237,False,112,9910,10.1002/14651858.CD010966.pub4,8,76.14770459081836,False,0,39.560878243512974,Moderate
CD007310_pub3_data__A13,CD007310,79,B,0.441833,0.295537,False,1,96,10.1002/14651858.CD007310.pub3,0,9.68063872255489,False,0,11.497005988023954,Moderate
CD004953_pub5_data__A1,CD004953,79,B,0.241557,0.513223,False,9,698,10.1002/14651858.CD004953.pub5,0,9.68063872255489,False,0,10.658682634730539,Moderate
CD015524_pub2_data__A2,CD015524,79,B,-0.452821,0.385038,False,11,1020,10.1002/14651858.CD015524.pub2,1,26.34730538922156,True,0,40.199600798403196,Moderate
CD002042_pub6_data__A16,CD002042,79,B,0.139313,0.236328,False,7,4661,10.1002/14651858.CD002042.pub6,2,39.12175648702595,False,0,25.219560878243513,Moderate
CD007859_pub5_data__A5,CD007859,79,B,0.0,1.0,False,1,32,10.1002/14651858.CD007859.pub5,1,26.34730538922156,False,0,13.992015968063875,Moderate
CD005582_pub5_data__A1,CD005582,79,B,-0.064946,0.914265,False,2,114,10.1002/14651858.CD005582.pub5,9,79.84031936127745,False,0,33.27345309381238,Moderate
CD013830_pub2_data__A12,CD013830,79,B,-0.744137,0.024106,True,7,3018,10.1002/14651858.CD013830.pub2,15,91.81636726546905,True,0,65.43912175648703,Moderate
CD010861_pub3_data__A13,CD010861,79,B,-1.550235,0.005074,True,8,1303,10.1002/14651858.CD010861.pub3,6,68.76247504990019,False,0,35.439121756487026,Moderate
CD001920_pub4_data__A11,CD001920,79,B,0.0,1.0,False,1,40,10.1002/14651858.CD001920.pub4,13,88.32335329341318,False,0,41.287425149700596,Moderate
CD012712_pub2_data__A7,CD012712,79,B,-0.258475,0.002533,True,27,4073,10.1002/14651858.CD012712.pub2,10,82.83433133732535,True,0,61.427145708582835,Moderate
CD010966_pub4_data__A18,CD010966,79,B,-0.100083,0.782553,False,1,168,10.1002/14651858.CD010966.pub4,8,76.14770459081836,False,0,39.560878243512974,Moderate
CD010966_pub4_data__A17,CD010966,79,B,0.039453,0.984277,False,1,506,10.1002/14651858.CD010966.pub4,8,76.14770459081836,False,0,39.560878243512974,Moderate
CD010966_pub4_data__A2,CD010966,79,B,-0.102162,0.338231,False,141,11017,10.1002/14651858.CD010966.pub4,8,76.14770459081836,False,0,39.560878243512974,Moderate
CD010966_pub4_data__A21,CD010966,79,B,0.047628,0.981223,False,1,41,10.1002/14651858.CD010966.pub4,8,76.14770459081836,False,0,39.560878243512974,Moderate
CD007374_pub3_data__A3,CD007374,79,B,1.132176,0.19906,False,2,299,10.1002/14651858.CD007374.pub3,7,73.05389221556887,False,0,37.93413173652695,Moderate
CD007374_pub3_data__A8,CD007374,79,B,0.061244,0.972587,False,2,194,10.1002/14651858.CD007374.pub3,7,73.05389221556887,False,0,37.93413173652695,Moderate
CD004417_pub6_data__A5,CD004417,79,B,-0.03786,0.927906,False,2,665,10.1002/14651858.CD004417.pub6,6,68.76247504990019,False,0,30.209580838323348,Moderate
CD013052_pub3_data__A5,CD013052,79,B,0.669815,0.69166,False,2,200,10.1002/14651858.CD013052.pub3,1,26.34730538922156,False,0,12.574850299401199,Moderate
CD015332_pub2_data__A34,CD015332,79,B,0.162519,0.910892,False,1,39,10.1002/14651858.CD015332.pub2,2,39.12175648702595,False,0,25.40918163672655,Moderate
CD015332_pub2_data__A39,CD015332,79,B,-0.051293,0.934087,False,1,90,10.1002/14651858.CD015332.pub2,2,39.12175648702595,False,0,25.40918163672655,Moderate
CD007784_pub3_data__A8,CD007784,79,B,-0.382992,0.267902,False,1,579,10.1002/14651858.CD007784.pub3,9,79.84031936127745,False,0,41.876247504990026,Moderate
CD016031_data__A20,CD016031,79,B,-0.192795,0.55905,False,5,1144,10.1002/14651858.CD016031,2,39.12175648702595,False,0,24.13173652694611,Moderate
CD013726_pub2_data__A3,CD013726,79,B,-0.028371,0.987275,False,2,280,10.1002/14651858.CD013726.pub2,3,49.101796407185624,False,0,23.78243512974052,Moderate
CD013748_pub2_data__A1,CD013748,79,B,-0.462856,0.009295,True,16,861,10.1002/14651858.CD013748.pub2,0,9.68063872255489,False,0,7.325349301397207,Moderate
CD015215_pub2_data__A5,CD015215,79,B,-0.250125,0.623166,False,11,1259,10.1002/14651858.CD015215.pub2,11,84.83033932135729,False,0,43.802395209580844,Moderate
CD015804_pub2_data__A5,CD015804,79,B,-0.498931,0.239316,False,1,141,10.1002/14651858.CD015804.pub2,10,82.83433133732535,False,0,39.590818363273456,Moderate
CD012642_pub2_data__A1,CD012642,79,B,-0.075031,0.75958,False,21,645,10.1002/14651858.CD012642.pub2,9,79.84031936127745,False,0,37.89421157684632,Moderate
CD009252_pub2_data__A3,CD009252,79,B,0.296132,0.038069,True,26,2727,10.1002/14651858.CD009252.pub2,5,63.57285429141717,False,0,26.76646706586827,Moderate
CD015087_pub2_data__A2,CD015087,79,B,0.253769,0.419319,False,5,815,10.1002/14651858.CD015087.pub2,4,57.48502994011976,False,0,30.618762475049902,Moderate
CD003511_pub6_data__A9,CD003511,79,B,-0.522491,0.70554,False,2,644,10.1002/14651858.CD003511.pub6,1,26.34730538922156,False,0,15.179640718562876,Moderate
CD007374_pub3_data__A21,CD007374,79,B,0.131576,0.730265,False,1,179,10.1002/14651858.CD007374.pub3,7,73.05389221556887,False,0,37.93413173652695,Moderate
CD013614_pub2_data__A8,CD013614,79,B,0.388229,0.138643,False,9,3691,10.1002/14651858.CD013614.pub2,2,39.12175648702595,False,0,25.449101796407188,Moderate
CD007859_pub5_data__A2,CD007859,79,B,0.071949,0.839486,False,33,1526,10.1002/14651858.CD007859.pub5,1,26.34730538922156,False,0,13.992015968063875,Moderate
CD015804_pub2_data__A6,CD015804,79,B,-0.004474,0.997988,False,2,894,10.1002/14651858.CD015804.pub2,10,82.83433133732535,False,0,39.590818363273456,Moderate
CD005951_pub5_data__A1,CD005951,79,B,-0.030099,0.810087,False,14,4364,10.1002/14651858.CD005951.pub5,7,73.05389221556887,False,0,35.17964071856288,Moderate
CD007859_pub5_data__A1,CD007859,79,B,-0.037021,0.896718,False,51,2558,10.1002/14651858.CD007859.pub5,1,26.34730538922156,False,0,13.992015968063875,Moderate
CD010966_pub4_data__A15,CD010966,79,B,-1.299283,0.524591,False,1,34,10.1002/14651858.CD010966.pub4,8,76.14770459081836,False,0,39.560878243512974,Moderate
CD010966_pub4_data__A12,CD010966,79,B,0.031686,0.987372,False,1,504,10.1002/14651858.CD010966.pub4,8,76.14770459081836,False,0,39.560878243512974,Moderate
CD010966_pub4_data__A19,CD010966,79,B,-0.028191,0.935528,False,1,168,10.1002/14651858.CD010966.pub4,8,76.14770459081836,False,0,39.560878243512974,Moderate
CD005582_pub5_data__A2,CD005582,79,B,0.0,1.0,False,1,2,10.1002/14651858.CD005582.pub5,9,79.84031936127745,False,0,33.27345309381238,Moderate
CD014967_pub2_data__A13,CD014967,79,B,-0.767255,0.550103,False,1,30,10.1002/14651858.CD014967.pub2,12,86.42714570858283,False,0,42.19560878243513,Moderate
CD013071_pub2_data__A18,CD013071,79,B,0.011352,0.994899,False,2,786,10.1002/14651858.CD013071.pub2,15,91.81636726546905,False,0,45.20958083832335,Moderate
CD013366_pub2_data__A11,CD013366,79,B,-0.716254,0.385366,False,2,542,10.1002/14651858.CD013366.pub2,10,82.83433133732535,False,0,40.47904191616767,Moderate
CD015215_pub2_data__A6,CD015215,79,B,0.132104,0.840337,False,10,2153,10.1002/14651858.CD015215.pub2,11,84.83033932135729,False,0,43.802395209580844,Moderate
CD007784_pub3_data__A10,CD007784,79,B,-0.126497,0.098008,False,1,6245,10.1002/14651858.CD007784.pub3,9,79.84031936127745,False,0,41.876247504990026,Moderate
CD013366_pub2_data__A15,CD013366,79,B,1.098612,0.503968,False,1,111,10.1002/14651858.CD013366.pub2,10,82.83433133732535,False,0,40.47904191616767,Moderate
CD015332_pub2_data__A29,CD015332,79,B,0.25426,0.891081,False,2,23,10.1002/14651858.CD015332.pub2,2,39.12175648702595,False,0,25.40918163672655,Moderate
CD007784_pub3_data__A16,CD007784,79,B,0.033311,0.866075,False,1,3267,10.1002/14651858.CD007784.pub3,9,79.84031936127745,False,0,41.876247504990026,Moderate
CD007784_pub3_data__A15,CD007784,79,B,0.030796,0.844679,False,2,5581,10.1002/14651858.CD007784.pub3,9,79.84031936127745,False,0,41.876247504990026,Moderate
CD015332_pub2_data__A32,CD015332,79,B,0.140152,0.912316,False,2,90,10.1002/14651858.CD015332.pub2,2,39.12175648702595,False,0,25.40918163672655,Moderate
CD014967_pub2_data__A12,CD014967,79,B,0.486365,0.61824,False,2,130,10.1002/14651858.CD014967.pub2,12,86.42714570858283,False,0,42.19560878243513,Moderate
CD015332_pub2_data__A21,CD015332,79,B,0.824674,0.636811,False,2,81,10.1002/14651858.CD015332.pub2,2,39.12175648702595,False,0,25.40918163672655,Moderate
CD004417_pub6_data__A6,CD004417,79,B,-0.757169,0.051226,False,1,358,10.1002/14651858.CD004417.pub6,6,68.76247504990019,False,0,30.209580838323348,Moderate
CD013366_pub2_data__A14,CD013366,79,B,-0.328686,0.855098,False,2,463,10.1002/14651858.CD013366.pub2,10,82.83433133732535,False,0,40.47904191616767,Moderate
CD015332_pub2_data__A28,CD015332,79,B,-0.238635,0.894934,False,2,75,10.1002/14651858.CD015332.pub2,2,39.12175648702595,False,0,25.40918163672655,Moderate
CD007374_pub3_data__A14,CD007374,79,B,-0.011111,0.99558,False,1,179,10.1002/14651858.CD007374.pub3,7,73.05389221556887,False,0,37.93413173652695,Moderate
CD007374_pub3_data__A15,CD007374,79,B,-0.011111,0.99558,False,1,179,10.1002/14651858.CD007374.pub3,7,73.05389221556887,False,0,37.93413173652695,Moderate
CD004661_pub4_data__A11,CD004661,79,B,0.41871,0.062092,False,21,25374,10.1002/14651858.CD004661.pub4,16,93.21357285429141,False,0,46.467065868263475,Moderate
CD009298_pub3_data__A41,CD009298,79,B,1.165304,0.486189,False,1,30,10.1002/14651858.CD009298.pub3,0,9.68063872255489,False,0,13.742514970059881,Moderate
CD009298_pub3_data__A42,CD009298,79,B,-0.87807,0.260423,False,1,30,10.1002/14651858.CD009298.pub3,0,9.68063872255489,False,0,13.742514970059881,Moderate
CD003376_pub4_data__A8,CD003376,79,B,-0.732839,0.103215,False,1,150,10.1002/14651858.CD003376.pub4,1,26.34730538922156,False,0,15.179640718562876,Moderate
CD013303_pub2_data__A5,CD013303,79,B,0.770723,0.001525,True,8,1750,10.1002/14651858.CD013303.pub2,20,96.50698602794411,False,0,47.70459081836328,Moderate
CD009298_pub3_data__A37,CD009298,79,B,0.291102,0.835899,False,2,284,10.1002/14651858.CD009298.pub3,0,9.68063872255489,False,0,13.742514970059881,Moderate
CD009298_pub3_data__A38,CD009298,79,B,0.271563,0.809608,False,2,248,10.1002/14651858.CD009298.pub3,0,9.68063872255489,False,0,13.742514970059881,Moderate
CD003333_pub4_data__A1,CD003333,79,B,-0.013008,0.864948,False,5,4727,10.1002/14651858.CD003333.pub4,0,9.68063872255489,False,0,4.580838323353293,Moderate
CD014967_pub2_data__A16,CD014967,79,B,-0.767255,0.550103,False,1,30,10.1002/14651858.CD014967.pub2,12,86.42714570858283,False,0,42.19560878243513,Moderate
CD014967_pub2_data__A14,CD014967,79,B,0.0,1.0,False,2,130,10.1002/14651858.CD014967.pub2,12,86.42714570858283,False,0,42.19560878243513,Moderate
CD014145_pub2_data__A4,CD014145,79,B,0.070204,0.972241,False,1,56,10.1002/14651858.CD014145.pub2,2,39.12175648702595,True,0,40.28942115768463,Moderate
CD014145_pub2_data__A6,CD014145,79,B,0.074108,0.959676,False,1,29,10.1002/14651858.CD014145.pub2,2,39.12175648702595,True,0,40.28942115768463,Moderate
CD014145_pub2_data__A5,CD014145,79,B,-0.287682,0.742245,False,1,29,10.1002/14651858.CD014145.pub2,2,39.12175648702595,True,0,40.28942115768463,Moderate
CD007024_pub3_data__A6,CD007024,79,B,1.79161,0.405719,False,2,75,10.1002/14651858.CD007024.pub3,3,49.101796407185624,False,0,25.59880239520958,Moderate
CD013476_pub2_data__A9,CD013476,79,B,-0.125163,0.951593,False,1,15,10.1002/14651858.CD013476.pub2,1,26.34730538922156,False,0,17.584830339321357,Moderate
CD013874_pub3_data__A7,CD013874,79,B,0.802043,0.285409,False,7,2137,10.1002/14651858.CD013874.pub3,0,9.68063872255489,False,0,11.497005988023954,Moderate
CD003594_pub7_data__A3,CD003594,79,B,-0.486585,0.043711,True,20,1574,10.1002/14651858.CD003594.pub7,3,49.101796407185624,False,0,23.093812375249502,Moderate
CD013476_pub2_data__A10,CD013476,79,B,-0.125163,0.951593,False,1,15,10.1002/14651858.CD013476.pub2,1,26.34730538922156,False,0,17.584830339321357,Moderate
CD013476_pub2_data__A11,CD013476,79,B,0.0,1.0,False,2,70,10.1002/14651858.CD013476.pub2,1,26.34730538922156,False,0,17.584830339321357,Moderate
CD007024_pub3_data__A11,CD007024,79,B,0.018519,0.992646,False,1,107,10.1002/14651858.CD007024.pub3,3,49.101796407185624,False,0,25.59880239520958,Moderate
CD007024_pub3_data__A10,CD007024,79,B,0.018519,0.992646,False,1,107,10.1002/14651858.CD007024.pub3,3,49.101796407185624,False,0,25.59880239520958,Moderate
CD015786_pub2_data__A3,CD015786,78,B,-0.443139,0.022459,True,9,5896,10.1002/14651858.CD015786.pub2,1,26.34730538922156,False,0,13.243512974051898,Moderate
CD013508_pub3_data__A14,CD013508,78,B,-0.219793,0.638348,False,3,615,10.1002/14651858.CD013508.pub3,23,97.1057884231537,False,0,46.18762475049901,Moderate
CD013508_pub3_data__A15,CD013508,78,B,0.212651,0.648033,False,4,450,10.1002/14651858.CD013508.pub3,23,97.1057884231537,False,0,46.18762475049901,Moderate
CD003598_pub3_data__A27,CD003598,78,B,0.232403,0.725533,False,6,495,10.1002/14651858.CD003598.pub3,2,39.12175648702595,False,0,25.309381237524953,Moderate
CD003598_pub3_data__A6,CD003598,78,B,-0.079868,0.715507,False,39,3285,10.1002/14651858.CD003598.pub3,2,39.12175648702595,False,0,25.309381237524953,Moderate
CD007024_pub3_data__A3,CD007024,78,B,0.188172,0.298488,False,22,1181,10.1002/14651858.CD007024.pub3,3,49.101796407185624,False,0,25.59880239520958,Moderate
CD013476_pub2_data__A13,CD013476,78,B,-1.003192,0.301379,False,2,70,10.1002/14651858.CD013476.pub2,1,26.34730538922156,False,0,17.584830339321357,Moderate
CD011762_pub2_data__A11,CD011762,78,B,-0.359453,0.080881,False,90,88229,10.1002/14651858.CD011762.pub2,3,49.101796407185624,False,0,26.686626746506988,Moderate
CD011762_pub2_data__A2,CD011762,78,B,-0.691675,0.0,True,237,235044,10.1002/14651858.CD011762.pub2,3,49.101796407185624,False,0,26.686626746506988,Moderate
CD014594_pub2_data__A3,CD014594,78,B,0.203122,0.74097,False,4,2153,10.1002/14651858.CD014594.pub2,0,9.68063872255489,False,0,5.908183632734531,Moderate
CD014594_pub2_data__A4,CD014594,78,B,-1.117075,0.066057,False,4,1815,10.1002/14651858.CD014594.pub2,0,9.68063872255489,False,0,5.908183632734531,Moderate
CD011689_pub4_data__A1,CD011689,78,B,0.055736,0.709853,False,153,264906,10.1002/14651858.CD011689.pub4,1,26.34730538922156,False,0,18.662674650698605,Moderate
CD016136_data__A1,CD016136,78,B,-0.088519,0.712601,False,72,10189,10.1002/14651858.CD016136,4,57.48502994011976,False,0,25.02994011976048,Moderate
CD015350_pub2_data__A3,CD015350,78,B,-0.207415,0.849995,False,4,501,10.1002/14651858.CD015350.pub2,2,39.12175648702595,False,0,19.10179640718563,Moderate
CD015332_pub2_data__A22,CD015332,78,B,-0.64612,0.100886,False,6,310,10.1002/14651858.CD015332.pub2,2,39.12175648702595,False,0,25.40918163672655,Moderate
CD013284_pub2_data__A10,CD013284,78,B,0.038939,0.960785,False,7,1063,10.1002/14651858.CD013284.pub2,4,57.48502994011976,False,0,30.618762475049902,Moderate
CD013284_pub2_data__A11,CD013284,78,B,0.048234,0.959753,False,5,912,10.1002/14651858.CD013284.pub2,4,57.48502994011976,False,0,30.618762475049902,Moderate
CD009298_pub3_data__A32,CD009298,78,B,1.636173,0.870113,False,3,444,10.1002/14651858.CD009298.pub3,0,9.68063872255489,False,0,13.742514970059881,Moderate
CD009298_pub3_data__A34,CD009298,78,B,0.283786,0.740049,False,4,680,10.1002/14651858.CD009298.pub3,0,9.68063872255489,False,0,13.742514970059881,Moderate
CD009298_pub3_data__A19,CD009298,78,B,-0.235882,0.117912,False,11,1002,10.1002/14651858.CD009298.pub3,0,9.68063872255489,False,0,13.742514970059881,Moderate
CD013789_pub2_data__A21,CD013789,78,B,-0.140491,0.87134,False,6,364,10.1002/14651858.CD013789.pub2,16,93.21357285429141,False,0,45.998003992015974,Moderate
CD013789_pub2_data__A7,CD013789,78,B,0.037303,0.925557,False,26,1970,10.1002/14651858.CD013789.pub2,16,93.21357285429141,False,0,45.998003992015974,Moderate
CD013789_pub2_data__A9,CD013789,78,B,-0.140491,0.87134,False,6,364,10.1002/14651858.CD013789.pub2,16,93.21357285429141,False,0,45.998003992015974,Moderate
CD014967_pub2_data__A2,CD014967,78,B,-0.358746,0.301555,False,15,1217,10.1002/14651858.CD014967.pub2,12,86.42714570858283,False,0,42.19560878243513,Moderate
CD004417_pub6_data__A4,CD004417,78,B,0.275892,0.378366,False,11,2808,10.1002/14651858.CD004417.pub6,6,68.76247504990019,False,0,30.209580838323348,Moderate
CD003376_pub4_data__A9,CD003376,78,B,0.006069,0.996303,False,3,289,10.1002/14651858.CD003376.pub4,1,26.34730538922156,False,0,15.179640718562876,Moderate
CD013284_pub2_data__A13,CD013284,78,B,0.103689,0.748091,False,6,1019,10.1002/14651858.CD013284.pub2,4,57.48502994011976,False,0,30.618762475049902,Moderate
CD013284_pub2_data__A14,CD013284,78,B,0.103689,0.748091,False,6,1019,10.1002/14651858.CD013284.pub2,4,57.48502994011976,False,0,30.618762475049902,Moderate
CD013284_pub2_data__A15,CD013284,78,B,0.151224,0.803182,False,5,864,10.1002/14651858.CD013284.pub2,4,57.48502994011976,False,0,30.618762475049902,Moderate
CD013284_pub2_data__A16,CD013284,78,B,0.151224,0.803182,False,5,864,10.1002/14651858.CD013284.pub2,4,57.48502994011976,False,0,30.618762475049902,Moderate
CD013284_pub2_data__A5,CD013284,78,B,-0.013765,0.988503,False,5,980,10.1002/14651858.CD013284.pub2,4,57.48502994011976,False,0,30.618762475049902,Moderate
CD013284_pub2_data__A9,CD013284,78,B,-0.015969,0.986663,False,5,979,10.1002/14651858.CD013284.pub2,4,57.48502994011976,False,0,30.618762475049902,Moderate
CD007784_pub3_data__A34,CD007784,78,B,-0.053283,0.903072,False,22,1374,10.1002/14651858.CD007784.pub3,9,79.84031936127745,False,0,41.876247504990026,Moderate
CD007784_pub3_data__A18,CD007784,78,B,-0.03812,0.922947,False,27,2234,10.1002/14651858.CD007784.pub3,9,79.84031936127745,False,0,41.876247504990026,Moderate
CD015332_pub2_data__A4,CD015332,78,B,-0.314582,0.391178,False,11,436,10.1002/14651858.CD015332.pub2,2,39.12175648702595,False,0,25.40918163672655,Moderate
CD015083_pub2_data__A2,CD015083,78,B,0.000552,0.997702,False,110,96636,10.1002/14651858.CD015083.pub2,3,49.101796407185624,False,0,26.097804391217565,Moderate
CD015083_pub2_data__A4,CD015083,78,B,-0.063041,0.77263,False,85,74086,10.1002/14651858.CD015083.pub2,3,49.101796407185624,False,0,26.097804391217565,Moderate
CD015083_pub2_data__A5,CD015083,78,B,-0.086834,0.455772,False,299,72455,10.1002/14651858.CD015083.pub2,3,49.101796407185624,False,0,26.097804391217565,Moderate
CD013758_pub2_data__A21,CD013758,78,B,0.014377,0.976154,False,18,6839,10.1002/14651858.CD013758.pub2,5,63.57285429141717,False,0,34.5309381237525,Moderate
CD014967_pub2_data__A1,CD014967,78,B,-0.057278,0.873252,False,15,1267,10.1002/14651858.CD014967.pub2,12,86.42714570858283,False,0,42.19560878243513,Moderate
CD014967_pub2_data__A11,CD014967,78,B,0.928722,0.322706,False,3,216,10.1002/14651858.CD014967.pub2,12,86.42714570858283,False,0,42.19560878243513,Moderate
CD007374_pub3_data__A9,CD007374,78,B,0.065005,0.952515,False,4,368,10.1002/14651858.CD007374.pub3,7,73.05389221556887,False,0,37.93413173652695,Moderate
CD003511_pub6_data__A8,CD003511,78,B,-0.267779,0.815541,False,3,665,10.1002/14651858.CD003511.pub6,1,26.34730538922156,False,0,15.179640718562876,Moderate
CD015215_pub2_data__A55,CD015215,78,B,0.005115,0.9977,False,2,780,10.1002/14651858.CD015215.pub2,11,84.83033932135729,False,0,43.802395209580844,Moderate
CD013071_pub2_data__A14,CD013071,78,B,-0.058179,0.95764,False,4,846,10.1002/14651858.CD013071.pub2,15,91.81636726546905,False,0,45.20958083832335,Moderate
CD003376_pub4_data__A1,CD003376,78,B,-0.097953,0.353746,False,98,8073,10.1002/14651858.CD003376.pub4,1,26.34730538922156,False,0,15.179640718562876,Moderate
CD003376_pub4_data__A2,CD003376,78,B,-0.031418,0.723294,False,70,6831,10.1002/14651858.CD003376.pub4,1,26.34730538922156,False,0,15.179640718562876,Moderate
CD010290_pub4_data__A15,CD010290,78,B,0.090265,0.868019,False,4,768,10.1002/14651858.CD010290.pub4,2,39.12175648702595,False,0,23.433133732534934,Moderate
CD010290_pub4_data__A8,CD010290,78,B,0.474993,0.450085,False,4,891,10.1002/14651858.CD010290.pub4,2,39.12175648702595,False,0,23.433133732534934,Moderate
CD004703_pub3_data__A1,CD004703,78,B,-0.097595,0.730947,False,40,3769,10.1002/14651858.CD004703.pub3,18,95.50898203592814,False,0,40.23952095808383,Moderate
CD015373_pub2_data__A23,CD015373,78,B,0.507095,0.358811,False,8,362,10.1002/14651858.CD015373.pub2,2,39.12175648702595,True,0,44.5309381237525,Moderate
CD007784_pub3_data__A27,CD007784,78,B,-0.03812,0.922947,False,27,2234,10.1002/14651858.CD007784.pub3,9,79.84031936127745,False,0,41.876247504990026,Moderate
CD007784_pub3_data__A29,CD007784,78,B,-0.053283,0.903072,False,22,1374,10.1002/14651858.CD007784.pub3,9,79.84031936127745,False,0,41.876247504990026,Moderate
CD007784_pub3_data__A3,CD007784,78,B,-0.409956,0.118569,False,3,5725,10.1002/14651858.CD007784.pub3,9,79.84031936127745,False,0,41.876247504990026,Moderate
CD007784_pub3_data__A31,CD007784,78,B,-0.03812,0.922947,False,27,2234,10.1002/14651858.CD007784.pub3,9,79.84031936127745,False,0,41.876247504990026,Moderate
CD015332_pub2_data__A1,CD015332,78,B,-0.004835,0.993848,False,11,396,10.1002/14651858.CD015332.pub2,2,39.12175648702595,False,0,25.40918163672655,Moderate
CD013631_pub2_data__A23,CD013631,78,B,0.0,1.0,False,1,24,10.1002/14651858.CD013631.pub2,34,99.00199600798403,False,0,48.8622754491018,Moderate
CD015215_pub2_data__A51,CD015215,78,B,0.010243,0.995395,False,2,780,10.1002/14651858.CD015215.pub2,11,84.83033932135729,False,0,43.802395209580844,Moderate
CD015215_pub2_data__A53,CD015215,78,B,0.005391,0.997577,False,2,758,10.1002/14651858.CD015215.pub2,11,84.83033932135729,False,0,43.802395209580844,Moderate
CD013366_pub2_data__A12,CD013366,78,B,0.083759,0.907019,False,4,799,10.1002/14651858.CD013366.pub2,10,82.83433133732535,False,0,40.47904191616767,Moderate
CD007374_pub3_data__A4,CD007374,78,B,0.508266,0.682842,False,3,350,10.1002/14651858.CD007374.pub3,7,73.05389221556887,False,0,37.93413173652695,Moderate
CD005595_pub4_data__A2,CD005595,78,B,0.003867,0.991918,False,27,2921,10.1002/14651858.CD005595.pub4,8,76.14770459081836,False,0,37.24550898203593,Moderate
CD005595_pub4_data__A4,CD005595,78,B,0.26449,0.653244,False,11,1434,10.1002/14651858.CD005595.pub4,8,76.14770459081836,False,0,37.24550898203593,Moderate
CD007784_pub3_data__A39,CD007784,78,B,-0.03812,0.922947,False,27,2234,10.1002/14651858.CD007784.pub3,9,79.84031936127745,False,0,41.876247504990026,Moderate
CD007784_pub3_data__A41,CD007784,78,B,-0.053283,0.903072,False,22,1374,10.1002/14651858.CD007784.pub3,9,79.84031936127745,False,0,41.876247504990026,Moderate
CD007784_pub3_data__A43,CD007784,78,B,-0.03812,0.922947,False,27,2234,10.1002/14651858.CD007784.pub3,9,79.84031936127745,False,0,41.876247504990026,Moderate
CD007784_pub3_data__A46,CD007784,78,B,-0.053283,0.903072,False,22,1374,10.1002/14651858.CD007784.pub3,9,79.84031936127745,False,0,41.876247504990026,Moderate
CD007784_pub3_data__A49,CD007784,78,B,-0.03812,0.922947,False,27,2234,10.1002/14651858.CD007784.pub3,9,79.84031936127745,False,0,41.876247504990026,Moderate
CD015083_pub2_data__A11,CD015083,78,B,-0.064615,0.665365,False,181,66687,10.1002/14651858.CD015083.pub2,3,49.101796407185624,False,0,26.097804391217565,Moderate
CD013631_pub2_data__A24,CD013631,78,B,0.0,1.0,False,1,24,10.1002/14651858.CD013631.pub2,34,99.00199600798403,False,0,48.8622754491018,Moderate
CD013631_pub2_data__A25,CD013631,78,B,0.0,1.0,False,1,24,10.1002/14651858.CD013631.pub2,34,99.00199600798403,False,0,48.8622754491018,Moderate
CD013631_pub2_data__A27,CD013631,78,B,-0.405465,0.677568,False,1,39,10.1002/14651858.CD013631.pub2,34,99.00199600798403,False,0,48.8622754491018,Moderate
CD013631_pub2_data__A5,CD013631,78,B,-0.095866,0.890612,False,9,388,10.1002/14651858.CD013631.pub2,34,99.00199600798403,False,0,48.8622754491018,Moderate
CD013631_pub2_data__A7,CD013631,78,B,-0.039781,0.960285,False,7,272,10.1002/14651858.CD013631.pub2,34,99.00199600798403,False,0,48.8622754491018,Moderate
CD013726_pub2_data__A7,CD013726,78,B,0.02252,0.967294,False,14,1067,10.1002/14651858.CD013726.pub2,3,49.101796407185624,False,0,23.78243512974052,Moderate
CD006257_pub2_data__A6,CD006257,78,B,-0.076072,0.487272,False,17,11046,10.1002/14651858.CD006257.pub2,10,82.83433133732535,False,0,40.91816367265469,Moderate
CD004417_pub6_data__A3,CD004417,78,B,-0.48401,0.003735,True,18,4512,10.1002/14651858.CD004417.pub6,6,68.76247504990019,False,0,30.209580838323348,Moderate
CD013631_pub2_data__A21,CD013631,78,B,0.0,1.0,False,1,24,10.1002/14651858.CD013631.pub2,34,99.00199600798403,False,0,48.8622754491018,Moderate
CD013631_pub2_data__A22,CD013631,78,B,0.0,1.0,False,1,24,10.1002/14651858.CD013631.pub2,34,99.00199600798403,False,0,48.8622754491018,Moderate
CD013631_pub2_data__A18,CD013631,78,B,0.0,1.0,False,1,24,10.1002/14651858.CD013631.pub2,34,99.00199600798403,False,0,48.8622754491018,Moderate
CD013631_pub2_data__A19,CD013631,78,B,0.0,1.0,False,1,24,10.1002/14651858.CD013631.pub2,34,99.00199600798403,False,0,48.8622754491018,Moderate
CD015083_pub2_data__A7,CD015083,78,B,-0.035082,0.880019,False,75,21307,10.1002/14651858.CD015083.pub2,3,49.101796407185624,False,0,26.097804391217565,Moderate
CD015083_pub2_data__A9,CD015083,78,B,-0.016166,0.952977,False,54,32918,10.1002/14651858.CD015083.pub2,3,49.101796407185624,False,0,26.097804391217565,Moderate
CD004307_pub7_data__A3,CD004307,78,B,0.076387,0.773377,False,49,24185,10.1002/14651858.CD004307.pub7,9,79.84031936127745,False,0,32.64471057884232,Moderate
CD009298_pub3_data__A54,CD009298,78,B,0.00425,0.996894,False,4,680,10.1002/14651858.CD009298.pub3,0,9.68063872255489,False,0,13.742514970059881,Moderate
CD009298_pub3_data__A55,CD009298,78,B,-0.675516,0.5077,False,4,509,10.1002/14651858.CD009298.pub3,0,9.68063872255489,False,0,13.742514970059881,Moderate
CD009298_pub3_data__A30,CD009298,78,B,-0.072392,0.788582,False,4,509,10.1002/14651858.CD009298.pub3,0,9.68063872255489,False,0,13.742514970059881,Moderate
CD015215_pub2_data__A41,CD015215,78,B,-0.737301,0.031683,False,1,150,10.1002/14651858.CD015215.pub2,11,84.83033932135729,False,0,43.802395209580844,Moderate
CD015215_pub2_data__A43,CD015215,78,B,-0.177887,0.929412,False,1,123,10.1002/14651858.CD015215.pub2,11,84.83033932135729,False,0,43.802395209580844,Moderate
CD015215_pub2_data__A44,CD015215,78,B,0.24953,0.572258,False,1,123,10.1002/14651858.CD015215.pub2,11,84.83033932135729,False,0,43.802395209580844,Moderate
CD015215_pub2_data__A46,CD015215,78,B,-0.036149,0.985623,False,1,165,10.1002/14651858.CD015215.pub2,11,84.83033932135729,False,0,43.802395209580844,Moderate
CD015215_pub2_data__A47,CD015215,78,B,-0.036149,0.985623,False,1,165,10.1002/14651858.CD015215.pub2,11,84.83033932135729,False,0,43.802395209580844,Moderate
CD015824_pub2_data__A6,CD015824,78,B,-0.076398,0.660463,False,12,2078,10.1002/14651858.CD015824.pub2,1,26.34730538922156,False,0,15.179640718562876,Moderate
CD007809_pub3_data__A5,CD007809,78,B,-0.006604,0.976855,False,9,1019,10.1002/14651858.CD007809.pub3,2,39.12175648702595,False,0,24.13173652694611,Moderate
CD015373_pub2_data__A6,CD015373,78,B,0.141085,0.851939,False,5,279,10.1002/14651858.CD015373.pub2,2,39.12175648702595,True,0,44.5309381237525,Moderate
CD015373_pub2_data__A7,CD015373,78,B,0.43493,0.311653,False,7,225,10.1002/14651858.CD015373.pub2,2,39.12175648702595,True,0,44.5309381237525,Moderate
CD006023_pub4_data__A24,CD006023,78,B,-0.373709,0.34816,False,8,1197,10.1002/14651858.CD006023.pub4,1,26.34730538922156,False,0,19.9500998003992,Moderate
CD006023_pub4_data__A25,CD006023,78,B,0.43281,0.365785,False,6,946,10.1002/14651858.CD006023.pub4,1,26.34730538922156,False,0,19.9500998003992,Moderate
CD013052_pub3_data__A2,CD013052,78,B,-0.00219,0.993746,False,8,501,10.1002/14651858.CD013052.pub3,1,26.34730538922156,False,0,12.574850299401199,Moderate
CD015215_pub2_data__A49,CD015215,78,B,-0.026043,0.989624,False,1,383,10.1002/14651858.CD015215.pub2,11,84.83033932135729,False,0,43.802395209580844,Moderate
CD013614_pub2_data__A5,CD013614,78,B,0.157639,0.303747,False,21,7024,10.1002/14651858.CD013614.pub2,2,39.12175648702595,False,0,25.449101796407188,Moderate
CD013631_pub2_data__A13,CD013631,78,B,0.157812,0.684193,False,9,440,10.1002/14651858.CD013631.pub2,34,99.00199600798403,False,0,48.8622754491018,Moderate
CD013631_pub2_data__A14,CD013631,78,B,0.0,1.0,False,1,24,10.1002/14651858.CD013631.pub2,34,99.00199600798403,False,0,48.8622754491018,Moderate
CD013631_pub2_data__A15,CD013631,78,B,0.0,1.0,False,1,24,10.1002/14651858.CD013631.pub2,34,99.00199600798403,False,0,48.8622754491018,Moderate
CD013631_pub2_data__A16,CD013631,78,B,0.0,1.0,False,1,24,10.1002/14651858.CD013631.pub2,34,99.00199600798403,False,0,48.8622754491018,Moderate
CD013631_pub2_data__A17,CD013631,78,B,0.0,1.0,False,1,24,10.1002/14651858.CD013631.pub2,34,99.00199600798403,False,0,48.8622754491018,Moderate
CD006536_pub5_data__A7,CD006536,78,B,-0.222677,0.348123,False,14,1036,10.1002/14651858.CD006536.pub5,0,9.68063872255489,False,0,12.86427145708583,Moderate
CD007310_pub3_data__A6,CD007310,78,B,-0.166123,0.683244,False,17,2607,10.1002/14651858.CD007310.pub3,0,9.68063872255489,False,0,11.497005988023954,Moderate
CD015854_data__A5,CD015854,78,B,0.421028,0.179133,False,8,456,10.1002/14651858.CD015854,0,9.68063872255489,False,0,9.121756487025948,Moderate
CD015854_data__A7,CD015854,78,B,-0.278091,0.556316,False,8,238,10.1002/14651858.CD015854,0,9.68063872255489,False,0,9.121756487025948,Moderate
CD010779_pub2_data__A2,CD010779,78,B,-0.076135,0.91302,False,9,357,10.1002/14651858.CD010779.pub2,4,57.48502994011976,False,0,25.02994011976048,Moderate
CD012967_pub2_data__A1,CD012967,78,B,0.0,1.0,False,1,330,10.1002/14651858.CD012967.pub2,15,91.81636726546905,False,0,38.762475049900196,Moderate
CD012967_pub2_data__A2,CD012967,78,B,-0.033178,0.98678,False,1,421,10.1002/14651858.CD012967.pub2,15,91.81636726546905,False,0,38.762475049900196,Moderate
CD012967_pub2_data__A3,CD012967,78,B,0.040656,0.983815,False,1,245,10.1002/14651858.CD012967.pub2,15,91.81636726546905,False,0,38.762475049900196,Moderate
CD012967_pub2_data__A4,CD012967,78,B,-0.412336,0.820238,False,2,486,10.1002/14651858.CD012967.pub2,15,91.81636726546905,False,0,38.762475049900196,Moderate
CD014792_pub2_data__A10,CD014792,78,B,-0.012163,0.975938,False,2,242,10.1002/14651858.CD014792.pub2,6,68.76247504990019,False,0,32.75449101796407,Moderate
CD014792_pub2_data__A9,CD014792,78,B,0.227421,0.480843,False,3,489,10.1002/14651858.CD014792.pub2,6,68.76247504990019,False,0,32.75449101796407,Moderate
CD012712_pub2_data__A1,CD012712,78,B,0.159945,0.151238,False,59,12275,10.1002/14651858.CD012712.pub2,10,82.83433133732535,True,0,61.427145708582835,Moderate
CD012712_pub2_data__A10,CD012712,78,B,-0.144587,0.529016,False,26,3983,10.1002/14651858.CD012712.pub2,10,82.83433133732535,True,0,61.427145708582835,Moderate
CD002042_pub6_data__A25,CD002042,78,B,-0.057288,0.840128,False,3,1505,10.1002/14651858.CD002042.pub6,2,39.12175648702595,False,0,25.219560878243513,Moderate
CD011197_pub3_data__A5,CD011197,78,B,-0.071188,0.956669,False,3,317,10.1002/14651858.CD011197.pub3,16,93.21357285429141,False,0,45.578842315369265,Moderate
CD006536_pub5_data__A12,CD006536,78,B,-0.417079,0.707724,False,4,220,10.1002/14651858.CD006536.pub5,0,9.68063872255489,False,0,12.86427145708583,Moderate
CD010966_pub4_data__A11,CD010966,78,B,0.039181,0.971309,False,4,1087,10.1002/14651858.CD010966.pub4,8,76.14770459081836,False,0,39.560878243512974,Moderate
CD013631_pub2_data__A20,CD013631,78,B,0.0,1.0,False,1,24,10.1002/14651858.CD013631.pub2,34,99.00199600798403,False,0,48.8622754491018,Moderate
CD006536_pub5_data__A13,CD006536,78,B,-0.422255,0.704363,False,4,219,10.1002/14651858.CD006536.pub5,0,9.68063872255489,False,0,12.86427145708583,Moderate
CD006536_pub5_data__A14,CD006536,78,B,-0.38076,0.731206,False,4,243,10.1002/14651858.CD006536.pub5,0,9.68063872255489,False,0,12.86427145708583,Moderate
CD006536_pub5_data__A16,CD006536,78,B,-0.261142,0.455565,False,34,2476,10.1002/14651858.CD006536.pub5,0,9.68063872255489,False,0,12.86427145708583,Moderate
CD006536_pub5_data__A19,CD006536,78,B,-0.230945,0.606826,False,21,1133,10.1002/14651858.CD006536.pub5,0,9.68063872255489,False,0,12.86427145708583,Moderate
CD013614_pub2_data__A38,CD013614,78,B,0.298558,0.7851,False,4,1801,10.1002/14651858.CD013614.pub2,2,39.12175648702595,False,0,25.449101796407188,Moderate
CD013614_pub2_data__A39,CD013614,78,B,0.294253,0.788009,False,4,2126,10.1002/14651858.CD013614.pub2,2,39.12175648702595,False,0,25.449101796407188,Moderate
CD013614_pub2_data__A40,CD013614,78,B,0.381102,0.772927,False,3,1869,10.1002/14651858.CD013614.pub2,2,39.12175648702595,False,0,25.449101796407188,Moderate
CD013396_pub2_data__A10,CD013396,78,B,0.135824,0.607079,False,3,883,10.1002/14651858.CD013396.pub2,2,39.12175648702595,False,0,21.60678642714571,Moderate
CD015215_pub2_data__A40,CD015215,78,B,-0.23955,0.904979,False,1,150,10.1002/14651858.CD015215.pub2,11,84.83033932135729,False,0,43.802395209580844,Moderate
CD003511_pub6_data__A6,CD003511,78,B,0.149932,0.78654,False,4,256,10.1002/14651858.CD003511.pub6,1,26.34730538922156,False,0,15.179640718562876,Moderate
CD003511_pub6_data__A7,CD003511,78,B,0.5276,0.597381,False,3,724,10.1002/14651858.CD003511.pub6,1,26.34730538922156,False,0,15.179640718562876,Moderate
CD013396_pub2_data__A8,CD013396,78,B,0.052388,0.801816,False,4,1575,10.1002/14651858.CD013396.pub2,2,39.12175648702595,False,0,21.60678642714571,Moderate
CD007374_pub3_data__A20,CD007374,78,B,-0.011111,0.991855,False,4,716,10.1002/14651858.CD007374.pub3,7,73.05389221556887,False,0,37.93413173652695,Moderate
CD015192_pub2_data__A1,CD015192,78,B,-0.385373,0.083135,False,24,4444,10.1002/14651858.CD015192.pub2,1,26.34730538922156,False,0,13.243512974051898,Moderate
CD004953_pub5_data__A12,CD004953,78,B,-0.234793,0.353465,False,9,884,10.1002/14651858.CD004953.pub5,0,9.68063872255489,False,0,10.658682634730539,Moderate
CD014736_pub2_data__A4,CD014736,78,B,-0.135273,0.939858,False,2,105,10.1002/14651858.CD014736.pub2,0,9.68063872255489,False,0,6.57684630738523,Moderate
CD014736_pub2_data__A5,CD014736,78,B,-0.140582,0.944449,False,1,56,10.1002/14651858.CD014736.pub2,0,9.68063872255489,False,0,6.57684630738523,Moderate
CD011197_pub3_data__A6,CD011197,78,B,-0.063062,0.95397,False,4,368,10.1002/14651858.CD011197.pub3,16,93.21357285429141,False,0,45.578842315369265,Moderate
CD011197_pub3_data__A7,CD011197,78,B,-0.071188,0.956669,False,3,317,10.1002/14651858.CD011197.pub3,16,93.21357285429141,False,0,45.578842315369265,Moderate
CD012445_pub2_data__A3,CD012445,78,B,-0.233089,0.788703,False,6,906,10.1002/14651858.CD012445.pub2,4,57.48502994011976,False,0,28.243512974051896,Moderate
CD012445_pub2_data__A9,CD012445,78,B,-0.127944,0.872006,False,7,927,10.1002/14651858.CD012445.pub2,4,57.48502994011976,False,0,28.243512974051896,Moderate
CD011858_pub2_data__A14,CD011858,78,B,0.0,1.0,False,1,60,10.1002/14651858.CD011858.pub2,9,79.84031936127745,False,0,39.28143712574851,Moderate
CD015786_pub2_data__A4,CD015786,78,B,-2.035286,0.004973,True,5,3427,10.1002/14651858.CD015786.pub2,1,26.34730538922156,False,0,13.243512974051898,Moderate
CD011535_pub7_data__A15,CD011535,78,B,0.218799,0.490655,False,26,9800,10.1002/14651858.CD011535.pub7,1,26.34730538922156,False,0,18.16367265469062,Moderate
CD011535_pub7_data__A16,CD011535,78,B,-0.219955,0.452696,False,14,5486,10.1002/14651858.CD011535.pub7,1,26.34730538922156,False,0,18.16367265469062,Moderate
CD015532_data__A5,CD015532,78,B,-0.003666,0.989314,False,10,1682,10.1002/14651858.CD015532,3,49.101796407185624,False,0,27.5748502994012,Moderate
CD013874_pub3_data__A13,CD013874,78,B,-0.805461,0.435614,False,3,545,10.1002/14651858.CD013874.pub3,0,9.68063872255489,False,0,11.497005988023954,Moderate
CD013874_pub3_data__A14,CD013874,78,B,-0.645952,0.632204,False,3,14949,10.1002/14651858.CD013874.pub3,0,9.68063872255489,False,0,11.497005988023954,Moderate
CD011858_pub2_data__A15,CD011858,78,B,0.0,1.0,False,1,60,10.1002/14651858.CD011858.pub2,9,79.84031936127745,False,0,39.28143712574851,Moderate
CD013425_pub2_data__A3,CD013425,78,B,-0.212699,0.223435,False,18,2437,10.1002/14651858.CD013425.pub2,2,39.12175648702595,False,0,22.435129740518963,Moderate
CD013425_pub2_data__A6,CD013425,78,B,-0.912878,2e-06,True,31,5512,10.1002/14651858.CD013425.pub2,2,39.12175648702595,False,0,22.435129740518963,Moderate
CD013614_pub2_data__A44,CD013614,78,B,0.37254,0.777879,False,3,1588,10.1002/14651858.CD013614.pub2,2,39.12175648702595,False,0,25.449101796407188,Moderate
CD013614_pub2_data__A45,CD013614,78,B,0.376686,0.775537,False,3,1551,10.1002/14651858.CD013614.pub2,2,39.12175648702595,False,0,25.449101796407188,Moderate
CD013614_pub2_data__A46,CD013614,78,B,0.386669,0.76991,False,3,1495,10.1002/14651858.CD013614.pub2,2,39.12175648702595,False,0,25.449101796407188,Moderate
CD003743_pub3_data__A13,CD003743,78,B,-0.041281,0.961912,False,6,405,10.1002/14651858.CD003743.pub3,0,9.68063872255489,False,0,11.497005988023954,Moderate
CD010966_pub4_data__A24,CD010966,78,B,-0.008788,0.993575,False,4,1203,10.1002/14651858.CD010966.pub4,8,76.14770459081836,False,0,39.560878243512974,Moderate
CD011120_pub3_data__A3,CD011120,78,B,0.177673,0.648888,False,3,987,10.1002/14651858.CD011120.pub3,5,63.57285429141717,False,0,26.13772455089821,Moderate
CD009362_pub4_data__A1,CD009362,78,B,-0.476879,0.001054,True,56,13177,10.1002/14651858.CD009362.pub4,5,63.57285429141717,False,0,26.76646706586827,Moderate
CD009298_pub3_data__A47,CD009298,78,B,-0.288927,0.401317,False,4,680,10.1002/14651858.CD009298.pub3,0,9.68063872255489,False,0,13.742514970059881,Moderate
CD013614_pub2_data__A33,CD013614,78,B,-0.08118,0.900962,False,10,3099,10.1002/14651858.CD013614.pub2,2,39.12175648702595,False,0,25.449101796407188,Moderate
CD013614_pub2_data__A22,CD013614,78,B,0.315731,0.084215,False,12,4106,10.1002/14651858.CD013614.pub2,2,39.12175648702595,False,0,25.449101796407188,Moderate
CD009298_pub3_data__A48,CD009298,78,B,0.00425,0.996894,False,4,680,10.1002/14651858.CD009298.pub3,0,9.68063872255489,False,0,13.742514970059881,Moderate
CD009298_pub3_data__A49,CD009298,78,B,0.00425,0.996894,False,4,680,10.1002/14651858.CD009298.pub3,0,9.68063872255489,False,0,13.742514970059881,Moderate
CD009298_pub3_data__A50,CD009298,78,B,0.00425,0.996894,False,4,680,10.1002/14651858.CD009298.pub3,0,9.68063872255489,False,0,13.742514970059881,Moderate
CD009298_pub3_data__A51,CD009298,78,B,0.375108,0.718921,False,4,680,10.1002/14651858.CD009298.pub3,0,9.68063872255489,False,0,13.742514970059881,Moderate
CD009298_pub3_data__A52,CD009298,78,B,0.375108,0.718921,False,4,680,10.1002/14651858.CD009298.pub3,0,9.68063872255489,False,0,13.742514970059881,Moderate
CD011762_pub2_data__A10,CD011762,78,B,-0.542683,0.0,True,145,150759,10.1002/14651858.CD011762.pub2,3,49.101796407185624,False,0,26.686626746506988,Moderate
CD011866_pub3_data__A3,CD011866,78,B,0.430693,0.072474,False,16,1724,10.1002/14651858.CD011866.pub3,13,88.32335329341318,False,0,40.57884231536926,Moderate
CD001431_pub6_data__A6,CD001431,78,B,0.276397,0.157003,False,60,12327,10.1002/14651858.CD001431.pub6,166,100.0,False,0,42.70459081836327,Moderate
CD004953_pub5_data__A4,CD004953,78,B,-0.231902,0.105828,False,9,1208,10.1002/14651858.CD004953.pub5,0,9.68063872255489,False,0,10.658682634730539,Moderate
CD011858_pub2_data__A10,CD011858,78,B,1.261507,0.502761,False,2,327,10.1002/14651858.CD011858.pub2,9,79.84031936127745,False,0,39.28143712574851,Moderate
CD011858_pub2_data__A11,CD011858,78,B,0.002711,0.998511,False,2,400,10.1002/14651858.CD011858.pub2,9,79.84031936127745,False,0,39.28143712574851,Moderate
CD011858_pub2_data__A12,CD011858,78,B,0.0,1.0,False,1,60,10.1002/14651858.CD011858.pub2,9,79.84031936127745,False,0,39.28143712574851,Moderate
CD011858_pub2_data__A13,CD011858,78,B,0.0,1.0,False,1,60,10.1002/14651858.CD011858.pub2,9,79.84031936127745,False,0,39.28143712574851,Moderate
CD015673_pub2_data__A10,CD015673,78,B,0.034066,0.979301,False,3,234,10.1002/14651858.CD015673.pub2,5,63.57285429141717,False,0,31.3872255489022,Moderate
CD015673_pub2_data__A7,CD015673,78,B,-1.351349,0.174734,False,4,524,10.1002/14651858.CD015673.pub2,5,63.57285429141717,False,0,31.3872255489022,Moderate
CD010216_pub9_data__A7,CD010216,78,B,-0.100422,0.907604,False,6,469,10.1002/14651858.CD010216.pub9,22,96.8063872255489,True,0,66.84630738522955,Moderate
CD010290_pub4_data__A12,CD010290,78,B,0.124491,0.672468,False,3,996,10.1002/14651858.CD010290.pub4,2,39.12175648702595,False,0,23.433133732534934,Moderate
CD011689_pub4_data__A18,CD011689,78,B,0.583928,0.0,True,168,160437,10.1002/14651858.CD011689.pub4,1,26.34730538922156,False,0,18.662674650698605,Moderate
CD008858_pub5_data__A5,CD008858,78,B,-0.156243,0.707493,False,3,50627,10.1002/14651858.CD008858.pub5,17,94.61077844311377,False,0,39.880239520958085,Moderate
CD013425_pub2_data__A11,CD013425,78,B,-1.284018,0.00015,True,18,4302,10.1002/14651858.CD013425.pub2,2,39.12175648702595,False,0,22.435129740518963,Moderate
CD015751_pub2_data__A6,CD015751,78,B,-0.328894,0.766434,False,4,202,10.1002/14651858.CD015751.pub2,3,49.101796407185624,False,0,22.345309381237527,Moderate
CD013508_pub3_data__A7,CD013508,78,B,-0.196924,0.880893,False,3,504,10.1002/14651858.CD013508.pub3,23,97.1057884231537,False,0,46.18762475049901,Moderate
CD011044_pub3_data__A1,CD011044,78,B,-0.02004,0.942953,False,52,11382,10.1002/14651858.CD011044.pub3,12,86.42714570858283,False,0,39.82035928143712,Moderate
CD003598_pub3_data__A21,CD003598,78,B,-0.399859,0.332337,False,13,1465,10.1002/14651858.CD003598.pub3,2,39.12175648702595,False,0,25.309381237524953,Moderate
CD003598_pub3_data__A26,CD003598,78,B,0.114511,0.875652,False,6,381,10.1002/14651858.CD003598.pub3,2,39.12175648702595,False,0,25.309381237524953,Moderate
CD013508_pub3_data__A4,CD013508,78,B,-0.146431,0.893409,False,4,610,10.1002/14651858.CD013508.pub3,23,97.1057884231537,False,0,46.18762475049901,Moderate
CD015215_pub2_data__A12,CD015215,78,B,-1.321288,0.00163,True,7,1241,10.1002/14651858.CD015215.pub2,11,84.83033932135729,False,0,43.802395209580844,Moderate
CD016136_data__A2,CD016136,78,B,-0.113278,0.666932,False,60,9824,10.1002/14651858.CD016136,4,57.48502994011976,False,0,25.02994011976048,Moderate
CD016147_data__A5,CD016147,77,B,1.75085,0.252571,False,1,74,10.1002/14651858.CD016147,2,39.12175648702595,False,0,22.105788423153694,Moderate
CD016211_data__A14,CD016211,77,B,0.029559,0.508398,False,1,0,10.1002/14651858.CD016211,0,9.68063872255489,False,0,12.165668662674651,Moderate
CD016211_data__A12,CD016211,77,B,0.151105,0.533243,False,2,30032,10.1002/14651858.CD016211,0,9.68063872255489,False,0,12.165668662674651,Moderate
CD016278_data__A9,CD016278,77,B,-0.204672,0.829406,False,2,4546,10.1002/14651858.CD016278,3,49.101796407185624,False,0,27.5748502994012,Moderate
CD016147_data__A6,CD016147,77,B,-0.119237,0.847453,False,2,124,10.1002/14651858.CD016147,2,39.12175648702595,False,0,22.105788423153694,Moderate
CD016211_data__A10,CD016211,77,B,-0.229509,0.037658,False,1,25114,10.1002/14651858.CD016211,0,9.68063872255489,False,0,12.165668662674651,Moderate
CD016211_data__A9,CD016211,77,B,-1.088642,0.029144,False,1,756,10.1002/14651858.CD016211,0,9.68063872255489,False,0,12.165668662674651,Moderate
CD016147_data__A7,CD016147,77,B,-0.279585,0.845428,False,1,74,10.1002/14651858.CD016147,2,39.12175648702595,False,0,22.105788423153694,Moderate
CD016211_data__A18,CD016211,77,B,-1.143609,0.211338,False,2,29969,10.1002/14651858.CD016211,0,9.68063872255489,False,0,12.165668662674651,Moderate
CD016147_data__A8,CD016147,77,B,0.226378,0.795479,False,2,124,10.1002/14651858.CD016147,2,39.12175648702595,False,0,22.105788423153694,Moderate
CD016131_data__A4,CD016131,77,B,-0.105325,0.461736,False,11,64005,10.1002/14651858.CD016131,0,9.68063872255489,False,0,7.325349301397207,Moderate
CD000143_pub2_data__A6,CD000143,77,B,-0.045462,0.964536,False,1,92,10.1002/14651858.CD000143.pub2,3,49.101796407185624,True,0,43.78243512974052,Moderate
CD016278_data__A21,CD016278,77,B,-0.036199,0.752091,False,2,11086,10.1002/14651858.CD016278,3,49.101796407185624,False,0,27.5748502994012,Moderate
CD016147_data__A9,CD016147,77,B,2.027806,0.17919,False,1,74,10.1002/14651858.CD016147,2,39.12175648702595,False,0,22.105788423153694,Moderate
CD016211_data__A16,CD016211,77,B,-0.429386,0.132742,False,2,29973,10.1002/14651858.CD016211,0,9.68063872255489,False,0,12.165668662674651,Moderate
CD002042_pub6_data__A29,CD002042,77,B,-0.276568,0.295621,False,4,539,10.1002/14651858.CD002042.pub6,2,39.12175648702595,False,0,25.219560878243513,Moderate
CD014762_pub2_data__A1,CD014762,77,B,-0.786542,0.03151,True,6,1697,10.1002/14651858.CD014762.pub2,3,49.101796407185624,False,0,21.676646706586826,Moderate
CD014762_pub2_data__A2,CD014762,77,B,-0.606436,0.154738,False,6,1264,10.1002/14651858.CD014762.pub2,3,49.101796407185624,False,0,21.676646706586826,Moderate
CD014762_pub2_data__A4,CD014762,77,B,0.780324,0.177388,False,6,1531,10.1002/14651858.CD014762.pub2,3,49.101796407185624,False,0,21.676646706586826,Moderate
CD013539_pub2_data__A7,CD013539,77,B,-0.206341,0.072009,False,27,12994,10.1002/14651858.CD013539.pub2,1,26.34730538922156,False,0,16.497005988023954,Moderate
CD006839_pub5_data__A1,CD006839,77,B,-0.119525,0.591628,False,7,498,10.1002/14651858.CD006839.pub5,0,9.68063872255489,False,0,4.580838323353293,Moderate
CD006839_pub5_data__A2,CD006839,77,B,0.878961,0.30003,False,6,338,10.1002/14651858.CD006839.pub5,0,9.68063872255489,False,0,4.580838323353293,Moderate
CD006839_pub5_data__A3,CD006839,77,B,-1.255804,0.150548,False,3,261,10.1002/14651858.CD006839.pub5,0,9.68063872255489,False,0,4.580838323353293,Moderate
CD003743_pub3_data__A1,CD003743,77,B,-0.044951,0.982168,False,1,88,10.1002/14651858.CD003743.pub3,0,9.68063872255489,False,0,11.497005988023954,Moderate
CD016278_data__A18,CD016278,77,B,-0.003086,0.998636,False,2,4379,10.1002/14651858.CD016278,3,49.101796407185624,False,0,27.5748502994012,Moderate
CD015215_pub2_data__A15,CD015215,77,B,0.103531,0.757725,False,6,597,10.1002/14651858.CD015215.pub2,11,84.83033932135729,False,0,43.802395209580844,Moderate
CD015215_pub2_data__A17,CD015215,77,B,0.578186,0.323995,False,4,724,10.1002/14651858.CD015215.pub2,11,84.83033932135729,False,0,43.802395209580844,Moderate
CD015215_pub2_data__A19,CD015215,77,B,0.700118,0.478993,False,3,641,10.1002/14651858.CD015215.pub2,11,84.83033932135729,False,0,43.802395209580844,Moderate
CD003743_pub3_data__A11,CD003743,77,B,-1.166821,0.478629,False,1,88,10.1002/14651858.CD003743.pub3,0,9.68063872255489,False,0,11.497005988023954,Moderate
CD003598_pub3_data__A31,CD003598,77,B,-0.213131,0.597298,False,2,449,10.1002/14651858.CD003598.pub3,2,39.12175648702595,False,0,25.309381237524953,Moderate
CD003598_pub3_data__A32,CD003598,77,B,-0.090437,0.699881,False,1,295,10.1002/14651858.CD003598.pub3,2,39.12175648702595,False,0,25.309381237524953,Moderate
CD003598_pub3_data__A34,CD003598,77,B,2.549126,0.08979,False,1,57,10.1002/14651858.CD003598.pub3,2,39.12175648702595,False,0,25.309381237524953,Moderate
CD003598_pub3_data__A35,CD003598,77,B,1.32826,0.451383,False,2,117,10.1002/14651858.CD003598.pub3,2,39.12175648702595,False,0,25.309381237524953,Moderate
CD003598_pub3_data__A36,CD003598,77,B,1.565953,0.320719,False,1,47,10.1002/14651858.CD003598.pub3,2,39.12175648702595,False,0,25.309381237524953,Moderate
CD015968_data__A2,CD015968,77,B,0.028406,0.48647,False,5,355,10.1002/14651858.CD015968,2,39.12175648702595,False,0,23.942115768463076,Moderate
CD013590_pub2_data__A3,CD013590,77,B,-0.627849,0.00152,True,18,1948,10.1002/14651858.CD013590.pub2,2,39.12175648702595,False,0,21.60678642714571,Moderate
CD012623_pub2_data__A1,CD012623,77,B,0.926043,2.8e-05,True,25,1807,10.1002/14651858.CD012623.pub2,8,76.14770459081836,False,0,30.758483033932137,Moderate
CD011885_pub2_data__A9,CD011885,77,B,0.196394,0.913644,False,2,56,10.1002/14651858.CD011885.pub2,0,9.68063872255489,False,0,13.79241516966068,Moderate
CD012967_pub2_data__A5,CD012967,77,B,0.333178,0.619557,False,3,1090,10.1002/14651858.CD012967.pub2,15,91.81636726546905,False,0,38.762475049900196,Moderate
CD011885_pub2_data__A46,CD011885,77,B,-0.181624,0.779404,False,2,509,10.1002/14651858.CD011885.pub2,0,9.68063872255489,False,0,13.79241516966068,Moderate
CD011885_pub2_data__A47,CD011885,77,B,0.048923,0.980511,False,1,367,10.1002/14651858.CD011885.pub2,0,9.68063872255489,False,0,13.79241516966068,Moderate
CD011885_pub2_data__A48,CD011885,77,B,-0.650801,0.486467,False,2,509,10.1002/14651858.CD011885.pub2,0,9.68063872255489,False,0,13.79241516966068,Moderate
CD011885_pub2_data__A50,CD011885,77,B,-0.80295,0.36662,False,2,509,10.1002/14651858.CD011885.pub2,0,9.68063872255489,False,0,13.79241516966068,Moderate
CD011885_pub2_data__A51,CD011885,77,B,0.460728,0.616099,False,1,367,10.1002/14651858.CD011885.pub2,0,9.68063872255489,False,0,13.79241516966068,Moderate
CD011885_pub2_data__A52,CD011885,77,B,0.048923,0.980511,False,1,367,10.1002/14651858.CD011885.pub2,0,9.68063872255489,False,0,13.79241516966068,Moderate
CD013052_pub3_data__A1,CD013052,77,B,0.231445,0.430867,False,17,1669,10.1002/14651858.CD013052.pub3,1,26.34730538922156,False,0,12.574850299401199,Moderate
CD013052_pub3_data__A3,CD013052,77,B,-0.036515,0.815243,False,13,1069,10.1002/14651858.CD013052.pub3,1,26.34730538922156,False,0,12.574850299401199,Moderate
CD013052_pub3_data__A4,CD013052,77,B,0.072037,0.743676,False,4,515,10.1002/14651858.CD013052.pub3,1,26.34730538922156,False,0,12.574850299401199,Moderate
CD011600_pub3_data__A27,CD011600,77,B,-0.516406,0.284968,False,2,12442,10.1002/14651858.CD011600.pub3,14,90.31936127744511,False,0,45.389221556886234,Moderate
CD013561_pub2_data__A6,CD013561,77,B,-0.76214,0.542897,False,1,61,10.1002/14651858.CD013561.pub2,4,57.48502994011976,False,0,26.447105788423155,Moderate
CD011044_pub3_data__A4,CD011044,77,B,0.195561,0.108431,False,41,9494,10.1002/14651858.CD011044.pub3,12,86.42714570858283,False,0,39.82035928143712,Moderate
CD015968_data__A4,CD015968,77,B,-0.561745,0.456001,False,5,337,10.1002/14651858.CD015968,2,39.12175648702595,False,0,23.942115768463076,Moderate
CD003743_pub3_data__A10,CD003743,77,B,0.120913,0.805867,False,1,82,10.1002/14651858.CD003743.pub3,0,9.68063872255489,False,0,11.497005988023954,Moderate
CD007895_pub3_data__A3,CD007895,77,B,0.067725,0.969967,False,2,190,10.1002/14651858.CD007895.pub3,1,26.34730538922156,False,0,11.876247504990022,Moderate
CD011885_pub2_data__A55,CD011885,77,B,-0.104443,0.958533,False,1,114,10.1002/14651858.CD011885.pub2,0,9.68063872255489,False,0,13.79241516966068,Moderate
CD011885_pub2_data__A56,CD011885,77,B,0.021165,0.991579,False,1,188,10.1002/14651858.CD011885.pub2,0,9.68063872255489,False,0,13.79241516966068,Moderate
CD011885_pub2_data__A57,CD011885,77,B,-0.069593,0.972362,False,1,114,10.1002/14651858.CD011885.pub2,0,9.68063872255489,False,0,13.79241516966068,Moderate
CD011885_pub2_data__A58,CD011885,77,B,0.931981,0.002085,False,1,188,10.1002/14651858.CD011885.pub2,0,9.68063872255489,False,0,13.79241516966068,Moderate
CD011885_pub2_data__A59,CD011885,77,B,-0.070826,0.971875,False,1,112,10.1002/14651858.CD011885.pub2,0,9.68063872255489,False,0,13.79241516966068,Moderate
CD011885_pub2_data__A60,CD011885,77,B,0.021165,0.991579,False,1,188,10.1002/14651858.CD011885.pub2,0,9.68063872255489,False,0,13.79241516966068,Moderate
CD011885_pub2_data__A41,CD011885,77,B,0.416329,0.483513,False,2,460,10.1002/14651858.CD011885.pub2,0,9.68063872255489,False,0,13.79241516966068,Moderate
CD015854_data__A11,CD015854,77,B,-0.468898,0.814984,False,2,29,10.1002/14651858.CD015854,0,9.68063872255489,False,0,9.121756487025948,Moderate
CD013396_pub2_data__A9,CD013396,77,B,0.031289,0.876236,False,4,1341,10.1002/14651858.CD013396.pub2,2,39.12175648702595,False,0,21.60678642714571,Moderate
CD011627_pub3_data__A2,CD011627,77,B,-1.007364,0.30392,False,2,211,10.1002/14651858.CD011627.pub3,0,9.68063872255489,False,0,5.209580838323354,Moderate
CD011627_pub3_data__A3,CD011627,77,B,-3.533125,0.000624,False,1,180,10.1002/14651858.CD011627.pub3,0,9.68063872255489,False,0,5.209580838323354,Moderate
CD011627_pub3_data__A4,CD011627,77,B,1.749812,0.00226,False,1,180,10.1002/14651858.CD011627.pub3,0,9.68063872255489,False,0,5.209580838323354,Moderate
CD011689_pub4_data__A12,CD011689,77,B,0.338402,0.0,True,303,351631,10.1002/14651858.CD011689.pub4,1,26.34730538922156,False,0,18.662674650698605,Moderate
CD011689_pub4_data__A14,CD011689,77,B,-0.065763,0.341895,False,84,155088,10.1002/14651858.CD011689.pub4,1,26.34730538922156,False,0,18.662674650698605,Moderate
CD011689_pub4_data__A15,CD011689,77,B,0.339691,0.109917,False,57,59334,10.1002/14651858.CD011689.pub4,1,26.34730538922156,False,0,18.662674650698605,Moderate
CD011600_pub3_data__A20,CD011600,77,B,-0.69568,0.708984,False,2,12442,10.1002/14651858.CD011600.pub3,14,90.31936127744511,False,0,45.389221556886234,Moderate
CD011600_pub3_data__A21,CD011600,77,B,-0.018943,0.991477,False,2,2532,10.1002/14651858.CD011600.pub3,14,90.31936127744511,False,0,45.389221556886234,Moderate
CD011600_pub3_data__A22,CD011600,77,B,0.005219,0.997652,False,2,3064,10.1002/14651858.CD011600.pub3,14,90.31936127744511,False,0,45.389221556886234,Moderate
CD015524_pub2_data__A7,CD015524,77,B,-0.178676,0.778131,False,9,825,10.1002/14651858.CD015524.pub2,1,26.34730538922156,True,0,40.199600798403196,Moderate
CD011885_pub2_data__A43,CD011885,77,B,-0.559456,0.32451,False,1,367,10.1002/14651858.CD011885.pub2,0,9.68063872255489,False,0,13.79241516966068,Moderate
CD011885_pub2_data__A45,CD011885,77,B,0.494215,0.494737,False,2,460,10.1002/14651858.CD011885.pub2,0,9.68063872255489,False,0,13.79241516966068,Moderate
CD014855_pub2_data__A6,CD014855,77,B,0.021622,0.991397,False,1,184,10.1002/14651858.CD014855.pub2,0,9.68063872255489,False,0,6.57684630738523,Moderate
CD014869_pub2_data__A2,CD014869,77,B,-1.349927,0.061363,False,1,36,10.1002/14651858.CD014869.pub2,0,9.68063872255489,False,0,7.325349301397207,Moderate
CD014869_pub2_data__A3,CD014869,77,B,0.0,1.0,False,1,420,10.1002/14651858.CD014869.pub2,0,9.68063872255489,False,0,7.325349301397207,Moderate
CD005951_pub5_data__A10,CD005951,77,B,-0.663294,0.745563,False,1,24,10.1002/14651858.CD005951.pub5,7,73.05389221556887,False,0,35.17964071856288,Moderate
CD005951_pub5_data__A11,CD005951,77,B,-0.323172,0.858476,False,2,2349,10.1002/14651858.CD005951.pub5,7,73.05389221556887,False,0,35.17964071856288,Moderate
CD014960_pub2_data__A7,CD014960,77,B,1.12147,0.494081,False,1,175,10.1002/14651858.CD014960.pub2,11,84.83033932135729,False,0,38.57285429141717,Moderate
CD003743_pub3_data__A2,CD003743,77,B,-0.745791,0.405165,False,1,82,10.1002/14651858.CD003743.pub3,0,9.68063872255489,False,0,11.497005988023954,Moderate
CD003743_pub3_data__A3,CD003743,77,B,0.364147,0.461825,False,1,82,10.1002/14651858.CD003743.pub3,0,9.68063872255489,False,0,11.497005988023954,Moderate
CD003743_pub3_data__A5,CD003743,77,B,-0.044951,0.979884,False,2,176,10.1002/14651858.CD003743.pub3,0,9.68063872255489,False,0,11.497005988023954,Moderate
CD003743_pub3_data__A6,CD003743,77,B,0.557015,0.368143,False,1,82,10.1002/14651858.CD003743.pub3,0,9.68063872255489,False,0,11.497005988023954,Moderate
CD003743_pub3_data__A7,CD003743,77,B,0.346523,0.558361,False,1,82,10.1002/14651858.CD003743.pub3,0,9.68063872255489,False,0,11.497005988023954,Moderate
CD003743_pub3_data__A8,CD003743,77,B,0.833599,0.072499,False,1,82,10.1002/14651858.CD003743.pub3,0,9.68063872255489,False,0,11.497005988023954,Moderate
CD011120_pub3_data__A2,CD011120,77,B,0.009999,0.960542,False,5,1795,10.1002/14651858.CD011120.pub3,5,63.57285429141717,False,0,26.13772455089821,Moderate
CD003743_pub3_data__A9,CD003743,77,B,0.0,1.0,False,1,82,10.1002/14651858.CD003743.pub3,0,9.68063872255489,False,0,11.497005988023954,Moderate
CD013614_pub2_data__A34,CD013614,77,B,-0.037435,0.893636,False,3,420,10.1002/14651858.CD013614.pub2,2,39.12175648702595,False,0,25.449101796407188,Moderate
CD006742_pub3_data__A1,CD006742,77,B,-0.169212,0.329017,False,5,9124,10.1002/14651858.CD006742.pub3,1,26.34730538922156,False,0,12.574850299401199,Moderate
CD015820_pub2_data__A1,CD015820,77,B,-0.450978,0.5786,False,7,602,10.1002/14651858.CD015820.pub2,0,9.68063872255489,False,0,8.013972055888225,Moderate
CD015373_pub2_data__A8,CD015373,77,B,1.124271,0.427953,False,2,164,10.1002/14651858.CD015373.pub2,2,39.12175648702595,True,0,44.5309381237525,Moderate
CD015395_pub3_data__A4,CD015395,77,B,-1.420616,0.135267,False,5,2349,10.1002/14651858.CD015395.pub3,14,90.31936127744511,False,0,40.26946107784431,Moderate
CD015395_pub3_data__A5,CD015395,77,B,-1.460606,0.0,False,1,2224,10.1002/14651858.CD015395.pub3,14,90.31936127744511,False,0,40.26946107784431,Moderate
CD015395_pub3_data__A6,CD015395,77,B,-0.068588,0.494654,False,1,2224,10.1002/14651858.CD015395.pub3,14,90.31936127744511,False,0,40.26946107784431,Moderate
CD015395_pub3_data__A7,CD015395,77,B,0.764397,7.6e-05,False,1,2224,10.1002/14651858.CD015395.pub3,14,90.31936127744511,False,0,40.26946107784431,Moderate
CD015395_pub3_data__A8,CD015395,77,B,-0.731367,0.004601,False,1,2224,10.1002/14651858.CD015395.pub3,14,90.31936127744511,False,0,40.26946107784431,Moderate
CD005951_pub5_data__A7,CD005951,77,B,-0.323172,0.858476,False,2,2349,10.1002/14651858.CD005951.pub5,7,73.05389221556887,False,0,35.17964071856288,Moderate
CD011600_pub3_data__A8,CD011600,77,B,-0.69568,0.708984,False,2,12442,10.1002/14651858.CD011600.pub3,14,90.31936127744511,False,0,45.389221556886234,Moderate
CD013614_pub2_data__A41,CD013614,77,B,-0.780023,0.049953,True,5,1576,10.1002/14651858.CD013614.pub2,2,39.12175648702595,False,0,25.449101796407188,Moderate
CD013429_pub2_data__A6,CD013429,77,B,0.0,1.0,False,2,120,10.1002/14651858.CD013429.pub2,2,39.12175648702595,False,0,20.898203592814372,Moderate
CD007374_pub3_data__A2,CD007374,77,B,-0.771885,0.150568,False,5,527,10.1002/14651858.CD007374.pub3,7,73.05389221556887,False,0,37.93413173652695,Moderate
CD015192_pub2_data__A5,CD015192,77,B,1.041454,0.371169,False,1,179,10.1002/14651858.CD015192.pub2,1,26.34730538922156,False,0,13.243512974051898,Moderate
CD015192_pub2_data__A6,CD015192,77,B,-0.643291,0.520402,False,2,164,10.1002/14651858.CD015192.pub2,1,26.34730538922156,False,0,13.243512974051898,Moderate
CD013425_pub2_data__A9,CD013425,77,B,-0.026873,0.916962,False,35,8910,10.1002/14651858.CD013425.pub2,2,39.12175648702595,False,0,22.435129740518963,Moderate
CD003743_pub3_data__A14,CD003743,77,B,-0.041281,0.981557,False,2,135,10.1002/14651858.CD003743.pub3,0,9.68063872255489,False,0,11.497005988023954,Moderate
CD005951_pub5_data__A8,CD005951,77,B,-0.323172,0.858476,False,2,2349,10.1002/14651858.CD005951.pub5,7,73.05389221556887,False,0,35.17964071856288,Moderate
CD005951_pub5_data__A9,CD005951,77,B,0.00258,0.998971,False,1,2325,10.1002/14651858.CD005951.pub5,7,73.05389221556887,False,0,35.17964071856288,Moderate
CD016031_data__A19,CD016031,77,B,0.046205,0.919464,False,20,1887,10.1002/14651858.CD016031,2,39.12175648702595,False,0,24.13173652694611,Moderate
CD016031_data__A3,CD016031,77,B,0.412177,0.424941,False,1,736,10.1002/14651858.CD016031,2,39.12175648702595,False,0,24.13173652694611,Moderate
CD016031_data__A4,CD016031,77,B,-2.632827,8.3e-05,False,1,731,10.1002/14651858.CD016031,2,39.12175648702595,False,0,24.13173652694611,Moderate
CD007784_pub3_data__A9,CD007784,77,B,-0.03409,0.587177,False,3,6704,10.1002/14651858.CD007784.pub3,9,79.84031936127745,False,0,41.876247504990026,Moderate
CD011885_pub2_data__A24,CD011885,77,B,0.229298,0.900462,False,2,34,10.1002/14651858.CD011885.pub2,0,9.68063872255489,False,0,13.79241516966068,Moderate
CD013874_pub3_data__A10,CD013874,77,B,0.481993,0.600504,False,5,725,10.1002/14651858.CD013874.pub3,0,9.68063872255489,False,0,11.497005988023954,Moderate
CD013844_pub2_data__A6,CD013844,77,B,-0.341464,0.021074,True,18,13774,10.1002/14651858.CD013844.pub2,4,57.48502994011976,False,0,28.952095808383234,Moderate
CD011885_pub2_data__A27,CD011885,77,B,-0.025463,0.988572,False,2,457,10.1002/14651858.CD011885.pub2,0,9.68063872255489,False,0,13.79241516966068,Moderate
CD011885_pub2_data__A28,CD011885,77,B,0.021165,0.991579,False,1,188,10.1002/14651858.CD011885.pub2,0,9.68063872255489,False,0,13.79241516966068,Moderate
CD011885_pub2_data__A29,CD011885,77,B,-2.191622,0.038569,False,1,367,10.1002/14651858.CD011885.pub2,0,9.68063872255489,False,0,13.79241516966068,Moderate
CD009679_pub3_data__A9,CD009679,77,B,-0.111576,0.907426,False,5,345,10.1002/14651858.CD009679.pub3,4,57.48502994011976,False,0,29.451097804391217,Moderate
CD011689_pub4_data__A19,CD011689,77,B,-0.042104,0.108371,False,30,44070,10.1002/14651858.CD011689.pub4,1,26.34730538922156,False,0,18.662674650698605,Moderate
CD015854_data__A9,CD015854,77,B,-0.737599,0.721092,False,1,16,10.1002/14651858.CD015854,0,9.68063872255489,False,0,9.121756487025948,Moderate
CD010779_pub2_data__A3,CD010779,77,B,0.073203,0.970979,False,1,81,10.1002/14651858.CD010779.pub2,4,57.48502994011976,False,0,25.02994011976048,Moderate
CD015087_pub2_data__A1,CD015087,77,B,-0.561625,0.101481,False,13,992,10.1002/14651858.CD015087.pub2,4,57.48502994011976,False,0,30.618762475049902,Moderate
CD011600_pub3_data__A3,CD011600,77,B,-0.238347,0.051127,False,5,11308,10.1002/14651858.CD011600.pub3,14,90.31936127744511,False,0,45.389221556886234,Moderate
CD013874_pub3_data__A5,CD013874,77,B,-1.807803,0.003468,True,10,2237,10.1002/14651858.CD013874.pub3,0,9.68063872255489,False,0,11.497005988023954,Moderate
CD013874_pub3_data__A6,CD013874,77,B,0.625133,0.365146,False,9,2526,10.1002/14651858.CD013874.pub3,0,9.68063872255489,False,0,11.497005988023954,Moderate
CD011762_pub2_data__A5,CD011762,77,B,0.118507,0.01281,True,131,163984,10.1002/14651858.CD011762.pub2,3,49.101796407185624,False,0,26.686626746506988,Moderate
CD013631_pub2_data__A6,CD013631,77,B,0.91365,0.292703,False,6,208,10.1002/14651858.CD013631.pub2,34,99.00199600798403,False,0,48.8622754491018,Moderate
CD001533_pub7_data__A4,CD001533,77,B,-0.803108,4.4e-05,True,27,2483,10.1002/14651858.CD001533.pub7,14,90.31936127744511,False,0,39.5808383233533,Moderate
CD001533_pub7_data__A5,CD001533,77,B,-0.141664,0.127716,False,68,7342,10.1002/14651858.CD001533.pub7,14,90.31936127744511,False,0,39.5808383233533,Moderate
CD016031_data__A10,CD016031,77,B,-0.044303,0.88297,False,6,448,10.1002/14651858.CD016031,2,39.12175648702595,False,0,24.13173652694611,Moderate
CD016031_data__A12,CD016031,77,B,0.0,1.0,False,1,837,10.1002/14651858.CD016031,2,39.12175648702595,False,0,24.13173652694611,Moderate
CD011762_pub2_data__A8,CD011762,77,B,-0.183397,0.0,True,131,209622,10.1002/14651858.CD011762.pub2,3,49.101796407185624,False,0,26.686626746506988,Moderate
CD013874_pub3_data__A3,CD013874,77,B,-1.192128,0.007234,True,15,13791,10.1002/14651858.CD013874.pub3,0,9.68063872255489,False,0,11.497005988023954,Moderate
CD010216_pub9_data__A18,CD010216,77,B,1.012929,0.082094,False,7,2022,10.1002/14651858.CD010216.pub9,22,96.8063872255489,True,0,66.84630738522955,Moderate
CD010216_pub9_data__A19,CD010216,77,B,-0.609671,0.760878,False,1,327,10.1002/14651858.CD010216.pub9,22,96.8063872255489,True,0,66.84630738522955,Moderate
CD011885_pub2_data__A30,CD011885,77,B,0.029242,0.988352,False,1,341,10.1002/14651858.CD011885.pub2,0,9.68063872255489,False,0,13.79241516966068,Moderate
CD011885_pub2_data__A31,CD011885,77,B,0.021165,0.991579,False,1,188,10.1002/14651858.CD011885.pub2,0,9.68063872255489,False,0,13.79241516966068,Moderate
CD010441_pub3_data__A4,CD010441,77,B,-0.480444,0.374197,False,6,799,10.1002/14651858.CD010441.pub3,0,9.68063872255489,False,0,7.325349301397207,Moderate
CD014935_pub2_data__A11,CD014935,77,B,-2.426347,0.000171,False,1,130,10.1002/14651858.CD014935.pub2,1,26.34730538922156,False,0,16.497005988023954,Moderate
CD014935_pub2_data__A8,CD014935,77,B,0.798508,0.541573,False,1,22,10.1002/14651858.CD014935.pub2,1,26.34730538922156,False,0,16.497005988023954,Moderate
CD015514_pub2_data__A1,CD015514,77,B,-0.539444,0.041702,False,1,239,10.1002/14651858.CD015514.pub2,4,57.48502994011976,False,0,27.135728542914173,Moderate
CD015514_pub2_data__A3,CD015514,77,B,0.0,1.0,False,2,56,10.1002/14651858.CD015514.pub2,4,57.48502994011976,False,0,27.135728542914173,Moderate
CD011885_pub2_data__A32,CD011885,77,B,0.021165,0.991579,False,1,188,10.1002/14651858.CD011885.pub2,0,9.68063872255489,False,0,13.79241516966068,Moderate
CD011885_pub2_data__A33,CD011885,77,B,-0.143553,0.853745,False,2,509,10.1002/14651858.CD011885.pub2,0,9.68063872255489,False,0,13.79241516966068,Moderate
CD011885_pub2_data__A34,CD011885,77,B,-0.771363,0.160638,False,1,367,10.1002/14651858.CD011885.pub2,0,9.68063872255489,False,0,13.79241516966068,Moderate
CD011885_pub2_data__A35,CD011885,77,B,-0.037408,0.983213,False,2,455,10.1002/14651858.CD011885.pub2,0,9.68063872255489,False,0,13.79241516966068,Moderate
CD011885_pub2_data__A36,CD011885,77,B,0.021165,0.991579,False,1,188,10.1002/14651858.CD011885.pub2,0,9.68063872255489,False,0,13.79241516966068,Moderate
CD011885_pub2_data__A37,CD011885,77,B,0.402549,0.67841,False,2,509,10.1002/14651858.CD011885.pub2,0,9.68063872255489,False,0,13.79241516966068,Moderate
CD007374_pub3_data__A11,CD007374,77,B,1.165029,0.016846,True,7,519,10.1002/14651858.CD007374.pub3,7,73.05389221556887,False,0,37.93413173652695,Moderate
CD014967_pub2_data__A10,CD014967,77,B,-0.217231,0.387343,False,4,448,10.1002/14651858.CD014967.pub2,12,86.42714570858283,False,0,42.19560878243513,Moderate
CD015636_pub2_data__A1,CD015636,77,B,0.070043,0.943195,False,7,12612,10.1002/14651858.CD015636.pub2,27,98.20359281437125,False,0,39.35129740518962,Moderate
CD011885_pub2_data__A38,CD011885,77,B,0.0487,0.935791,False,2,509,10.1002/14651858.CD011885.pub2,0,9.68063872255489,False,0,13.79241516966068,Moderate
CD011885_pub2_data__A40,CD011885,77,B,-0.294393,0.707596,False,2,509,10.1002/14651858.CD011885.pub2,0,9.68063872255489,False,0,13.79241516966068,Moderate
CD011885_pub2_data__A12,CD011885,77,B,0.076961,0.969879,False,1,25,10.1002/14651858.CD011885.pub2,0,9.68063872255489,False,0,13.79241516966068,Moderate
CD011885_pub2_data__A17,CD011885,77,B,0.315081,0.876761,False,1,31,10.1002/14651858.CD011885.pub2,0,9.68063872255489,False,0,13.79241516966068,Moderate
CD015373_pub2_data__A17,CD015373,77,B,0.825886,0.548105,False,2,134,10.1002/14651858.CD015373.pub2,2,39.12175648702595,True,0,44.5309381237525,Moderate
CD015373_pub2_data__A18,CD015373,77,B,0.219723,0.744042,False,2,130,10.1002/14651858.CD015373.pub2,2,39.12175648702595,True,0,44.5309381237525,Moderate
CD015373_pub2_data__A19,CD015373,77,B,-0.268264,0.896725,False,1,133,10.1002/14651858.CD015373.pub2,2,39.12175648702595,True,0,44.5309381237525,Moderate
CD011885_pub2_data__A19,CD011885,77,B,0.229298,0.900462,False,2,34,10.1002/14651858.CD011885.pub2,0,9.68063872255489,False,0,13.79241516966068,Moderate
CD011885_pub2_data__A20,CD011885,77,B,0.048923,0.980511,False,1,367,10.1002/14651858.CD011885.pub2,0,9.68063872255489,False,0,13.79241516966068,Moderate
CD011885_pub2_data__A21,CD011885,77,B,0.021165,0.991579,False,1,188,10.1002/14651858.CD011885.pub2,0,9.68063872255489,False,0,13.79241516966068,Moderate
CD011885_pub2_data__A23,CD011885,77,B,0.229298,0.900462,False,2,34,10.1002/14651858.CD011885.pub2,0,9.68063872255489,False,0,13.79241516966068,Moderate
CD011858_pub2_data__A5,CD011858,77,B,-0.075122,0.934435,False,4,390,10.1002/14651858.CD011858.pub2,9,79.84031936127745,False,0,39.28143712574851,Moderate
CD015551_pub2_data__A1,CD015551,77,B,-0.95581,0.115062,False,5,6173,10.1002/14651858.CD015551.pub2,2,39.12175648702595,False,0,18.353293413173652,Moderate
CD015551_pub2_data__A3,CD015551,77,B,0.297786,0.194839,False,6,5506,10.1002/14651858.CD015551.pub2,2,39.12175648702595,False,0,18.353293413173652,Moderate
CD015215_pub2_data__A54,CD015215,77,B,-0.002306,0.998307,False,4,1397,10.1002/14651858.CD015215.pub2,11,84.83033932135729,False,0,43.802395209580844,Moderate
CD015215_pub2_data__A9,CD015215,77,B,0.00402,0.991722,False,7,643,10.1002/14651858.CD015215.pub2,11,84.83033932135729,False,0,43.802395209580844,Moderate
CD014967_pub2_data__A15,CD014967,77,B,-0.303115,0.39426,False,4,272,10.1002/14651858.CD014967.pub2,12,86.42714570858283,False,0,42.19560878243513,Moderate
CD006257_pub2_data__A17,CD006257,77,B,1.17272,0.322917,False,1,58,10.1002/14651858.CD006257.pub2,10,82.83433133732535,False,0,40.91816367265469,Moderate
CD014967_pub2_data__A9,CD014967,77,B,0.466526,0.196071,False,3,357,10.1002/14651858.CD014967.pub2,12,86.42714570858283,False,0,42.19560878243513,Moderate
CD009679_pub3_data__A10,CD009679,77,B,-0.071459,0.968049,False,2,166,10.1002/14651858.CD009679.pub3,4,57.48502994011976,False,0,29.451097804391217,Moderate
CD009679_pub3_data__A12,CD009679,77,B,-0.071459,0.971666,False,1,83,10.1002/14651858.CD009679.pub3,4,57.48502994011976,False,0,29.451097804391217,Moderate
CD001533_pub7_data__A2,CD001533,77,B,-0.601435,4.2e-05,True,47,3884,10.1002/14651858.CD001533.pub7,14,90.31936127744511,False,0,39.5808383233533,Moderate
CD013284_pub2_data__A2,CD013284,77,B,-0.064701,0.889571,False,20,975,10.1002/14651858.CD013284.pub2,4,57.48502994011976,False,0,30.618762475049902,Moderate
CD013284_pub2_data__A3,CD013284,77,B,-8.3e-05,0.999899,False,10,978,10.1002/14651858.CD013284.pub2,4,57.48502994011976,False,0,30.618762475049902,Moderate
CD014960_pub2_data__A8,CD014960,77,B,1.039071,0.526424,False,1,168,10.1002/14651858.CD014960.pub2,11,84.83033932135729,False,0,38.57285429141717,Moderate
CD014960_pub2_data__A9,CD014960,77,B,-0.341749,0.709184,False,1,52,10.1002/14651858.CD014960.pub2,11,84.83033932135729,False,0,38.57285429141717,Moderate
CD004661_pub4_data__A24,CD004661,77,B,-0.611528,0.170254,False,1,1679,10.1002/14651858.CD004661.pub4,16,93.21357285429141,False,0,46.467065868263475,Moderate
CD011858_pub2_data__A1,CD011858,77,B,-0.264243,0.511157,False,20,1095,10.1002/14651858.CD011858.pub2,9,79.84031936127745,False,0,39.28143712574851,Moderate
CD011858_pub2_data__A6,CD011858,77,B,0.046998,0.958536,False,4,384,10.1002/14651858.CD011858.pub2,9,79.84031936127745,False,0,39.28143712574851,Moderate
CD011858_pub2_data__A7,CD011858,77,B,0.499287,0.671534,False,3,341,10.1002/14651858.CD011858.pub2,9,79.84031936127745,False,0,39.28143712574851,Moderate
CD011858_pub2_data__A8,CD011858,77,B,-0.053618,0.957257,False,3,458,10.1002/14651858.CD011858.pub2,9,79.84031936127745,False,0,39.28143712574851,Moderate
CD011858_pub2_data__A9,CD011858,77,B,-0.006766,0.994797,False,4,398,10.1002/14651858.CD011858.pub2,9,79.84031936127745,False,0,39.28143712574851,Moderate
CD013284_pub2_data__A12,CD013284,77,B,0.170325,0.415481,False,5,663,10.1002/14651858.CD013284.pub2,4,57.48502994011976,False,0,30.618762475049902,Moderate
CD009298_pub3_data__A36,CD009298,77,B,-0.851845,0.206464,False,2,284,10.1002/14651858.CD009298.pub3,0,9.68063872255489,False,0,13.742514970059881,Moderate
CD009298_pub3_data__A39,CD009298,77,B,-0.358665,0.439975,False,2,280,10.1002/14651858.CD009298.pub3,0,9.68063872255489,False,0,13.742514970059881,Moderate
CD009298_pub3_data__A40,CD009298,77,B,0.080561,0.80622,False,2,249,10.1002/14651858.CD009298.pub3,0,9.68063872255489,False,0,13.742514970059881,Moderate
CD014960_pub2_data__A4,CD014960,77,B,0.011696,0.990775,False,1,175,10.1002/14651858.CD014960.pub2,11,84.83033932135729,False,0,38.57285429141717,Moderate
CD014960_pub2_data__A5,CD014960,77,B,-0.491408,0.595737,False,1,168,10.1002/14651858.CD014960.pub2,11,84.83033932135729,False,0,38.57285429141717,Moderate
CD014960_pub2_data__A6,CD014960,77,B,0.011696,0.990775,False,1,175,10.1002/14651858.CD014960.pub2,11,84.83033932135729,False,0,38.57285429141717,Moderate
CD009679_pub3_data__A1,CD009679,77,B,-0.030978,0.94604,False,20,1263,10.1002/14651858.CD009679.pub3,4,57.48502994011976,False,0,29.451097804391217,Moderate
CD010216_pub9_data__A13,CD010216,77,B,-0.338194,0.851313,False,2,201,10.1002/14651858.CD010216.pub9,22,96.8063872255489,True,0,66.84630738522955,Moderate
CD010216_pub9_data__A14,CD010216,77,B,-0.357293,0.84325,False,2,199,10.1002/14651858.CD010216.pub9,22,96.8063872255489,True,0,66.84630738522955,Moderate
CD016147_data__A10,CD016147,77,B,-1.058607,0.522987,False,1,50,10.1002/14651858.CD016147,2,39.12175648702595,False,0,22.105788423153694,Moderate
CD016278_data__A13,CD016278,77,B,-0.546337,0.765922,False,2,3644,10.1002/14651858.CD016278,3,49.101796407185624,False,0,27.5748502994012,Moderate
CD011575_pub3_data__A9,CD011575,77,B,-0.081134,0.610469,False,1,3079,10.1002/14651858.CD011575.pub3,4,57.48502994011976,False,0,31.477045908183634,Moderate
CD011600_pub3_data__A11,CD011600,77,B,-0.69568,0.708984,False,2,12442,10.1002/14651858.CD011600.pub3,14,90.31936127744511,False,0,45.389221556886234,Moderate
CD011600_pub3_data__A17,CD011600,77,B,-0.692408,0.710194,False,2,6088,10.1002/14651858.CD011600.pub3,14,90.31936127744511,False,0,45.389221556886234,Moderate
CD016211_data__A15,CD016211,77,B,-0.913979,0.307183,False,2,30034,10.1002/14651858.CD016211,0,9.68063872255489,False,0,12.165668662674651,Moderate
CD000143_pub2_data__A3,CD000143,77,B,-0.166481,0.716401,False,1,92,10.1002/14651858.CD000143.pub2,3,49.101796407185624,True,0,43.78243512974052,Moderate
CD000143_pub2_data__A5,CD000143,77,B,-0.166481,0.716401,False,1,92,10.1002/14651858.CD000143.pub2,3,49.101796407185624,True,0,43.78243512974052,Moderate
CD009749_pub3_data__A9,CD009749,77,B,1.36535,0.190463,False,4,262,10.1002/14651858.CD009749.pub3,7,73.05389221556887,False,0,34.47105788423154,Moderate
CD000143_pub2_data__A7,CD000143,77,B,0.199046,0.777942,False,1,92,10.1002/14651858.CD000143.pub2,3,49.101796407185624,True,0,43.78243512974052,Moderate
CD000143_pub2_data__A8,CD000143,77,B,-0.147636,0.760662,False,1,89,10.1002/14651858.CD000143.pub2,3,49.101796407185624,True,0,43.78243512974052,Moderate
CD011575_pub3_data__A6,CD011575,76,B,0.264775,0.149174,False,4,16732,10.1002/14651858.CD011575.pub3,4,57.48502994011976,False,0,31.477045908183634,Moderate
CD010216_pub9_data__A16,CD010216,76,B,-0.615726,0.58457,False,4,795,10.1002/14651858.CD010216.pub9,22,96.8063872255489,True,0,66.84630738522955,Moderate
CD009749_pub3_data__A7,CD009749,76,B,0.473066,0.380171,False,11,788,10.1002/14651858.CD009749.pub3,7,73.05389221556887,False,0,34.47105788423154,Moderate
CD011575_pub3_data__A5,CD011575,76,B,0.018319,0.925737,False,4,16732,10.1002/14651858.CD011575.pub3,4,57.48502994011976,False,0,31.477045908183634,Moderate
CD011575_pub3_data__A4,CD011575,76,B,0.342684,0.213569,False,4,16732,10.1002/14651858.CD011575.pub3,4,57.48502994011976,False,0,31.477045908183634,Moderate
CD011575_pub3_data__A3,CD011575,76,B,0.238468,0.14547,False,4,16732,10.1002/14651858.CD011575.pub3,4,57.48502994011976,False,0,31.477045908183634,Moderate
CD011575_pub3_data__A21,CD011575,76,B,0.457887,0.169026,False,3,12314,10.1002/14651858.CD011575.pub3,4,57.48502994011976,False,0,31.477045908183634,Moderate
CD011575_pub3_data__A20,CD011575,76,B,0.292392,0.245757,False,3,12314,10.1002/14651858.CD011575.pub3,4,57.48502994011976,False,0,31.477045908183634,Moderate
CD015968_data__A17,CD015968,76,B,-1.93,0.686039,False,1,18,10.1002/14651858.CD015968,2,39.12175648702595,False,0,23.942115768463076,Moderate
CD015968_data__A16,CD015968,76,B,9.0,0.035015,False,1,18,10.1002/14651858.CD015968,2,39.12175648702595,False,0,23.942115768463076,Moderate
CD015968_data__A15,CD015968,76,B,-0.7,0.819018,False,1,70,10.1002/14651858.CD015968,2,39.12175648702595,False,0,23.942115768463076,Moderate
CD015968_data__A14,CD015968,76,B,-2.46,0.551981,False,1,70,10.1002/14651858.CD015968,2,39.12175648702595,False,0,23.942115768463076,Moderate
CD015968_data__A13,CD015968,76,B,3.0,0.512316,False,1,70,10.1002/14651858.CD015968,2,39.12175648702595,False,0,23.942115768463076,Moderate
CD011600_pub3_data__A16,CD011600,76,B,-0.010888,0.993335,False,3,4064,10.1002/14651858.CD011600.pub3,14,90.31936127744511,False,0,45.389221556886234,Moderate
CD016278_data__A12,CD016278,76,B,-0.104815,0.344754,False,3,4556,10.1002/14651858.CD016278,3,49.101796407185624,False,0,27.5748502994012,Moderate
CD016147_data__A12,CD016147,76,B,-0.20915,0.873818,False,3,244,10.1002/14651858.CD016147,2,39.12175648702595,False,0,22.105788423153694,Moderate
CD016147_data__A11,CD016147,76,B,-0.413136,0.344253,False,3,244,10.1002/14651858.CD016147,2,39.12175648702595,False,0,22.105788423153694,Moderate
CD010216_pub9_data__A15,CD010216,76,B,-0.618758,0.648901,False,3,465,10.1002/14651858.CD010216.pub9,22,96.8063872255489,True,0,66.84630738522955,Moderate
CD011575_pub3_data__A7,CD011575,76,B,0.688062,0.253807,False,3,13653,10.1002/14651858.CD011575.pub3,4,57.48502994011976,False,0,31.477045908183634,Moderate
CD004661_pub4_data__A14,CD004661,76,B,0.061486,0.736109,False,17,14115,10.1002/14651858.CD004661.pub4,16,93.21357285429141,False,0,46.467065868263475,Moderate
CD014960_pub2_data__A3,CD014960,76,B,-0.731371,0.558597,False,3,457,10.1002/14651858.CD014960.pub2,11,84.83033932135729,False,0,38.57285429141717,Moderate
CD004661_pub4_data__A10,CD004661,76,B,0.085099,0.64596,False,17,16433,10.1002/14651858.CD004661.pub4,16,93.21357285429141,False,0,46.467065868263475,Moderate
CD004661_pub4_data__A6,CD004661,76,B,0.361489,0.051525,False,24,25554,10.1002/14651858.CD004661.pub4,16,93.21357285429141,False,0,46.467065868263475,Moderate
CD015536_pub2_data__A10,CD015536,76,B,-0.444719,0.131399,False,25,2708,10.1002/14651858.CD015536.pub2,0,9.68063872255489,False,0,9.121756487025948,Moderate
CD004661_pub4_data__A26,CD004661,76,B,-0.066739,0.810911,False,2,863,10.1002/14651858.CD004661.pub4,16,93.21357285429141,False,0,46.467065868263475,Moderate
CD004661_pub4_data__A25,CD004661,76,B,0.144126,0.390813,False,4,6456,10.1002/14651858.CD004661.pub4,16,93.21357285429141,False,0,46.467065868263475,Moderate
CD014965_pub2_data__A21,CD014965,76,B,1.138458,0.108642,False,1,100,10.1002/14651858.CD014965.pub2,4,57.48502994011976,False,0,32.25548902195609,Moderate
CD014965_pub2_data__A17,CD014965,76,B,1.151256,0.328129,False,1,80,10.1002/14651858.CD014965.pub2,4,57.48502994011976,False,0,32.25548902195609,Moderate
CD004992_pub4_data__A1,CD004992,76,B,-1.836621,0.009779,True,4,271,10.1002/14651858.CD004992.pub4,8,76.14770459081836,False,0,35.0998003992016,Moderate
CD009679_pub3_data__A11,CD009679,76,B,1.544258,0.079127,False,3,214,10.1002/14651858.CD009679.pub3,4,57.48502994011976,False,0,29.451097804391217,Moderate
CD006257_pub2_data__A12,CD006257,76,B,0.866517,0.005907,True,29,5584,10.1002/14651858.CD006257.pub2,10,82.83433133732535,False,0,40.91816367265469,Moderate
CD004661_pub4_data__A18,CD004661,76,B,-0.156413,0.384765,False,4,5335,10.1002/14651858.CD004661.pub4,16,93.21357285429141,False,0,46.467065868263475,Moderate
CD004661_pub4_data__A17,CD004661,76,B,-0.009539,0.91915,False,4,4203,10.1002/14651858.CD004661.pub4,16,93.21357285429141,False,0,46.467065868263475,Moderate
CD013764_pub2_data__A2,CD013764,76,B,-0.10706,0.688049,False,6,5906,10.1002/14651858.CD013764.pub2,1,26.34730538922156,False,0,13.992015968063875,Moderate
CD013758_pub2_data__A7,CD013758,76,B,0.321311,0.355029,False,3,1296,10.1002/14651858.CD013758.pub2,5,63.57285429141717,False,0,34.5309381237525,Moderate
CD015229_pub2_data__A7,CD015229,76,B,-49.836645,0.003809,True,11,533,10.1002/14651858.CD015229.pub2,1,26.34730538922156,False,0,13.992015968063875,Moderate
CD007491_pub3_data__A1,CD007491,76,B,-0.25365,0.847146,False,3,420,10.1002/14651858.CD007491.pub3,30,98.40319361277446,False,0,40.69860279441118,Moderate
CD011535_pub7_data__A5,CD011535,76,B,2.170801,0.0,True,59,28250,10.1002/14651858.CD011535.pub7,1,26.34730538922156,False,0,18.16367265469062,Moderate
CD015551_pub2_data__A4,CD015551,76,B,0.115131,0.276916,False,4,5304,10.1002/14651858.CD015551.pub2,2,39.12175648702595,False,0,18.353293413173652,Moderate
CD015350_pub2_data__A2,CD015350,76,B,0.243033,0.575037,False,4,235,10.1002/14651858.CD015350.pub2,2,39.12175648702595,False,0,19.10179640718563,Moderate
CD011885_pub2_data__A16,CD011885,76,B,0.073349,0.947022,False,4,259,10.1002/14651858.CD011885.pub2,0,9.68063872255489,False,0,13.79241516966068,Moderate
CD011885_pub2_data__A14,CD011885,76,B,0.073349,0.947022,False,4,259,10.1002/14651858.CD011885.pub2,0,9.68063872255489,False,0,13.79241516966068,Moderate
CD011885_pub2_data__A11,CD011885,76,B,-0.043217,0.973656,False,3,413,10.1002/14651858.CD011885.pub2,0,9.68063872255489,False,0,13.79241516966068,Moderate
CD011575_pub3_data__A19,CD011575,76,B,0.320765,0.120601,False,3,12314,10.1002/14651858.CD011575.pub3,4,57.48502994011976,False,0,31.477045908183634,Moderate
CD011575_pub3_data__A17,CD011575,76,B,0.123097,0.638845,False,3,16008,10.1002/14651858.CD011575.pub3,4,57.48502994011976,False,0,31.477045908183634,Moderate
CD011575_pub3_data__A16,CD011575,76,B,0.170836,0.212422,False,3,16008,10.1002/14651858.CD011575.pub3,4,57.48502994011976,False,0,31.477045908183634,Moderate
CD011575_pub3_data__A15,CD011575,76,B,0.229828,0.257617,False,3,16008,10.1002/14651858.CD011575.pub3,4,57.48502994011976,False,0,31.477045908183634,Moderate
CD011575_pub3_data__A14,CD011575,76,B,-0.065595,0.642387,False,3,16008,10.1002/14651858.CD011575.pub3,4,57.48502994011976,False,0,31.477045908183634,Moderate
CD011575_pub3_data__A13,CD011575,76,B,0.001877,0.998621,False,4,15343,10.1002/14651858.CD011575.pub3,4,57.48502994011976,False,0,31.477045908183634,Moderate
CD011575_pub3_data__A12,CD011575,76,B,0.001877,0.998621,False,4,15343,10.1002/14651858.CD011575.pub3,4,57.48502994011976,False,0,31.477045908183634,Moderate
CD011535_pub7_data__A8,CD011535,76,B,1.379935,0.0,True,61,11544,10.1002/14651858.CD011535.pub7,1,26.34730538922156,False,0,18.16367265469062,Moderate
CD013745_pub2_data__A4,CD013745,76,B,0.408851,0.002259,True,12,12069,10.1002/14651858.CD013745.pub2,1,26.34730538922156,False,0,13.992015968063875,Moderate
CD013758_pub2_data__A24,CD013758,76,B,-0.034933,0.978712,False,3,344,10.1002/14651858.CD013758.pub2,5,63.57285429141717,False,0,34.5309381237525,Moderate
CD013758_pub2_data__A22,CD013758,76,B,-0.034933,0.978712,False,3,344,10.1002/14651858.CD013758.pub2,5,63.57285429141717,False,0,34.5309381237525,Moderate
CD013758_pub2_data__A12,CD013758,76,B,0.536988,0.344295,False,10,1008,10.1002/14651858.CD013758.pub2,5,63.57285429141717,False,0,34.5309381237525,Moderate
CD007491_pub3_data__A5,CD007491,76,B,-0.172822,0.874252,False,4,1271,10.1002/14651858.CD007491.pub3,30,98.40319361277446,False,0,40.69860279441118,Moderate
CD015373_pub2_data__A5,CD015373,76,B,0.223976,0.629461,False,4,476,10.1002/14651858.CD015373.pub2,2,39.12175648702595,True,0,44.5309381237525,Moderate
CD014960_pub2_data__A2,CD014960,76,B,0.029671,0.961074,False,3,330,10.1002/14651858.CD014960.pub2,11,84.83033932135729,False,0,38.57285429141717,Moderate
CD010290_pub4_data__A7,CD010290,76,B,0.279178,0.312283,False,10,1710,10.1002/14651858.CD010290.pub4,2,39.12175648702595,False,0,23.433133732534934,Moderate
CD010216_pub9_data__A17,CD010216,76,B,-0.607826,0.652579,False,3,610,10.1002/14651858.CD010216.pub9,22,96.8063872255489,True,0,66.84630738522955,Moderate
CD016031_data__A11,CD016031,76,B,0.123841,0.822531,False,3,1073,10.1002/14651858.CD016031,2,39.12175648702595,False,0,24.13173652694611,Moderate
CD009298_pub3_data__A31,CD009298,76,B,-0.189587,0.343521,False,4,907,10.1002/14651858.CD009298.pub3,0,9.68063872255489,False,0,13.742514970059881,Moderate
CD015968_data__A11,CD015968,76,B,-0.611124,0.836988,False,2,176,10.1002/14651858.CD015968,2,39.12175648702595,False,0,23.942115768463076,Moderate
CD015968_data__A10,CD015968,76,B,-5.051068,0.46223,False,2,132,10.1002/14651858.CD015968,2,39.12175648702595,False,0,23.942115768463076,Moderate
CD011762_pub2_data__A4,CD011762,76,B,-0.038611,0.382933,False,291,364095,10.1002/14651858.CD011762.pub2,3,49.101796407185624,False,0,26.686626746506988,Moderate
CD011600_pub3_data__A7,CD011600,76,B,-0.46212,0.727746,False,3,13974,10.1002/14651858.CD011600.pub3,14,90.31936127744511,False,0,45.389221556886234,Moderate
CD011689_pub4_data__A3,CD011689,76,B,-0.220752,0.0,True,309,361207,10.1002/14651858.CD011689.pub4,1,26.34730538922156,False,0,18.662674650698605,Moderate
CD010779_pub2_data__A1,CD010779,76,B,0.01602,0.988319,False,4,256,10.1002/14651858.CD010779.pub2,4,57.48502994011976,False,0,25.02994011976048,Moderate
CD016031_data__A17,CD016031,76,B,-0.207888,0.482652,False,39,3854,10.1002/14651858.CD016031,2,39.12175648702595,False,0,24.13173652694611,Moderate
CD015854_data__A4,CD015854,76,B,0.601997,0.0511,False,11,497,10.1002/14651858.CD015854,0,9.68063872255489,False,0,9.121756487025948,Moderate
CD007310_pub3_data__A7,CD007310,76,B,0.014507,0.95606,False,20,3765,10.1002/14651858.CD007310.pub3,0,9.68063872255489,False,0,11.497005988023954,Moderate
CD007310_pub3_data__A16,CD007310,76,B,-0.487597,0.161879,False,3,547,10.1002/14651858.CD007310.pub3,0,9.68063872255489,False,0,11.497005988023954,Moderate
CD010216_pub9_data__A4,CD010216,76,B,0.178588,0.52754,False,30,3472,10.1002/14651858.CD010216.pub9,22,96.8063872255489,True,0,66.84630738522955,Moderate
CD004992_pub4_data__A2,CD004992,76,B,-1.749486,0.015043,True,4,264,10.1002/14651858.CD004992.pub4,8,76.14770459081836,False,0,35.0998003992016,Moderate
CD015373_pub2_data__A1,CD015373,76,B,0.799474,0.251063,False,4,718,10.1002/14651858.CD015373.pub2,2,39.12175648702595,True,0,44.5309381237525,Moderate
CD016031_data__A7,CD016031,76,B,-0.129169,0.726923,False,3,607,10.1002/14651858.CD016031,2,39.12175648702595,False,0,24.13173652694611,Moderate
CD016031_data__A21,CD016031,76,B,-0.015413,0.988747,False,4,291,10.1002/14651858.CD016031,2,39.12175648702595,False,0,24.13173652694611,Moderate
CD006536_pub5_data__A6,CD006536,76,B,-0.040329,0.848991,False,16,1591,10.1002/14651858.CD006536.pub5,0,9.68063872255489,False,0,12.86427145708583,Moderate
CD013425_pub2_data__A1,CD013425,76,B,-0.390624,0.004141,True,11,6085,10.1002/14651858.CD013425.pub2,2,39.12175648702595,False,0,22.435129740518963,Moderate
CD007310_pub3_data__A10,CD007310,76,B,0.567509,0.046921,True,19,3225,10.1002/14651858.CD007310.pub3,0,9.68063872255489,False,0,11.497005988023954,Moderate
CD013396_pub2_data__A1,CD013396,76,B,-0.462286,0.014346,True,14,5088,10.1002/14651858.CD013396.pub2,2,39.12175648702595,False,0,21.60678642714571,Moderate
CD013429_pub2_data__A5,CD013429,76,B,0.0,1.0,False,4,240,10.1002/14651858.CD013429.pub2,2,39.12175648702595,False,0,20.898203592814372,Moderate
CD013429_pub2_data__A10,CD013429,76,B,0.0,1.0,False,4,240,10.1002/14651858.CD013429.pub2,2,39.12175648702595,False,0,20.898203592814372,Moderate
CD003774_pub5_data__A3,CD003774,76,B,-0.825341,0.0,True,76,8528,10.1002/14651858.CD003774.pub5,13,88.32335329341318,False,0,43.26347305389221,Moderate
CD011627_pub3_data__A1,CD011627,76,B,-0.486931,0.11956,False,20,1188,10.1002/14651858.CD011627.pub3,0,9.68063872255489,False,0,5.209580838323354,Moderate
CD007784_pub3_data__A7,CD007784,76,B,-0.54928,0.043696,True,4,4261,10.1002/14651858.CD007784.pub3,9,79.84031936127745,False,0,41.876247504990026,Moderate
CD015514_pub2_data__A7,CD015514,76,B,-0.472139,0.325362,False,3,374,10.1002/14651858.CD015514.pub2,4,57.48502994011976,False,0,27.135728542914173,Moderate
CD014855_pub2_data__A4,CD014855,76,B,0.880689,0.052821,False,16,1563,10.1002/14651858.CD014855.pub2,0,9.68063872255489,False,0,6.57684630738523,Moderate
CD007809_pub3_data__A21,CD007809,76,B,0.0,1.0,False,2,160,10.1002/14651858.CD007809.pub3,2,39.12175648702595,False,0,24.13173652694611,Moderate
CD009298_pub3_data__A29,CD009298,76,B,-0.100098,0.646783,False,4,509,10.1002/14651858.CD009298.pub3,0,9.68063872255489,False,0,13.742514970059881,Moderate
CD015824_pub2_data__A7,CD015824,76,B,-0.240654,0.801632,False,5,1418,10.1002/14651858.CD015824.pub2,1,26.34730538922156,False,0,15.179640718562876,Moderate
CD015373_pub2_data__A13,CD015373,76,B,-0.455742,0.479942,False,4,221,10.1002/14651858.CD015373.pub2,2,39.12175648702595,True,0,44.5309381237525,Moderate
CD015373_pub2_data__A11,CD015373,76,B,0.938958,0.135076,False,7,240,10.1002/14651858.CD015373.pub2,2,39.12175648702595,True,0,44.5309381237525,Moderate
CD013613_pub2_data__A4,CD013613,76,B,0.828603,0.27581,False,5,342,10.1002/14651858.CD013613.pub2,3,49.101796407185624,False,0,26.986027944111775,Moderate
CD013613_pub2_data__A3,CD013613,76,B,0.828603,0.27581,False,5,342,10.1002/14651858.CD013613.pub2,3,49.101796407185624,False,0,26.986027944111775,Moderate
CD013613_pub2_data__A13,CD013613,76,B,0.183459,0.919018,False,2,71,10.1002/14651858.CD013613.pub2,3,49.101796407185624,False,0,26.986027944111775,Moderate
CD013613_pub2_data__A10,CD013613,76,B,0.127041,0.895719,False,5,203,10.1002/14651858.CD013613.pub2,3,49.101796407185624,False,0,26.986027944111775,Moderate
CD010966_pub4_data__A4,CD010966,76,B,-0.077816,0.195233,False,451,16573,10.1002/14651858.CD010966.pub4,8,76.14770459081836,False,0,39.560878243512974,Moderate
CD003743_pub3_data__A15,CD003743,76,B,0.23832,0.661002,False,2,135,10.1002/14651858.CD003743.pub3,0,9.68063872255489,False,0,11.497005988023954,Moderate
CD014869_pub2_data__A5,CD014869,76,B,0.16507,0.767159,False,4,462,10.1002/14651858.CD014869.pub2,0,9.68063872255489,False,0,7.325349301397207,Moderate
CD004703_pub3_data__A4,CD004703,76,B,-0.050118,0.969522,False,3,282,10.1002/14651858.CD004703.pub3,18,95.50898203592814,False,0,40.23952095808383,Moderate
CD004703_pub3_data__A2,CD004703,76,B,-0.539647,0.10043,False,26,2819,10.1002/14651858.CD004703.pub3,18,95.50898203592814,False,0,40.23952095808383,Moderate
CD014855_pub2_data__A5,CD014855,76,B,0.00467,0.993207,False,14,1458,10.1002/14651858.CD014855.pub2,0,9.68063872255489,False,0,6.57684630738523,Moderate
CD011885_pub2_data__A42,CD011885,76,B,0.425147,0.424878,False,3,602,10.1002/14651858.CD011885.pub2,0,9.68063872255489,False,0,13.79241516966068,Moderate
CD015532_data__A7,CD015532,76,B,0.195727,0.243703,False,13,1347,10.1002/14651858.CD015532,3,49.101796407185624,False,0,27.5748502994012,Moderate
CD015532_data__A2,CD015532,76,B,0.177964,0.221145,False,14,2100,10.1002/14651858.CD015532,3,49.101796407185624,False,0,27.5748502994012,Moderate
CD015854_data__A10,CD015854,76,B,0.201995,0.863261,False,2,28,10.1002/14651858.CD015854,0,9.68063872255489,False,0,9.121756487025948,Moderate
CD013613_pub2_data__A8,CD013613,76,B,-0.208585,0.515766,False,6,404,10.1002/14651858.CD013613.pub2,3,49.101796407185624,False,0,26.986027944111775,Moderate
CD013613_pub2_data__A7,CD013613,76,B,-0.037539,0.907692,False,6,323,10.1002/14651858.CD013613.pub2,3,49.101796407185624,False,0,26.986027944111775,Moderate
CD013613_pub2_data__A6,CD013613,76,B,-0.584341,0.4195,False,5,345,10.1002/14651858.CD013613.pub2,3,49.101796407185624,False,0,26.986027944111775,Moderate
CD013613_pub2_data__A5,CD013613,76,B,-0.442527,0.455888,False,6,288,10.1002/14651858.CD013613.pub2,3,49.101796407185624,False,0,26.986027944111775,Moderate
CD011885_pub2_data__A54,CD011885,76,B,-0.015428,0.990592,False,3,555,10.1002/14651858.CD011885.pub2,0,9.68063872255489,False,0,13.79241516966068,Moderate
CD007895_pub3_data__A4,CD007895,76,B,0.196827,0.768795,False,4,806,10.1002/14651858.CD007895.pub3,1,26.34730538922156,False,0,11.876247504990022,Moderate
CD007895_pub3_data__A1,CD007895,76,B,0.050578,0.963223,False,4,784,10.1002/14651858.CD007895.pub3,1,26.34730538922156,False,0,11.876247504990022,Moderate
CD007809_pub3_data__A20,CD007809,76,B,0.0,1.0,False,1,80,10.1002/14651858.CD007809.pub3,2,39.12175648702595,False,0,24.13173652694611,Moderate
CD007809_pub3_data__A19,CD007809,76,B,0.0,1.0,False,1,80,10.1002/14651858.CD007809.pub3,2,39.12175648702595,False,0,24.13173652694611,Moderate
CD007809_pub3_data__A18,CD007809,76,B,0.0,1.0,False,1,80,10.1002/14651858.CD007809.pub3,2,39.12175648702595,False,0,24.13173652694611,Moderate
CD007809_pub3_data__A17,CD007809,76,B,0.0,1.0,False,1,80,10.1002/14651858.CD007809.pub3,2,39.12175648702595,False,0,24.13173652694611,Moderate
CD007809_pub3_data__A16,CD007809,76,B,0.0,1.0,False,1,80,10.1002/14651858.CD007809.pub3,2,39.12175648702595,False,0,24.13173652694611,Moderate
CD013508_pub3_data__A11,CD013508,76,B,-0.003891,0.994559,False,13,1454,10.1002/14651858.CD013508.pub3,23,97.1057884231537,False,0,46.18762475049901,Moderate
CD015968_data__A9,CD015968,76,B,-0.378678,0.861001,False,2,132,10.1002/14651858.CD015968,2,39.12175648702595,False,0,23.942115768463076,Moderate
CD015968_data__A8,CD015968,76,B,-3.887197,0.583421,False,2,132,10.1002/14651858.CD015968,2,39.12175648702595,False,0,23.942115768463076,Moderate
CD011044_pub3_data__A2,CD011044,76,B,-0.043719,0.898226,False,35,8994,10.1002/14651858.CD011044.pub3,12,86.42714570858283,False,0,39.82035928143712,Moderate
CD013429_pub2_data__A9,CD013429,76,B,0.0,1.0,False,4,240,10.1002/14651858.CD013429.pub2,2,39.12175648702595,False,0,20.898203592814372,Moderate
CD007026_pub7_data__A5,CD007026,76,B,0.940441,0.161473,False,3,1335,10.1002/14651858.CD007026.pub7,10,82.83433133732535,False,0,35.83832335329341,Moderate
CD007026_pub7_data__A4,CD007026,76,B,-0.086144,0.596959,False,10,3024,10.1002/14651858.CD007026.pub7,10,82.83433133732535,False,0,35.83832335329341,Moderate
CD007026_pub7_data__A1,CD007026,76,B,-0.063532,0.681944,False,14,3378,10.1002/14651858.CD007026.pub7,10,82.83433133732535,False,0,35.83832335329341,Moderate
CD013561_pub2_data__A7,CD013561,76,B,0.289429,0.633295,False,2,100,10.1002/14651858.CD013561.pub2,4,57.48502994011976,False,0,26.447105788423155,Moderate
CD013561_pub2_data__A5,CD013561,76,B,-1.284059,0.239709,False,2,88,10.1002/14651858.CD013561.pub2,4,57.48502994011976,False,0,26.447105788423155,Moderate
CD011575_pub3_data__A2,CD011575,76,B,0.298192,0.114596,False,4,16732,10.1002/14651858.CD011575.pub3,4,57.48502994011976,False,0,31.477045908183634,Moderate
CD007809_pub3_data__A15,CD007809,76,B,0.0,1.0,False,1,80,10.1002/14651858.CD007809.pub3,2,39.12175648702595,False,0,24.13173652694611,Moderate
CD007809_pub3_data__A14,CD007809,76,B,0.0,1.0,False,1,80,10.1002/14651858.CD007809.pub3,2,39.12175648702595,False,0,24.13173652694611,Moderate
CD015524_pub2_data__A15,CD015524,76,B,-0.048522,0.886731,False,8,550,10.1002/14651858.CD015524.pub2,1,26.34730538922156,True,0,40.199600798403196,Moderate
CD015524_pub2_data__A14,CD015524,76,B,0.137846,0.719642,False,8,550,10.1002/14651858.CD015524.pub2,1,26.34730538922156,True,0,40.199600798403196,Moderate
CD015524_pub2_data__A12,CD015524,76,B,-0.027094,0.919895,False,9,896,10.1002/14651858.CD015524.pub2,1,26.34730538922156,True,0,40.199600798403196,Moderate
CD005595_pub4_data__A6,CD005595,76,B,-0.076839,0.901716,False,11,1652,10.1002/14651858.CD005595.pub4,8,76.14770459081836,False,0,37.24550898203593,Moderate
CD007859_pub5_data__A7,CD007859,76,B,0.280689,0.511682,False,3,336,10.1002/14651858.CD007859.pub5,1,26.34730538922156,False,0,13.992015968063875,Moderate
CD011885_pub2_data__A53,CD011885,76,B,0.454606,0.213361,False,3,602,10.1002/14651858.CD011885.pub2,0,9.68063872255489,False,0,13.79241516966068,Moderate
CD011885_pub2_data__A49,CD011885,76,B,0.570804,0.195946,False,3,602,10.1002/14651858.CD011885.pub2,0,9.68063872255489,False,0,13.79241516966068,Moderate
CD002052_pub4_data__A9,CD002052,76,B,0.682218,0.322136,False,1,60,10.1002/14651858.CD002052.pub4,0,9.68063872255489,True,0,30.32934131736527,Moderate
CD002052_pub4_data__A7,CD002052,76,B,0.378115,0.514624,False,5,228,10.1002/14651858.CD002052.pub4,0,9.68063872255489,True,0,30.32934131736527,Moderate
CD012642_pub2_data__A2,CD012642,76,B,-1.09227,1.4e-05,True,24,717,10.1002/14651858.CD012642.pub2,9,79.84031936127745,False,0,37.89421157684632,Moderate
CD013827_pub2_data__A6,CD013827,76,B,0.301339,0.009284,True,15,3519,10.1002/14651858.CD013827.pub2,5,63.57285429141717,False,0,32.47504990019961,Moderate
CD014811_pub2_data__A3,CD014811,76,B,-0.015831,0.98415,False,7,341,10.1002/14651858.CD014811.pub2,6,68.76247504990019,False,0,29.54091816367265,Moderate
CD012635_pub2_data__A6,CD012635,76,B,0.004119,0.973738,False,6,2891,10.1002/14651858.CD012635.pub2,3,49.101796407185624,False,0,24.890219560878243,Moderate
CD015524_pub2_data__A18,CD015524,76,B,-0.161742,0.636961,False,8,550,10.1002/14651858.CD015524.pub2,1,26.34730538922156,True,0,40.199600798403196,Moderate
CD015524_pub2_data__A17,CD015524,76,B,-0.157616,0.639405,False,9,586,10.1002/14651858.CD015524.pub2,1,26.34730538922156,True,0,40.199600798403196,Moderate
CD015524_pub2_data__A16,CD015524,76,B,-0.04728,0.887675,False,9,586,10.1002/14651858.CD015524.pub2,1,26.34730538922156,True,0,40.199600798403196,Moderate
CD012635_pub2_data__A1,CD012635,76,B,-0.145836,0.229214,False,7,3039,10.1002/14651858.CD012635.pub2,3,49.101796407185624,False,0,24.890219560878243,Moderate
CD002052_pub4_data__A12,CD002052,76,B,4.638941,0.001642,False,1,60,10.1002/14651858.CD002052.pub4,0,9.68063872255489,True,0,30.32934131736527,Moderate
CD013613_pub2_data__A1,CD013613,76,B,0.077856,0.928842,False,6,288,10.1002/14651858.CD013613.pub2,3,49.101796407185624,False,0,26.986027944111775,Moderate
CD013595_pub2_data__A2,CD013595,76,B,0.597746,0.001137,True,8,3405,10.1002/14651858.CD013595.pub2,6,68.76247504990019,False,0,32.75449101796407,Moderate
CD015968_data__A20,CD015968,76,B,0.0,1.0,False,1,18,10.1002/14651858.CD015968,2,39.12175648702595,False,0,23.942115768463076,Moderate
CD015968_data__A19,CD015968,76,B,15.6,0.188235,False,1,18,10.1002/14651858.CD015968,2,39.12175648702595,False,0,23.942115768463076,Moderate
CD015968_data__A18,CD015968,76,B,15.47,0.127719,False,1,18,10.1002/14651858.CD015968,2,39.12175648702595,False,0,23.942115768463076,Moderate
CD003598_pub3_data__A5,CD003598,76,B,-0.291957,0.22854,False,45,4687,10.1002/14651858.CD003598.pub3,2,39.12175648702595,False,0,25.309381237524953,Moderate
CD003598_pub3_data__A30,CD003598,76,B,0.342745,0.584163,False,4,685,10.1002/14651858.CD003598.pub3,2,39.12175648702595,False,0,25.309381237524953,Moderate
CD003743_pub3_data__A12,CD003743,76,B,-0.126542,0.907957,False,4,278,10.1002/14651858.CD003743.pub3,0,9.68063872255489,False,0,11.497005988023954,Moderate
CD015968_data__A12,CD015968,76,B,-4.183702,0.569881,False,2,132,10.1002/14651858.CD015968,2,39.12175648702595,False,0,23.942115768463076,Moderate
CD016278_data__A19,CD016278,76,B,0.296528,0.29501,False,3,14507,10.1002/14651858.CD016278,3,49.101796407185624,False,0,27.5748502994012,Moderate
CD016278_data__A17,CD016278,76,B,0.281687,0.759927,False,4,14392,10.1002/14651858.CD016278,3,49.101796407185624,False,0,27.5748502994012,Moderate
CD016278_data__A16,CD016278,76,B,0.34363,0.735628,False,4,14742,10.1002/14651858.CD016278,3,49.101796407185624,False,0,27.5748502994012,Moderate
CD016278_data__A15,CD016278,76,B,0.34363,0.735628,False,4,14742,10.1002/14651858.CD016278,3,49.101796407185624,False,0,27.5748502994012,Moderate
CD016278_data__A14,CD016278,76,B,0.016896,0.98968,False,3,4695,10.1002/14651858.CD016278,3,49.101796407185624,False,0,27.5748502994012,Moderate
CD013508_pub3_data__A9,CD013508,76,B,-0.003891,0.994559,False,13,1454,10.1002/14651858.CD013508.pub3,23,97.1057884231537,False,0,46.18762475049901,Moderate
CD002052_pub4_data__A11,CD002052,76,B,-1.495494,0.193529,False,1,60,10.1002/14651858.CD002052.pub4,0,9.68063872255489,True,0,30.32934131736527,Moderate
CD002052_pub4_data__A10,CD002052,76,B,1.007641,0.176857,False,1,60,10.1002/14651858.CD002052.pub4,0,9.68063872255489,True,0,30.32934131736527,Moderate
CD002042_pub6_data__A26,CD002042,76,B,-0.111558,0.412057,False,15,6313,10.1002/14651858.CD002042.pub6,2,39.12175648702595,False,0,25.219560878243513,Moderate
CD015524_pub2_data__A10,CD015524,76,B,0.105959,0.667166,False,12,976,10.1002/14651858.CD015524.pub2,1,26.34730538922156,True,0,40.199600798403196,Moderate
CD012642_pub2_data__A3,CD012642,76,B,0.894903,6.9e-05,True,28,785,10.1002/14651858.CD012642.pub2,9,79.84031936127745,False,0,37.89421157684632,Moderate
CD016278_data__A7,CD016278,76,B,0.063359,0.909854,False,4,14480,10.1002/14651858.CD016278,3,49.101796407185624,False,0,27.5748502994012,Moderate
CD016278_data__A6,CD016278,76,B,0.022704,0.821966,False,4,15631,10.1002/14651858.CD016278,3,49.101796407185624,False,0,27.5748502994012,Moderate
CD010145_pub2_data__A4,CD010145,76,B,1.194166,0.001052,True,8,699,10.1002/14651858.CD010145.pub2,2,39.12175648702595,False,0,24.361277445109785,Moderate
CD011575_pub3_data__A8,CD011575,76,B,-0.027469,0.933239,False,3,16008,10.1002/14651858.CD011575.pub3,4,57.48502994011976,False,0,31.477045908183634,Moderate
CD016211_data__A17,CD016211,76,B,-0.605439,0.073627,False,4,42423,10.1002/14651858.CD016211,0,9.68063872255489,False,0,12.165668662674651,Moderate
CD016211_data__A3,CD016211,76,B,0.183914,0.617357,False,4,42371,10.1002/14651858.CD016211,0,9.68063872255489,False,0,12.165668662674651,Moderate
CD016278_data__A8,CD016278,76,B,-0.150924,0.176172,False,4,15728,10.1002/14651858.CD016278,3,49.101796407185624,False,0,27.5748502994012,Moderate
CD016131_data__A5,CD016131,75,B,-0.118413,0.612583,False,12,104296,10.1002/14651858.CD016131,0,9.68063872255489,False,0,7.325349301397207,Moderate
CD010216_pub9_data__A12,CD010216,75,B,0.388488,0.258131,False,3,457,10.1002/14651858.CD010216.pub9,22,96.8063872255489,True,0,66.84630738522955,Moderate
CD016147_data__A2,CD016147,75,B,-0.528781,0.344422,False,5,756,10.1002/14651858.CD016147,2,39.12175648702595,False,0,22.105788423153694,Moderate
CD009945_pub3_data__A3,CD009945,75,B,0.492476,0.364923,False,1,66,10.1002/14651858.CD009945.pub3,2,39.12175648702595,False,0,16.35728542914172,Moderate
CD016278_data__A2,CD016278,75,B,-0.256846,0.163752,False,2,4327,10.1002/14651858.CD016278,3,49.101796407185624,False,0,27.5748502994012,Moderate
CD012642_pub2_data__A8,CD012642,75,B,-0.04312,0.980919,False,2,66,10.1002/14651858.CD012642.pub2,9,79.84031936127745,False,0,37.89421157684632,Moderate
CD001920_pub4_data__A10,CD001920,75,B,0.039451,0.939296,False,16,630,10.1002/14651858.CD001920.pub4,13,88.32335329341318,False,0,41.287425149700596,Moderate
CD011197_pub3_data__A3,CD011197,75,B,-0.867218,0.039966,True,4,378,10.1002/14651858.CD011197.pub3,16,93.21357285429141,False,0,45.578842315369265,Moderate
CD002052_pub4_data__A1,CD002052,75,B,0.6038,0.360688,False,4,288,10.1002/14651858.CD002052.pub4,0,9.68063872255489,True,0,30.32934131736527,Moderate
CD014762_pub2_data__A5,CD014762,75,B,-0.068074,0.70303,False,3,970,10.1002/14651858.CD014762.pub2,3,49.101796407185624,False,0,21.676646706586826,Moderate
CD012570_pub2_data__A6,CD012570,75,B,-0.36247,0.581639,False,10,4222,10.1002/14651858.CD012570.pub2,2,39.12175648702595,False,0,19.10179640718563,Moderate
CD012642_pub2_data__A10,CD012642,75,B,-0.487015,0.809088,False,1,66,10.1002/14651858.CD012642.pub2,9,79.84031936127745,False,0,37.89421157684632,Moderate
CD012570_pub2_data__A5,CD012570,75,B,-0.36247,0.581639,False,10,4222,10.1002/14651858.CD012570.pub2,2,39.12175648702595,False,0,19.10179640718563,Moderate
CD012426_pub2_data__A5,CD012426,75,B,0.103383,0.602571,False,3,1300,10.1002/14651858.CD012426.pub2,0,9.68063872255489,False,0,5.908183632734531,Moderate
CD012642_pub2_data__A11,CD012642,75,B,0.0,1.0,False,1,20,10.1002/14651858.CD012642.pub2,9,79.84031936127745,False,0,37.89421157684632,Moderate
CD014792_pub2_data__A8,CD014792,75,B,0.089826,0.889198,False,5,759,10.1002/14651858.CD014792.pub2,6,68.76247504990019,False,0,32.75449101796407,Moderate
CD007809_pub3_data__A8,CD007809,75,B,0.009883,0.992764,False,4,533,10.1002/14651858.CD007809.pub3,2,39.12175648702595,False,0,24.13173652694611,Moderate
CD007809_pub3_data__A9,CD007809,75,B,0.009883,0.992764,False,4,533,10.1002/14651858.CD007809.pub3,2,39.12175648702595,False,0,24.13173652694611,Moderate
CD013816_pub2_data__A18,CD013816,75,B,0.014663,0.994155,False,1,681,10.1002/14651858.CD013816.pub2,3,49.101796407185624,False,0,27.764471057884233,Moderate
CD013816_pub2_data__A2,CD013816,75,B,0.515864,0.075999,False,9,2220,10.1002/14651858.CD013816.pub2,3,49.101796407185624,False,0,27.764471057884233,Moderate
CD009235_pub4_data__A16,CD009235,75,B,-0.40054,0.004984,True,28,2670,10.1002/14651858.CD009235.pub4,1,26.34730538922156,False,0,19.25149700598803,Moderate
CD009235_pub4_data__A19,CD009235,75,B,-0.40054,0.004984,True,28,2670,10.1002/14651858.CD009235.pub4,1,26.34730538922156,False,0,19.25149700598803,Moderate
CD007809_pub3_data__A7,CD007809,75,B,0.009883,0.992764,False,4,533,10.1002/14651858.CD007809.pub3,2,39.12175648702595,False,0,24.13173652694611,Moderate
CD002052_pub4_data__A2,CD002052,75,B,0.993216,0.176585,False,4,275,10.1002/14651858.CD002052.pub4,0,9.68063872255489,True,0,30.32934131736527,Moderate
CD008176_pub3_data__A5,CD008176,75,B,0.373529,7.6e-05,True,20,11514,10.1002/14651858.CD008176.pub3,13,88.32335329341318,False,0,44.740518962075846,Moderate
CD005951_pub5_data__A6,CD005951,75,B,-0.258853,0.127963,False,4,2811,10.1002/14651858.CD005951.pub5,7,73.05389221556887,False,0,35.17964071856288,Moderate
CD005187_pub6_data__A5,CD005187,75,B,-0.40773,7.1e-05,True,10,12500,10.1002/14651858.CD005187.pub6,1,26.34730538922156,False,0,12.574850299401199,Moderate
CD013816_pub2_data__A9,CD013816,75,B,0.68475,0.080957,False,7,2029,10.1002/14651858.CD013816.pub2,3,49.101796407185624,False,0,27.764471057884233,Moderate
CD014944_pub2_data__A3,CD014944,75,B,-0.655014,0.743922,False,1,214,10.1002/14651858.CD014944.pub2,1,26.34730538922156,False,0,12.574850299401199,Moderate
CD011885_pub2_data__A13,CD011885,75,B,0.360572,0.73972,False,2,34,10.1002/14651858.CD011885.pub2,0,9.68063872255489,False,0,13.79241516966068,Moderate
CD014944_pub2_data__A5,CD014944,75,B,-0.154151,0.813545,False,1,47,10.1002/14651858.CD014944.pub2,1,26.34730538922156,False,0,12.574850299401199,Moderate
CD014944_pub2_data__A4,CD014944,75,B,-0.655014,0.743922,False,1,214,10.1002/14651858.CD014944.pub2,1,26.34730538922156,False,0,12.574850299401199,Moderate
CD006124_pub3_data__A6,CD006124,75,B,-0.048576,0.916873,False,13,1488,10.1002/14651858.CD006124.pub3,7,73.05389221556887,False,0,32.6746506986028,Moderate
CD011885_pub2_data__A15,CD011885,75,B,-0.502318,0.60596,False,2,34,10.1002/14651858.CD011885.pub2,0,9.68063872255489,False,0,13.79241516966068,Moderate
CD016031_data__A8,CD016031,75,B,0.099939,0.749594,False,6,1894,10.1002/14651858.CD016031,2,39.12175648702595,False,0,24.13173652694611,Moderate
CD013830_pub2_data__A3,CD013830,75,B,-0.27049,0.043371,True,4,3625,10.1002/14651858.CD013830.pub2,15,91.81636726546905,True,0,65.43912175648703,Moderate
CD013874_pub3_data__A1,CD013874,75,B,-0.628052,0.00788,True,20,7168,10.1002/14651858.CD013874.pub3,0,9.68063872255489,False,0,11.497005988023954,Moderate
CD013830_pub2_data__A20,CD013830,75,B,-0.421892,0.043464,True,3,2090,10.1002/14651858.CD013830.pub2,15,91.81636726546905,True,0,65.43912175648703,Moderate
CD006023_pub4_data__A9,CD006023,75,B,-0.59142,0.01563,True,25,6602,10.1002/14651858.CD006023.pub4,1,26.34730538922156,False,0,19.9500998003992,Moderate
CD016031_data__A5,CD016031,75,B,0.60237,0.520174,False,10,854,10.1002/14651858.CD016031,2,39.12175648702595,False,0,24.13173652694611,Moderate
CD015532_data__A4,CD015532,75,B,-0.000548,0.996943,False,13,3138,10.1002/14651858.CD015532,3,49.101796407185624,False,0,27.5748502994012,Moderate
CD014869_pub2_data__A4,CD014869,75,B,-0.029467,0.866208,False,4,720,10.1002/14651858.CD014869.pub2,0,9.68063872255489,False,0,7.325349301397207,Moderate
CD007809_pub3_data__A13,CD007809,75,B,0.009883,0.992764,False,4,533,10.1002/14651858.CD007809.pub3,2,39.12175648702595,False,0,24.13173652694611,Moderate
CD007809_pub3_data__A10,CD007809,75,B,0.009883,0.992764,False,4,533,10.1002/14651858.CD007809.pub3,2,39.12175648702595,False,0,24.13173652694611,Moderate
CD006023_pub4_data__A4,CD006023,75,B,0.405723,0.004486,True,64,12281,10.1002/14651858.CD006023.pub4,1,26.34730538922156,False,0,19.9500998003992,Moderate
CD007784_pub3_data__A6,CD007784,75,B,-0.074306,0.877777,False,8,12222,10.1002/14651858.CD007784.pub3,9,79.84031936127745,False,0,41.876247504990026,Moderate
CD007809_pub3_data__A4,CD007809,75,B,-0.297492,0.550097,False,10,1039,10.1002/14651858.CD007809.pub3,2,39.12175648702595,False,0,24.13173652694611,Moderate
CD009235_pub4_data__A9,CD009235,75,B,-0.40054,0.004984,True,28,2670,10.1002/14651858.CD009235.pub4,1,26.34730538922156,False,0,19.25149700598803,Moderate
CD013874_pub3_data__A4,CD013874,75,B,-0.972305,0.000514,True,18,19222,10.1002/14651858.CD013874.pub3,0,9.68063872255489,False,0,11.497005988023954,Moderate
CD003594_pub7_data__A1,CD003594,75,B,0.645971,1.1e-05,True,49,2699,10.1002/14651858.CD003594.pub7,3,49.101796407185624,False,0,23.093812375249502,Moderate
CD015968_data__A3,CD015968,75,B,0.013878,0.98499,False,3,246,10.1002/14651858.CD015968,2,39.12175648702595,False,0,23.942115768463076,Moderate
CD013539_pub2_data__A2,CD013539,75,B,-0.024026,0.985317,False,3,1284,10.1002/14651858.CD013539.pub2,1,26.34730538922156,False,0,16.497005988023954,Moderate
CD006689_pub3_data__A1,CD006689,75,B,-0.747123,4.8e-05,True,17,6335,10.1002/14651858.CD006689.pub3,2,39.12175648702595,False,0,24.640718562874255,Moderate
CD013429_pub2_data__A2,CD013429,75,B,1.343868,0.001846,True,26,1502,10.1002/14651858.CD013429.pub2,2,39.12175648702595,False,0,20.898203592814372,Moderate
CD006982_pub5_data__A6,CD006982,75,B,-0.306669,0.864851,False,2,209,10.1002/14651858.CD006982.pub5,2,39.12175648702595,True,0,38.35329341317365,Moderate
CD015749_pub2_data__A8,CD015749,75,B,-0.070204,0.972241,False,1,56,10.1002/14651858.CD015749.pub2,2,39.12175648702595,False,0,19.79041916167665,Moderate
CD013429_pub2_data__A1,CD013429,75,B,1.175669,0.014577,True,23,1363,10.1002/14651858.CD013429.pub2,2,39.12175648702595,False,0,20.898203592814372,Moderate
CD003743_pub3_data__A16,CD003743,75,B,0.124842,0.618434,False,4,328,10.1002/14651858.CD003743.pub3,0,9.68063872255489,False,0,11.497005988023954,Moderate
CD010966_pub4_data__A10,CD010966,75,B,0.018996,0.973295,False,13,4483,10.1002/14651858.CD010966.pub4,8,76.14770459081836,False,0,39.560878243512974,Moderate
CD000028_pub4_data__A4,CD000028,75,B,-0.339612,0.0,True,32,59571,10.1002/14651858.CD000028.pub4,0,9.68063872255489,False,0,6.57684630738523,Moderate
CD001703_pub4_data__A27,CD001703,75,B,0.925333,1e-05,True,22,2502,10.1002/14651858.CD001703.pub4,1,26.34730538922156,False,0,19.80039920159681,Moderate
CD015855_data__A4,CD015855,75,B,0.502276,0.011608,True,14,822,10.1002/14651858.CD015855,0,9.68063872255489,False,0,8.013972055888225,Moderate
CD014678_pub2_data__A6,CD014678,75,B,-0.290214,0.002643,True,13,65751,10.1002/14651858.CD014678.pub2,5,63.57285429141717,False,0,29.57085828343314,Moderate
CD014585_pub2_data__A2,CD014585,75,B,-1.424635,0.0,True,25,15595,10.1002/14651858.CD014585.pub2,2,39.12175648702595,False,0,18.353293413173652,Moderate
CD011851_pub3_data__A7,CD011851,75,B,-0.009845,0.989295,False,8,5173,10.1002/14651858.CD011851.pub3,16,93.21357285429141,False,0,44.6307385229541,Moderate
CD011851_pub3_data__A6,CD011851,75,B,-0.009845,0.989295,False,8,5173,10.1002/14651858.CD011851.pub3,16,93.21357285429141,False,0,44.6307385229541,Moderate
CD011851_pub3_data__A10,CD011851,75,B,-0.002598,0.997825,False,5,3137,10.1002/14651858.CD011851.pub3,16,93.21357285429141,False,0,44.6307385229541,Moderate
CD011851_pub3_data__A9,CD011851,75,B,-0.013669,0.986181,False,7,4463,10.1002/14651858.CD011851.pub3,16,93.21357285429141,False,0,44.6307385229541,Moderate
CD009235_pub4_data__A11,CD009235,75,B,-0.379065,0.004755,True,23,2451,10.1002/14651858.CD009235.pub4,1,26.34730538922156,False,0,19.25149700598803,Moderate
CD011575_pub3_data__A10,CD011575,75,B,-0.007062,0.919976,False,2,7497,10.1002/14651858.CD011575.pub3,4,57.48502994011976,False,0,31.477045908183634,Moderate
CD006257_pub2_data__A11,CD006257,75,B,-0.278516,0.208319,False,38,7434,10.1002/14651858.CD006257.pub2,10,82.83433133732535,False,0,40.91816367265469,Moderate
CD009235_pub4_data__A13,CD009235,75,B,-0.368769,0.012187,True,17,1857,10.1002/14651858.CD009235.pub4,1,26.34730538922156,False,0,19.25149700598803,Moderate
CD011851_pub3_data__A11,CD011851,75,B,-0.002598,0.997825,False,5,3137,10.1002/14651858.CD011851.pub3,16,93.21357285429141,False,0,44.6307385229541,Moderate
CD015536_pub2_data__A9,CD015536,75,B,-0.400497,0.090518,False,24,2643,10.1002/14651858.CD015536.pub2,0,9.68063872255489,False,0,9.121756487025948,Moderate
CD009235_pub4_data__A22,CD009235,75,B,-0.40054,0.004984,True,28,2670,10.1002/14651858.CD009235.pub4,1,26.34730538922156,False,0,19.25149700598803,Moderate
CD006404_pub5_data__A1,CD006404,75,B,-0.668345,0.005164,True,23,9566,10.1002/14651858.CD006404.pub5,0,9.68063872255489,False,0,11.996007984031937,Moderate
CD004661_pub4_data__A13,CD004661,75,B,0.791459,0.006095,True,18,14681,10.1002/14651858.CD004661.pub4,16,93.21357285429141,False,0,46.467065868263475,Moderate
CD001533_pub7_data__A3,CD001533,75,B,-0.27743,0.031515,True,30,2794,10.1002/14651858.CD001533.pub7,14,90.31936127744511,False,0,39.5808383233533,Moderate
CD014722_pub2_data__A21,CD014722,75,B,-0.274437,0.891086,False,1,241,10.1002/14651858.CD014722.pub2,14,90.31936127744511,False,0,44.61077844311377,Moderate
CD014722_pub2_data__A16,CD014722,75,B,-0.021271,0.990461,False,2,549,10.1002/14651858.CD014722.pub2,14,90.31936127744511,False,0,44.61077844311377,Moderate
CD011851_pub3_data__A4,CD011851,75,B,-0.013503,0.985318,False,8,4983,10.1002/14651858.CD011851.pub3,16,93.21357285429141,False,0,44.6307385229541,Moderate
CD004661_pub4_data__A22,CD004661,75,B,-0.070341,0.471707,False,4,6012,10.1002/14651858.CD004661.pub4,16,93.21357285429141,False,0,46.467065868263475,Moderate
CD011851_pub3_data__A3,CD011851,75,B,-0.013503,0.985318,False,8,4983,10.1002/14651858.CD011851.pub3,16,93.21357285429141,False,0,44.6307385229541,Moderate
CD009298_pub3_data__A33,CD009298,75,B,-8.540828,0.33124,False,6,1002,10.1002/14651858.CD009298.pub3,0,9.68063872255489,False,0,13.742514970059881,Moderate
CD008469_pub3_data__A6,CD008469,75,B,0.282977,0.068635,False,11,1845,10.1002/14651858.CD008469.pub3,0,9.68063872255489,False,0,6.57684630738523,Moderate
CD008469_pub3_data__A5,CD008469,75,B,-0.064165,0.971253,False,2,259,10.1002/14651858.CD008469.pub3,0,9.68063872255489,False,0,6.57684630738523,Moderate
CD011885_pub2_data__A22,CD011885,75,B,-1.092872,0.463767,False,2,34,10.1002/14651858.CD011885.pub2,0,9.68063872255489,False,0,13.79241516966068,Moderate
CD015332_pub2_data__A25,CD015332,75,B,-0.070542,0.937484,False,6,100,10.1002/14651858.CD015332.pub2,2,39.12175648702595,False,0,25.40918163672655,Moderate
CD015332_pub2_data__A41,CD015332,75,B,0.149227,0.878259,False,5,171,10.1002/14651858.CD015332.pub2,2,39.12175648702595,False,0,25.40918163672655,Moderate
CD015332_pub2_data__A18,CD015332,75,B,0.045817,0.958326,False,6,191,10.1002/14651858.CD015332.pub2,2,39.12175648702595,False,0,25.40918163672655,Moderate
CD015332_pub2_data__A14,CD015332,75,B,-0.545484,0.400431,False,7,195,10.1002/14651858.CD015332.pub2,2,39.12175648702595,False,0,25.40918163672655,Moderate
CD001909_pub4_data__A6,CD001909,75,B,1.618838,0.023307,True,3,944,10.1002/14651858.CD001909.pub4,3,49.101796407185624,False,0,23.093812375249502,Moderate
CD013874_pub3_data__A8,CD013874,75,B,0.904292,0.076775,False,6,2087,10.1002/14651858.CD013874.pub3,0,9.68063872255489,False,0,11.497005988023954,Moderate
CD004925_pub4_data__A2,CD004925,75,B,-1.30492,0.002279,True,11,1834,10.1002/14651858.CD004925.pub4,10,82.83433133732535,False,0,36.58682634730539,Moderate
CD004904_pub4_data__A3,CD004904,75,B,-0.152244,0.797054,False,1,353,10.1002/14651858.CD004904.pub4,0,9.68063872255489,False,0,4.580838323353293,Moderate
CD003774_pub5_data__A17,CD003774,75,B,-0.59134,0.048072,True,4,1259,10.1002/14651858.CD003774.pub5,13,88.32335329341318,False,0,43.26347305389221,Moderate
CD011689_pub4_data__A11,CD011689,75,B,0.207057,0.005632,True,241,211481,10.1002/14651858.CD011689.pub4,1,26.34730538922156,False,0,18.662674650698605,Moderate
CD004904_pub4_data__A2,CD004904,75,B,0.005819,0.98312,False,1,325,10.1002/14651858.CD004904.pub4,0,9.68063872255489,False,0,4.580838323353293,Moderate
CD013539_pub2_data__A11,CD013539,75,B,0.036173,0.630604,False,15,6977,10.1002/14651858.CD013539.pub2,1,26.34730538922156,False,0,16.497005988023954,Moderate
CD003594_pub7_data__A7,CD003594,75,B,-0.13815,0.945858,False,1,28,10.1002/14651858.CD003594.pub7,3,49.101796407185624,False,0,23.093812375249502,Moderate
CD015968_data__A7,CD015968,75,B,-0.57908,0.519664,False,3,208,10.1002/14651858.CD015968,2,39.12175648702595,False,0,23.942115768463076,Moderate
CD003598_pub3_data__A29,CD003598,75,B,0.80881,0.112598,False,3,320,10.1002/14651858.CD003598.pub3,2,39.12175648702595,False,0,25.309381237524953,Moderate
CD011885_pub2_data__A25,CD011885,74,B,0.5857,0.343552,False,3,412,10.1002/14651858.CD011885.pub2,0,9.68063872255489,False,0,13.79241516966068,Moderate
CD015387_pub2_data__A5,CD015387,74,B,-0.341573,0.000612,True,17,4731,10.1002/14651858.CD015387.pub2,3,49.101796407185624,False,0,24.281437125748504,Moderate
CD013816_pub2_data__A16,CD013816,74,B,0.250629,0.771264,False,4,1096,10.1002/14651858.CD013816.pub2,3,49.101796407185624,False,0,27.764471057884233,Moderate
CD014944_pub2_data__A1,CD014944,74,B,-0.025937,0.906981,False,11,1210,10.1002/14651858.CD014944.pub2,1,26.34730538922156,False,0,12.574850299401199,Moderate
CD016001_data__A8,CD016001,74,B,23.148231,0.000364,True,8,202,10.1002/14651858.CD016001,0,9.68063872255489,False,0,12.584830339321359,Moderate
CD011885_pub2_data__A10,CD011885,74,B,0.429738,0.341789,False,4,269,10.1002/14651858.CD011885.pub2,0,9.68063872255489,False,0,13.79241516966068,Moderate
CD001909_pub4_data__A2,CD001909,74,B,0.353635,0.022818,True,25,3090,10.1002/14651858.CD001909.pub4,3,49.101796407185624,False,0,23.093812375249502,Moderate
CD013816_pub2_data__A10,CD013816,74,B,0.358756,0.72945,False,4,1657,10.1002/14651858.CD013816.pub2,3,49.101796407185624,False,0,27.764471057884233,Moderate
CD006140_pub3_data__A10,CD006140,74,B,-0.738126,0.023872,True,11,1623,10.1002/14651858.CD006140.pub3,0,9.68063872255489,False,0,12.355289421157686,Moderate
CD006124_pub3_data__A4,CD006124,74,B,0.219525,0.3722,False,15,1812,10.1002/14651858.CD006124.pub3,7,73.05389221556887,False,0,32.6746506986028,Moderate
CD013789_pub2_data__A16,CD013789,74,B,-0.220156,0.583029,False,26,1433,10.1002/14651858.CD013789.pub2,16,93.21357285429141,False,0,45.998003992015974,Moderate
CD013789_pub2_data__A6,CD013789,74,B,-0.330637,0.319433,False,38,2267,10.1002/14651858.CD013789.pub2,16,93.21357285429141,False,0,45.998003992015974,Moderate
CD013816_pub2_data__A6,CD013816,74,B,-0.010626,0.992211,False,4,1545,10.1002/14651858.CD013816.pub2,3,49.101796407185624,False,0,27.764471057884233,Moderate
CD013816_pub2_data__A5,CD013816,74,B,-0.010626,0.992211,False,4,1545,10.1002/14651858.CD013816.pub2,3,49.101796407185624,False,0,27.764471057884233,Moderate
CD013023_pub2_data__A4,CD013023,74,B,-0.213996,0.282111,False,10,1222,10.1002/14651858.CD013023.pub2,2,39.12175648702595,False,0,17.684630738522955,Moderate
CD013023_pub2_data__A3,CD013023,74,B,0.271363,0.180815,False,13,1682,10.1002/14651858.CD013023.pub2,2,39.12175648702595,False,0,17.684630738522955,Moderate
CD013023_pub2_data__A2,CD013023,74,B,-0.559396,0.16803,False,15,1860,10.1002/14651858.CD013023.pub2,2,39.12175648702595,False,0,17.684630738522955,Moderate
CD007809_pub3_data__A11,CD007809,74,B,-0.817559,0.243771,False,2,231,10.1002/14651858.CD007809.pub3,2,39.12175648702595,False,0,24.13173652694611,Moderate
CD002971_pub6_data__A1,CD002971,74,B,-0.634701,0.010708,True,11,2261,10.1002/14651858.CD002971.pub6,0,9.68063872255489,False,0,11.21756487025948,Moderate
CD015524_pub2_data__A4,CD015524,74,B,0.083197,0.875501,False,15,955,10.1002/14651858.CD015524.pub2,1,26.34730538922156,True,0,40.199600798403196,Moderate
CD015495_data__A1,CD015495,74,B,0.588848,0.018733,True,18,4368,10.1002/14651858.CD015495,6,68.76247504990019,False,0,28.213572854291414,Moderate
CD007859_pub5_data__A4,CD007859,74,B,0.184013,0.633257,False,24,1698,10.1002/14651858.CD007859.pub5,1,26.34730538922156,False,0,13.992015968063875,Moderate
CD012635_pub2_data__A5,CD012635,74,B,-0.021372,0.958141,False,5,1315,10.1002/14651858.CD012635.pub2,3,49.101796407185624,False,0,24.890219560878243,Moderate
CD012635_pub2_data__A2,CD012635,74,B,-0.14717,0.367509,False,8,1758,10.1002/14651858.CD012635.pub2,3,49.101796407185624,False,0,24.890219560878243,Moderate
CD012572_pub3_data__A9,CD012572,74,B,0.044609,0.962804,False,5,768,10.1002/14651858.CD012572.pub3,5,63.57285429141717,False,0,32.215568862275454,Moderate
CD012572_pub3_data__A8,CD012572,74,B,0.063218,0.947317,False,5,767,10.1002/14651858.CD012572.pub3,5,63.57285429141717,False,0,32.215568862275454,Moderate
CD004953_pub5_data__A11,CD004953,74,B,-0.011453,0.989437,False,6,466,10.1002/14651858.CD004953.pub5,0,9.68063872255489,False,0,10.658682634730539,Moderate
CD001920_pub4_data__A7,CD001920,74,B,-0.048287,0.790273,False,124,11937,10.1002/14651858.CD001920.pub4,13,88.32335329341318,False,0,41.287425149700596,Moderate
CD012572_pub3_data__A10,CD012572,74,B,0.044609,0.962804,False,5,768,10.1002/14651858.CD012572.pub3,5,63.57285429141717,False,0,32.215568862275454,Moderate
CD012572_pub3_data__A11,CD012572,74,B,0.044609,0.962804,False,5,768,10.1002/14651858.CD012572.pub3,5,63.57285429141717,False,0,32.215568862275454,Moderate
CD012572_pub3_data__A7,CD012572,74,B,0.063218,0.947317,False,5,767,10.1002/14651858.CD012572.pub3,5,63.57285429141717,False,0,32.215568862275454,Moderate
CD012572_pub3_data__A6,CD012572,74,B,0.063218,0.947317,False,5,767,10.1002/14651858.CD012572.pub3,5,63.57285429141717,False,0,32.215568862275454,Moderate
CD012067_pub3_data__A6,CD012067,74,B,-0.53186,1e-06,True,24,7292,10.1002/14651858.CD012067.pub3,0,9.68063872255489,False,0,12.86427145708583,Moderate
CD013816_pub2_data__A8,CD013816,74,B,-0.007649,0.995326,False,3,1444,10.1002/14651858.CD013816.pub2,3,49.101796407185624,False,0,27.764471057884233,Moderate
CD013834_pub2_data__A3,CD013834,74,B,-0.105752,0.843074,False,15,490,10.1002/14651858.CD013834.pub2,4,57.48502994011976,False,0,24.331337325349303,Moderate
CD013834_pub2_data__A4,CD013834,74,B,-0.107043,0.852445,False,13,485,10.1002/14651858.CD013834.pub2,4,57.48502994011976,False,0,24.331337325349303,Moderate
CD005133_pub4_data__A6,CD005133,74,B,-0.637287,0.195448,False,4,506,10.1002/14651858.CD005133.pub4,0,9.68063872255489,False,0,9.121756487025948,Moderate
CD016058_pub2_data__A2,CD016058,74,B,0.310341,0.090274,False,10,1846,10.1002/14651858.CD016058.pub2,0,9.68063872255489,False,0,8.013972055888225,Moderate
CD013816_pub2_data__A19,CD013816,74,B,-0.004718,0.997119,False,3,995,10.1002/14651858.CD013816.pub2,3,49.101796407185624,False,0,27.764471057884233,Moderate
CD013816_pub2_data__A17,CD013816,74,B,0.94442,0.239146,False,3,995,10.1002/14651858.CD013816.pub2,3,49.101796407185624,False,0,27.764471057884233,Moderate
CD015524_pub2_data__A11,CD015524,74,B,-0.183415,0.522437,False,11,962,10.1002/14651858.CD015524.pub2,1,26.34730538922156,True,0,40.199600798403196,Moderate
CD002042_pub6_data__A3,CD002042,74,B,-2.40144,0.0,True,42,24215,10.1002/14651858.CD002042.pub6,2,39.12175648702595,False,0,25.219560878243513,Moderate
CD002112_pub2_data__A3,CD002112,74,B,-0.429739,0.013649,True,23,1929,10.1002/14651858.CD002112.pub2,0,9.68063872255489,False,0,6.57684630738523,Moderate
CD005566_pub4_data__A4,CD005566,74,B,-0.428443,0.0,True,96,49087,10.1002/14651858.CD005566.pub4,6,68.76247504990019,False,0,33.46307385229541,Moderate
CD008709_pub4_data__A18,CD008709,74,B,0.131612,0.370095,False,22,3010,10.1002/14651858.CD008709.pub4,12,86.42714570858283,False,0,42.86427145708583,Moderate
CD008709_pub4_data__A13,CD008709,74,B,-0.135978,0.518985,False,29,4485,10.1002/14651858.CD008709.pub4,12,86.42714570858283,False,0,42.86427145708583,Moderate
CD013816_pub2_data__A12,CD013816,74,B,-0.276441,0.455313,False,4,1076,10.1002/14651858.CD013816.pub2,3,49.101796407185624,False,0,27.764471057884233,Moderate
CD013816_pub2_data__A11,CD013816,74,B,-0.041611,0.96213,False,4,1657,10.1002/14651858.CD013816.pub2,3,49.101796407185624,False,0,27.764471057884233,Moderate
CD007388_pub3_data__A2,CD007388,74,B,-0.172955,0.38946,False,11,2383,10.1002/14651858.CD007388.pub3,6,68.76247504990019,False,0,35.28942115768463,Moderate
CD013303_pub2_data__A4,CD013303,74,B,-0.027029,0.865609,False,12,2955,10.1002/14651858.CD013303.pub2,20,96.50698602794411,False,0,47.70459081836328,Moderate
CD013278_pub3_data__A3,CD013278,74,B,4.746861,2.4e-05,True,10,1593,10.1002/14651858.CD013278.pub3,4,57.48502994011976,True,0,52.40518962075848,Moderate
CD004661_pub4_data__A8,CD004661,74,B,0.31693,0.130044,False,31,35425,10.1002/14651858.CD004661.pub4,16,93.21357285429141,False,0,46.467065868263475,Moderate
CD004661_pub4_data__A5,CD004661,74,B,-0.074044,0.130619,False,31,35686,10.1002/14651858.CD004661.pub4,16,93.21357285429141,False,0,46.467065868263475,Moderate
CD011866_pub3_data__A4,CD011866,74,B,0.749371,0.003818,True,17,2341,10.1002/14651858.CD011866.pub3,13,88.32335329341318,False,0,40.57884231536926,Moderate
CD015875_data__A32,CD015875,74,B,1.157645,0.000423,True,4,232,10.1002/14651858.CD015875,3,49.101796407185624,False,0,29.3812375249501,Moderate
CD015087_pub2_data__A16,CD015087,74,B,-0.371303,0.607099,False,5,332,10.1002/14651858.CD015087.pub2,4,57.48502994011976,False,0,30.618762475049902,Moderate
CD015673_pub2_data__A2,CD015673,74,B,-0.486045,0.038322,True,10,3142,10.1002/14651858.CD015673.pub2,5,63.57285429141717,False,0,31.3872255489022,Moderate
CD007388_pub3_data__A3,CD007388,74,B,-0.361748,0.200684,False,10,2172,10.1002/14651858.CD007388.pub3,6,68.76247504990019,False,0,35.28942115768463,Moderate
CD011535_pub7_data__A7,CD011535,74,B,2.261799,0.0,True,92,32155,10.1002/14651858.CD011535.pub7,1,26.34730538922156,False,0,18.16367265469062,Moderate
CD006257_pub2_data__A13,CD006257,74,B,0.480108,0.229288,False,10,2300,10.1002/14651858.CD006257.pub2,10,82.83433133732535,False,0,40.91816367265469,Moderate
CD015215_pub2_data__A52,CD015215,74,B,0.010343,0.987326,False,10,3858,10.1002/14651858.CD015215.pub2,11,84.83033932135729,False,0,43.802395209580844,Moderate
CD007388_pub3_data__A1,CD007388,74,B,0.331431,0.343614,False,14,2949,10.1002/14651858.CD007388.pub3,6,68.76247504990019,False,0,35.28942115768463,Moderate
CD013789_pub2_data__A12,CD013789,74,B,-0.321466,0.332769,False,38,2258,10.1002/14651858.CD013789.pub2,16,93.21357285429141,False,0,45.998003992015974,Moderate
CD013789_pub2_data__A13,CD013789,74,B,-0.341421,0.304092,False,38,2291,10.1002/14651858.CD013789.pub2,16,93.21357285429141,False,0,45.998003992015974,Moderate
CD013789_pub2_data__A15,CD013789,74,B,-0.472654,0.210548,False,30,1514,10.1002/14651858.CD013789.pub2,16,93.21357285429141,False,0,45.998003992015974,Moderate
CD011535_pub7_data__A6,CD011535,74,B,2.668983,0.0,True,182,79698,10.1002/14651858.CD011535.pub7,1,26.34730538922156,False,0,18.16367265469062,Moderate
CD007388_pub3_data__A5,CD007388,74,B,-0.110894,0.656804,False,13,2704,10.1002/14651858.CD007388.pub3,6,68.76247504990019,False,0,35.28942115768463,Moderate
CD015219_pub2_data__A12,CD015219,74,B,2.146833,2e-06,True,10,2472,10.1002/14651858.CD015219.pub2,8,76.14770459081836,True,0,57.80439121756487,Moderate
CD015229_pub2_data__A2,CD015229,74,B,-0.617263,0.079385,False,6,254,10.1002/14651858.CD015229.pub2,1,26.34730538922156,False,0,13.992015968063875,Moderate
CD013764_pub2_data__A1,CD013764,74,B,-0.118626,0.324612,False,6,5906,10.1002/14651858.CD013764.pub2,1,26.34730538922156,False,0,13.992015968063875,Moderate
CD013816_pub2_data__A15,CD013816,74,B,0.009234,0.984182,False,4,1143,10.1002/14651858.CD013816.pub2,3,49.101796407185624,False,0,27.764471057884233,Moderate
CD015588_pub2_data__A44,CD015588,74,B,-0.295644,0.002226,True,17,26478,10.1002/14651858.CD015588.pub2,17,94.61077844311377,False,0,47.74451097804391,Moderate
CD013816_pub2_data__A13,CD013816,74,B,-0.253373,0.571163,False,4,1615,10.1002/14651858.CD013816.pub2,3,49.101796407185624,False,0,27.764471057884233,Moderate
CD011841_pub3_data__A7,CD011841,74,B,0.398639,0.443683,False,1,160,10.1002/14651858.CD011841.pub3,2,39.12175648702595,False,0,19.10179640718563,Moderate
CD008628_pub3_data__A3,CD008628,74,B,0.325105,0.302546,False,12,577,10.1002/14651858.CD008628.pub3,14,90.31936127744511,False,0,42.08582834331338,Moderate
CD011866_pub3_data__A2,CD011866,74,B,0.318524,0.057119,False,19,2033,10.1002/14651858.CD011866.pub3,13,88.32335329341318,False,0,40.57884231536926,Moderate
CD011885_pub2_data__A18,CD011885,74,B,0.0469,0.910691,False,3,412,10.1002/14651858.CD011885.pub2,0,9.68063872255489,False,0,13.79241516966068,Moderate
CD008709_pub4_data__A16,CD008709,74,B,-0.515299,0.105323,False,18,2277,10.1002/14651858.CD008709.pub4,12,86.42714570858283,False,0,42.86427145708583,Moderate
CD008709_pub4_data__A17,CD008709,74,B,0.018241,0.921967,False,20,2851,10.1002/14651858.CD008709.pub4,12,86.42714570858283,False,0,42.86427145708583,Moderate
CD014722_pub2_data__A3,CD014722,74,B,-0.177832,0.382108,False,60,8682,10.1002/14651858.CD014722.pub2,14,90.31936127744511,False,0,44.61077844311377,Moderate
CD014624_pub2_data__A3,CD014624,74,B,0.387119,0.000673,True,29,3310,10.1002/14651858.CD014624.pub2,6,68.76247504990019,False,0,32.75449101796407,Moderate
CD011806_pub2_data__A18,CD011806,74,B,0.033119,0.953019,False,11,1037,10.1002/14651858.CD011806.pub2,13,88.32335329341318,False,0,43.45309381237525,Moderate
CD013748_pub2_data__A3,CD013748,74,B,0.367315,0.210792,False,12,692,10.1002/14651858.CD013748.pub2,0,9.68063872255489,False,0,7.325349301397207,Moderate
CD016002_data__A1,CD016002,74,B,-0.302791,0.320354,False,34,1883,10.1002/14651858.CD016002,1,26.34730538922156,False,0,19.640718562874255,Moderate
CD001533_pub7_data__A6,CD001533,74,B,0.0,1.0,False,1,94,10.1002/14651858.CD001533.pub7,14,90.31936127744511,False,0,39.5808383233533,Moderate
CD015875_data__A33,CD015875,74,B,-16.821669,7e-06,True,4,232,10.1002/14651858.CD015875,3,49.101796407185624,False,0,29.3812375249501,Moderate
CD010966_pub4_data__A7,CD010966,74,B,-1.29687,0.01133,True,15,3828,10.1002/14651858.CD010966.pub4,8,76.14770459081836,False,0,39.560878243512974,Moderate
CD014574_pub2_data__A1,CD014574,74,B,-1.828969,0.01829,True,6,283,10.1002/14651858.CD014574.pub2,2,39.12175648702595,False,0,25.059880239520957,Moderate
CD004904_pub4_data__A1,CD004904,74,B,-2.9e-05,0.999944,False,4,974,10.1002/14651858.CD004904.pub4,0,9.68063872255489,False,0,4.580838323353293,Moderate
CD015875_data__A31,CD015875,74,B,3.489367,0.000216,True,4,232,10.1002/14651858.CD015875,3,49.101796407185624,False,0,29.3812375249501,Moderate
CD010861_pub3_data__A2,CD010861,74,B,1.389309,0.009284,True,12,2176,10.1002/14651858.CD010861.pub3,6,68.76247504990019,False,0,35.439121756487026,Moderate
CD004376_pub4_data__A2,CD004376,74,B,-4.881495,0.0,True,217,21992,10.1002/14651858.CD004376.pub4,31,98.60279441117764,False,0,42.14570858283433,Moderate
CD011689_pub4_data__A20,CD011689,74,B,0.116195,0.503826,False,30,40500,10.1002/14651858.CD011689.pub4,1,26.34730538922156,False,0,18.662674650698605,Moderate
CD015588_pub2_data__A53,CD015588,74,B,1.093259,0.0,True,16,28552,10.1002/14651858.CD015588.pub2,17,94.61077844311377,False,0,47.74451097804391,Moderate
CD015875_data__A30,CD015875,74,B,1.252104,0.003509,True,4,232,10.1002/14651858.CD015875,3,49.101796407185624,False,0,29.3812375249501,Moderate
CD010861_pub3_data__A1,CD010861,74,B,0.134416,0.742775,False,18,2510,10.1002/14651858.CD010861.pub3,6,68.76247504990019,False,0,35.439121756487026,Moderate
CD011806_pub2_data__A17,CD011806,74,B,0.033119,0.953019,False,11,1037,10.1002/14651858.CD011806.pub2,13,88.32335329341318,False,0,43.45309381237525,Moderate
CD014624_pub2_data__A5,CD014624,74,B,0.679398,0.001637,True,14,1930,10.1002/14651858.CD014624.pub2,6,68.76247504990019,False,0,32.75449101796407,Moderate
CD013874_pub3_data__A2,CD013874,74,B,-0.278968,0.314638,False,21,6980,10.1002/14651858.CD013874.pub3,0,9.68063872255489,False,0,11.497005988023954,Moderate
CD014687_pub2_data__A1,CD014687,74,B,0.478128,0.079812,False,17,1160,10.1002/14651858.CD014687.pub2,3,49.101796407185624,False,0,20.34930139720559,Moderate
CD007310_pub3_data__A14,CD007310,74,B,0.334487,0.759638,False,5,705,10.1002/14651858.CD007310.pub3,0,9.68063872255489,False,0,11.497005988023954,Moderate
CD011841_pub3_data__A5,CD011841,74,B,0.295675,0.423106,False,6,406,10.1002/14651858.CD011841.pub3,2,39.12175648702595,False,0,19.10179640718563,Moderate
CD001533_pub7_data__A7,CD001533,74,B,-2.513408,0.094472,False,1,56,10.1002/14651858.CD001533.pub7,14,90.31936127744511,False,0,39.5808383233533,Moderate
CD015749_pub2_data__A6,CD015749,74,B,0.240156,0.855565,False,3,429,10.1002/14651858.CD015749.pub2,2,39.12175648702595,False,0,19.79041916167665,Moderate
CD011689_pub4_data__A10,CD011689,74,B,0.010956,0.751482,False,18,25260,10.1002/14651858.CD011689.pub4,1,26.34730538922156,False,0,18.662674650698605,Moderate
CD011689_pub4_data__A16,CD011689,74,B,0.874007,0.0,True,273,190368,10.1002/14651858.CD011689.pub4,1,26.34730538922156,False,0,18.662674650698605,Moderate
CD007310_pub3_data__A12,CD007310,74,B,0.582925,0.475442,False,7,664,10.1002/14651858.CD007310.pub3,0,9.68063872255489,False,0,11.497005988023954,Moderate
CD015158_pub2_data__A19,CD015158,74,B,0.039789,0.948872,False,11,1547,10.1002/14651858.CD015158.pub2,1,26.34730538922156,False,0,19.9500998003992,Moderate
CD013425_pub2_data__A5,CD013425,74,B,0.858042,0.030814,True,23,4781,10.1002/14651858.CD013425.pub2,2,39.12175648702595,False,0,22.435129740518963,Moderate
CD007110_pub4_data__A3,CD007110,74,B,0.082265,0.852744,False,17,7008,10.1002/14651858.CD007110.pub4,2,39.12175648702595,False,0,16.98602794411178,Moderate
CD006982_pub5_data__A4,CD006982,74,B,-0.053079,0.910925,False,4,454,10.1002/14651858.CD006982.pub5,2,39.12175648702595,True,0,38.35329341317365,Moderate
CD013445_pub2_data__A6,CD013445,74,B,0.796302,0.015272,True,20,1874,10.1002/14651858.CD013445.pub2,15,91.81636726546905,False,0,46.387225548902194,Moderate
CD003594_pub7_data__A2,CD003594,74,B,0.205681,0.318623,False,40,2183,10.1002/14651858.CD003594.pub7,3,49.101796407185624,False,0,23.093812375249502,Moderate
CD003594_pub7_data__A5,CD003594,74,B,-0.239686,0.446566,False,26,2506,10.1002/14651858.CD003594.pub7,3,49.101796407185624,False,0,23.093812375249502,Moderate
CD016001_data__A16,CD016001,74,B,2.69631,0.008788,True,6,283,10.1002/14651858.CD016001,0,9.68063872255489,False,0,12.584830339321359,Moderate
CD001396_pub4_data__A10,CD001396,74,B,0.99425,0.000432,True,16,1753,10.1002/14651858.CD001396.pub4,5,63.57285429141717,False,0,33.72255489021957,Moderate
CD001396_pub4_data__A11,CD001396,74,B,1.186649,0.000124,True,13,1704,10.1002/14651858.CD001396.pub4,5,63.57285429141717,False,0,33.72255489021957,Moderate
CD000028_pub4_data__A2,CD000028,74,B,-0.383057,0.0,True,42,85253,10.1002/14651858.CD000028.pub4,0,9.68063872255489,False,0,6.57684630738523,Moderate
CD015746_pub2_data__A4,CD015746,73,B,-0.196149,0.001939,True,18,397441,10.1002/14651858.CD015746.pub2,1,26.34730538922156,False,0,11.876247504990022,Moderate
CD009235_pub4_data__A12,CD009235,73,B,-0.692589,0.02571,True,11,1191,10.1002/14651858.CD009235.pub4,1,26.34730538922156,False,0,19.25149700598803,Moderate
CD015751_pub2_data__A5,CD015751,73,B,-0.432115,0.747368,False,3,119,10.1002/14651858.CD015751.pub2,3,49.101796407185624,False,0,22.345309381237527,Moderate
CD015751_pub2_data__A2,CD015751,73,B,0.036171,0.940186,False,12,626,10.1002/14651858.CD015751.pub2,3,49.101796407185624,False,0,22.345309381237527,Moderate
CD015588_pub2_data__A55,CD015588,73,B,0.683191,0.007133,True,14,38710,10.1002/14651858.CD015588.pub2,17,94.61077844311377,False,0,47.74451097804391,Moderate
CD011841_pub3_data__A3,CD011841,73,B,-0.141184,0.638413,False,18,1367,10.1002/14651858.CD011841.pub3,2,39.12175648702595,False,0,19.10179640718563,Moderate
CD015588_pub2_data__A3,CD015588,73,B,-0.180499,0.000848,True,25,44911,10.1002/14651858.CD015588.pub2,17,94.61077844311377,False,0,47.74451097804391,Moderate
CD011841_pub3_data__A6,CD011841,73,B,0.603301,0.561172,False,4,280,10.1002/14651858.CD011841.pub3,2,39.12175648702595,False,0,19.10179640718563,Moderate
CD008176_pub3_data__A24,CD008176,73,B,0.464045,1.2e-05,True,25,4665,10.1002/14651858.CD008176.pub3,13,88.32335329341318,False,0,44.740518962075846,Moderate
CD012445_pub2_data__A7,CD012445,73,B,-0.019748,0.983606,False,5,262,10.1002/14651858.CD012445.pub2,4,57.48502994011976,False,0,28.243512974051896,Moderate
CD012079_pub2_data__A10,CD012079,73,B,0.526459,0.00078,True,23,2426,10.1002/14651858.CD012079.pub2,12,86.42714570858283,False,0,43.56287425149701,Moderate
CD015804_pub2_data__A11,CD015804,73,B,0.046068,0.972285,False,3,100,10.1002/14651858.CD015804.pub2,10,82.83433133732535,False,0,39.590818363273456,Moderate
CD002052_pub4_data__A3,CD002052,73,B,-0.03789,0.917298,False,6,350,10.1002/14651858.CD002052.pub4,0,9.68063872255489,True,0,30.32934131736527,Moderate
CD011885_pub2_data__A5,CD011885,73,B,0.119171,0.717621,False,8,1182,10.1002/14651858.CD011885.pub2,0,9.68063872255489,False,0,13.79241516966068,Moderate
CD015786_pub2_data__A5,CD015786,73,B,-1.0749,0.015029,True,12,2607,10.1002/14651858.CD015786.pub2,1,26.34730538922156,False,0,13.243512974051898,Moderate
CD015551_pub2_data__A2,CD015551,73,B,-0.394122,0.472718,False,6,5107,10.1002/14651858.CD015551.pub2,2,39.12175648702595,False,0,18.353293413173652,Moderate
CD015588_pub2_data__A1,CD015588,73,B,-0.151586,0.000626,True,30,45544,10.1002/14651858.CD015588.pub2,17,94.61077844311377,False,0,47.74451097804391,Moderate
CD015332_pub2_data__A15,CD015332,73,B,-0.459297,0.472052,False,10,501,10.1002/14651858.CD015332.pub2,2,39.12175648702595,False,0,25.40918163672655,Moderate
CD015332_pub2_data__A33,CD015332,73,B,-0.654394,0.267128,False,3,180,10.1002/14651858.CD015332.pub2,2,39.12175648702595,False,0,25.40918163672655,Moderate
CD015332_pub2_data__A35,CD015332,73,B,-0.901272,0.574126,False,2,129,10.1002/14651858.CD015332.pub2,2,39.12175648702595,False,0,25.40918163672655,Moderate
CD015332_pub2_data__A26,CD015332,73,B,-0.250824,0.849351,False,3,191,10.1002/14651858.CD015332.pub2,2,39.12175648702595,False,0,25.40918163672655,Moderate
CD015332_pub2_data__A16,CD015332,73,B,-0.531405,0.356987,False,12,595,10.1002/14651858.CD015332.pub2,2,39.12175648702595,False,0,25.40918163672655,Moderate
CD015332_pub2_data__A40,CD015332,73,B,0.217232,0.845899,False,4,101,10.1002/14651858.CD015332.pub2,2,39.12175648702595,False,0,25.40918163672655,Moderate
CD015824_pub2_data__A8,CD015824,73,B,-0.040578,0.706063,False,8,1796,10.1002/14651858.CD015824.pub2,1,26.34730538922156,False,0,15.179640718562876,Moderate
CD015373_pub2_data__A9,CD015373,73,B,1.726799,0.022254,True,6,233,10.1002/14651858.CD015373.pub2,2,39.12175648702595,True,0,44.5309381237525,Moderate
CD007809_pub3_data__A12,CD007809,73,B,0.009883,0.992764,False,4,533,10.1002/14651858.CD007809.pub3,2,39.12175648702595,False,0,24.13173652694611,Moderate
CD012586_pub2_data__A7,CD012586,73,B,-0.024437,0.832373,False,44,14019,10.1002/14651858.CD012586.pub2,4,57.48502994011976,False,0,28.243512974051896,Moderate
CD012586_pub2_data__A6,CD012586,73,B,0.023634,0.860411,False,23,8279,10.1002/14651858.CD012586.pub2,4,57.48502994011976,False,0,28.243512974051896,Moderate
CD012586_pub2_data__A10,CD012586,73,B,-0.246268,0.666175,False,13,3081,10.1002/14651858.CD012586.pub2,4,57.48502994011976,False,0,28.243512974051896,Moderate
CD015519_pub2_data__A1,CD015519,73,B,-0.00668,0.990662,False,13,1028,10.1002/14651858.CD015519.pub2,2,39.12175648702595,False,0,20.289421157684632,Moderate
CD012445_pub2_data__A1,CD012445,73,B,-0.083029,0.910944,False,8,473,10.1002/14651858.CD012445.pub2,4,57.48502994011976,False,0,28.243512974051896,Moderate
CD015332_pub2_data__A30,CD015332,73,B,-0.230313,0.861504,False,3,176,10.1002/14651858.CD015332.pub2,2,39.12175648702595,False,0,25.40918163672655,Moderate
CD009298_pub3_data__A35,CD009298,73,B,0.12284,0.727694,False,2,414,10.1002/14651858.CD009298.pub3,0,9.68063872255489,False,0,13.742514970059881,Moderate
CD015332_pub2_data__A37,CD015332,73,B,-0.259466,0.574912,False,3,180,10.1002/14651858.CD015332.pub2,2,39.12175648702595,False,0,25.40918163672655,Moderate
CD015332_pub2_data__A36,CD015332,73,B,-0.901272,0.574126,False,2,129,10.1002/14651858.CD015332.pub2,2,39.12175648702595,False,0,25.40918163672655,Moderate
CD007859_pub5_data__A6,CD007859,73,B,-0.080966,0.867504,False,18,689,10.1002/14651858.CD007859.pub5,1,26.34730538922156,False,0,13.992015968063875,Moderate
CD013023_pub2_data__A1,CD013023,73,B,-0.121924,0.598935,False,14,1348,10.1002/14651858.CD013023.pub2,2,39.12175648702595,False,0,17.684630738522955,Moderate
CD012942_pub2_data__A9,CD012942,73,B,0.48854,0.000418,True,19,6391,10.1002/14651858.CD012942.pub2,5,63.57285429141717,False,0,31.3872255489022,Moderate
CD015517_data__A1,CD015517,73,B,-0.093396,0.69504,False,72,6655,10.1002/14651858.CD015517,1,26.34730538922156,False,0,15.788423153692616,Moderate
CD015517_data__A2,CD015517,73,B,-0.069869,0.827289,False,40,4112,10.1002/14651858.CD015517,1,26.34730538922156,False,0,15.788423153692616,Moderate
CD015517_data__A3,CD015517,73,B,-0.108105,0.714628,False,47,4054,10.1002/14651858.CD015517,1,26.34730538922156,False,0,15.788423153692616,Moderate
CD015476_pub2_data__A11,CD015476,73,B,0.330399,8.2e-05,True,11,10911,10.1002/14651858.CD015476.pub2,0,9.68063872255489,False,0,11.21756487025948,Moderate
CD014736_pub2_data__A6,CD014736,73,B,-0.08687,0.882295,False,5,252,10.1002/14651858.CD014736.pub2,0,9.68063872255489,False,0,6.57684630738523,Moderate
CD001396_pub4_data__A4,CD001396,73,B,0.840376,0.000336,True,23,2781,10.1002/14651858.CD001396.pub4,5,63.57285429141717,False,0,33.72255489021957,Moderate
CD014300_pub2_data__A9,CD014300,73,B,0.0,1.0,False,1,300,10.1002/14651858.CD014300.pub2,8,76.14770459081836,False,0,37.50499001996008,Moderate
CD014869_pub2_data__A7,CD014869,73,B,-0.073897,0.872958,False,8,1364,10.1002/14651858.CD014869.pub2,0,9.68063872255489,False,0,7.325349301397207,Moderate
CD013830_pub2_data__A14,CD013830,73,B,0.010203,0.986818,False,4,165,10.1002/14651858.CD013830.pub2,15,91.81636726546905,True,0,65.43912175648703,Moderate
CD004736_pub6_data__A28,CD004736,73,B,-0.178783,0.005676,True,26,38457,10.1002/14651858.CD004736.pub6,14,90.31936127744511,False,0,46.10778443113773,Moderate
CD006023_pub4_data__A17,CD006023,73,B,0.135465,0.657277,False,20,3798,10.1002/14651858.CD006023.pub4,1,26.34730538922156,False,0,19.9500998003992,Moderate
CD014300_pub2_data__A10,CD014300,73,B,-0.089696,0.964245,False,1,1070,10.1002/14651858.CD014300.pub2,8,76.14770459081836,False,0,37.50499001996008,Moderate
CD014300_pub2_data__A12,CD014300,73,B,-0.104635,0.953086,False,2,483,10.1002/14651858.CD014300.pub2,8,76.14770459081836,False,0,37.50499001996008,Moderate
CD015087_pub2_data__A14,CD015087,73,B,-0.302,0.113351,False,1,57,10.1002/14651858.CD015087.pub2,4,57.48502994011976,False,0,30.618762475049902,Moderate
CD013726_pub2_data__A8,CD013726,73,B,0.024505,0.967195,False,12,767,10.1002/14651858.CD013726.pub2,3,49.101796407185624,False,0,23.78243512974052,Moderate
CD015087_pub2_data__A12,CD015087,73,B,-1.3,0.0,False,1,60,10.1002/14651858.CD015087.pub2,4,57.48502994011976,False,0,30.618762475049902,Moderate
CD001396_pub4_data__A3,CD001396,73,B,0.688758,4.4e-05,True,29,3722,10.1002/14651858.CD001396.pub4,5,63.57285429141717,False,0,33.72255489021957,Moderate
CD015087_pub2_data__A4,CD015087,73,B,-0.728239,0.561132,False,1,248,10.1002/14651858.CD015087.pub2,4,57.48502994011976,False,0,30.618762475049902,Moderate
CD014937_pub2_data__A18,CD014937,73,B,-0.808715,0.012703,True,15,1907,10.1002/14651858.CD014937.pub2,3,49.101796407185624,False,0,28.353293413173652,Moderate
CD013541_pub2_data__A10,CD013541,73,B,-0.060602,0.963343,False,3,143,10.1002/14651858.CD013541.pub2,11,84.83033932135729,False,0,39.18163672654691,Moderate
CD013539_pub2_data__A5,CD013539,73,B,-0.029681,0.375862,False,52,20159,10.1002/14651858.CD013539.pub2,1,26.34730538922156,False,0,16.497005988023954,Moderate
CD015215_pub2_data__A10,CD015215,73,B,0.319669,0.706041,False,7,1359,10.1002/14651858.CD015215.pub2,11,84.83033932135729,False,0,43.802395209580844,Moderate
CD003962_pub3_data__A5,CD003962,73,B,-0.898291,0.01156,True,8,715,10.1002/14651858.CD003962.pub3,13,88.32335329341318,False,0,44.041916167664674,Moderate
CD015215_pub2_data__A14,CD015215,73,B,0.685258,0.010121,True,7,1637,10.1002/14651858.CD015215.pub2,11,84.83033932135729,False,0,43.802395209580844,Moderate
CD003598_pub3_data__A22,CD003598,73,B,-0.324206,0.579367,False,9,887,10.1002/14651858.CD003598.pub3,2,39.12175648702595,False,0,25.309381237524953,Moderate
CD006913_pub3_data__A8,CD006913,73,B,-0.247461,0.031867,True,63,4990,10.1002/14651858.CD006913.pub3,3,49.101796407185624,False,0,29.171656686626747,Moderate
CD013508_pub3_data__A13,CD013508,73,B,0.11383,0.931311,False,3,174,10.1002/14651858.CD013508.pub3,23,97.1057884231537,False,0,46.18762475049901,Moderate
CD013476_pub2_data__A1,CD013476,73,B,-0.040801,0.975499,False,3,85,10.1002/14651858.CD013476.pub2,1,26.34730538922156,False,0,17.584830339321357,Moderate
CD013508_pub3_data__A3,CD013508,73,B,0.019824,0.988051,False,3,166,10.1002/14651858.CD013508.pub3,23,97.1057884231537,False,0,46.18762475049901,Moderate
CD013476_pub2_data__A12,CD013476,73,B,-0.125163,0.925855,False,3,45,10.1002/14651858.CD013476.pub2,1,26.34730538922156,False,0,17.584830339321357,Moderate
CD013508_pub3_data__A8,CD013508,73,B,-0.071279,0.95699,False,3,153,10.1002/14651858.CD013508.pub3,23,97.1057884231537,False,0,46.18762475049901,Moderate
CD013476_pub2_data__A6,CD013476,73,B,1.151084,0.265419,False,4,129,10.1002/14651858.CD013476.pub2,1,26.34730538922156,False,0,17.584830339321357,Moderate
CD006913_pub3_data__A6,CD006913,73,B,-0.354607,0.020357,True,44,3184,10.1002/14651858.CD006913.pub3,3,49.101796407185624,False,0,29.171656686626747,Moderate
CD007374_pub3_data__A17,CD007374,73,B,-1.060011,0.487871,False,2,358,10.1002/14651858.CD007374.pub3,7,73.05389221556887,False,0,37.93413173652695,Moderate
CD007156_pub3_data__A5,CD007156,73,B,-5.929589,0.0,False,1,100,10.1002/14651858.CD007156.pub3,4,57.48502994011976,False,0,25.69860279441118,Moderate
CD007156_pub3_data__A6,CD007156,73,B,-3.691957,0.011151,False,1,100,10.1002/14651858.CD007156.pub3,4,57.48502994011976,False,0,25.69860279441118,Moderate
CD007374_pub3_data__A22,CD007374,73,B,-0.342806,0.613156,False,2,289,10.1002/14651858.CD007374.pub3,7,73.05389221556887,False,0,37.93413173652695,Moderate
CD015284_pub2_data__A1,CD015284,73,B,0.248886,0.027523,True,19,2652,10.1002/14651858.CD015284.pub2,2,39.12175648702595,False,0,25.309381237524953,Moderate
CD013303_pub2_data__A1,CD013303,73,B,-0.238364,0.702485,False,11,1748,10.1002/14651858.CD013303.pub2,20,96.50698602794411,False,0,47.70459081836328,Moderate
CD007572_pub4_data__A4,CD007572,73,B,-0.954016,1.8e-05,True,13,2740,10.1002/14651858.CD007572.pub4,2,39.12175648702595,False,0,21.60678642714571,Moderate
CD015332_pub2_data__A19,CD015332,73,B,0.10427,0.902449,False,4,173,10.1002/14651858.CD015332.pub2,2,39.12175648702595,False,0,25.40918163672655,Moderate
CD015332_pub2_data__A20,CD015332,73,B,-0.197411,0.723713,False,4,180,10.1002/14651858.CD015332.pub2,2,39.12175648702595,False,0,25.40918163672655,Moderate
CD015332_pub2_data__A23,CD015332,73,B,0.552336,0.591898,False,3,180,10.1002/14651858.CD015332.pub2,2,39.12175648702595,False,0,25.40918163672655,Moderate
CD013631_pub2_data__A4,CD013631,73,B,-0.06751,0.944252,False,5,193,10.1002/14651858.CD013631.pub2,34,99.00199600798403,False,0,48.8622754491018,Moderate
CD014965_pub2_data__A16,CD014965,73,B,0.895015,0.17026,False,4,279,10.1002/14651858.CD014965.pub2,4,57.48502994011976,False,0,32.25548902195609,Moderate
CD006404_pub5_data__A8,CD006404,73,B,0.653932,0.038455,True,24,7119,10.1002/14651858.CD006404.pub5,0,9.68063872255489,False,0,11.996007984031937,Moderate
CD004417_pub6_data__A1,CD004417,73,B,-0.868444,0.00573,True,55,14276,10.1002/14651858.CD004417.pub6,6,68.76247504990019,False,0,30.209580838323348,Moderate
CD004661_pub4_data__A21,CD004661,73,B,-0.044337,0.754507,False,7,6914,10.1002/14651858.CD004661.pub4,16,93.21357285429141,False,0,46.467065868263475,Moderate
CD006023_pub4_data__A23,CD006023,73,B,0.068766,0.874229,False,14,1705,10.1002/14651858.CD006023.pub4,1,26.34730538922156,False,0,19.9500998003992,Moderate
CD014965_pub2_data__A23,CD014965,73,B,-0.169619,0.691849,False,3,213,10.1002/14651858.CD014965.pub2,4,57.48502994011976,False,0,32.25548902195609,Moderate
CD014762_pub2_data__A3,CD014762,73,B,-0.192589,0.59833,False,9,1908,10.1002/14651858.CD014762.pub2,3,49.101796407185624,False,0,21.676646706586826,Moderate
CD014300_pub2_data__A4,CD014300,73,B,-0.022625,0.990984,False,1,441,10.1002/14651858.CD014300.pub2,8,76.14770459081836,False,0,37.50499001996008,Moderate
CD014300_pub2_data__A2,CD014300,73,B,-0.170295,0.932276,False,1,258,10.1002/14651858.CD014300.pub2,8,76.14770459081836,False,0,37.50499001996008,Moderate
CD014300_pub2_data__A6,CD014300,73,B,-0.076124,0.969721,False,1,183,10.1002/14651858.CD014300.pub2,8,76.14770459081836,False,0,37.50499001996008,Moderate
CD014300_pub2_data__A5,CD014300,73,B,-0.076124,0.969721,False,1,183,10.1002/14651858.CD014300.pub2,8,76.14770459081836,False,0,37.50499001996008,Moderate
CD014145_pub2_data__A2,CD014145,73,B,-0.347589,0.461342,False,5,139,10.1002/14651858.CD014145.pub2,2,39.12175648702595,True,0,40.28942115768463,Moderate
CD014145_pub2_data__A3,CD014145,73,B,-0.08546,0.938549,False,4,114,10.1002/14651858.CD014145.pub2,2,39.12175648702595,True,0,40.28942115768463,Moderate
CD014300_pub2_data__A7,CD014300,73,B,-0.400526,0.82443,False,2,2774,10.1002/14651858.CD014300.pub2,8,76.14770459081836,False,0,37.50499001996008,Moderate
CD014300_pub2_data__A8,CD014300,73,B,-0.126836,0.949518,False,1,299,10.1002/14651858.CD014300.pub2,8,76.14770459081836,False,0,37.50499001996008,Moderate
CD013631_pub2_data__A11,CD013631,73,B,0.001119,0.999034,False,5,159,10.1002/14651858.CD013631.pub2,34,99.00199600798403,False,0,48.8622754491018,Moderate
CD015123_pub2_data__A1,CD015123,73,B,-0.62408,0.018417,True,5,1140,10.1002/14651858.CD015123.pub2,0,9.68063872255489,False,0,9.121756487025948,Moderate
CD014937_pub2_data__A20,CD014937,73,B,-0.452946,0.028118,True,33,4701,10.1002/14651858.CD014937.pub2,3,49.101796407185624,False,0,28.353293413173652,Moderate
CD013278_pub3_data__A18,CD013278,72,B,0.136899,0.439838,False,12,1816,10.1002/14651858.CD013278.pub3,4,57.48502994011976,True,0,52.40518962075848,Moderate
CD015824_pub2_data__A1,CD015824,72,B,-0.478715,0.012087,True,12,3155,10.1002/14651858.CD015824.pub2,1,26.34730538922156,False,0,15.179640718562876,Moderate
CD015373_pub2_data__A12,CD015373,72,B,1.044601,0.24858,False,6,279,10.1002/14651858.CD015373.pub2,2,39.12175648702595,True,0,44.5309381237525,Moderate
CD015820_pub2_data__A5,CD015820,72,B,0.27889,0.877873,False,2,124,10.1002/14651858.CD015820.pub2,0,9.68063872255489,False,0,8.013972055888225,Moderate
CD013284_pub2_data__A1,CD013284,72,B,0.01849,0.976248,False,11,1955,10.1002/14651858.CD013284.pub2,4,57.48502994011976,False,0,30.618762475049902,Moderate
CD013278_pub3_data__A14,CD013278,72,B,0.19737,0.242558,False,12,1951,10.1002/14651858.CD013278.pub3,4,57.48502994011976,True,0,52.40518962075848,Moderate
CD013278_pub3_data__A16,CD013278,72,B,-0.000537,0.997352,False,11,1811,10.1002/14651858.CD013278.pub3,4,57.48502994011976,True,0,52.40518962075848,Moderate
CD012570_pub2_data__A3,CD012570,72,B,-0.278248,0.374137,False,6,3283,10.1002/14651858.CD012570.pub2,2,39.12175648702595,False,0,19.10179640718563,Moderate
CD012570_pub2_data__A2,CD012570,72,B,-0.35497,0.104171,False,9,4634,10.1002/14651858.CD012570.pub2,2,39.12175648702595,False,0,19.10179640718563,Moderate
CD001920_pub4_data__A6,CD001920,72,B,0.144147,0.307436,False,168,16197,10.1002/14651858.CD001920.pub4,13,88.32335329341318,False,0,41.287425149700596,Moderate
CD015820_pub2_data__A8,CD015820,72,B,1.165304,0.486189,False,1,30,10.1002/14651858.CD015820.pub2,0,9.68063872255489,False,0,8.013972055888225,Moderate
CD015698_pub2_data__A1,CD015698,72,B,-0.503589,0.006346,True,8,0,10.1002/14651858.CD015698.pub2,1,26.34730538922156,False,0,13.243512974051898,Moderate
CD008709_pub4_data__A12,CD008709,72,B,-0.245407,0.218277,False,16,2369,10.1002/14651858.CD008709.pub4,12,86.42714570858283,False,0,42.86427145708583,Moderate
CD011689_pub4_data__A2,CD011689,72,B,-0.127833,1.7e-05,True,323,373154,10.1002/14651858.CD011689.pub4,1,26.34730538922156,False,0,18.662674650698605,Moderate
CD011762_pub2_data__A12,CD011762,72,B,-0.600516,0.0,True,80,121488,10.1002/14651858.CD011762.pub2,3,49.101796407185624,False,0,26.686626746506988,Moderate
CD011600_pub3_data__A4,CD011600,72,B,-0.221529,0.694682,False,18,14970,10.1002/14651858.CD011600.pub3,14,90.31936127744511,False,0,45.389221556886234,Moderate
CD008879_pub3_data__A1,CD008879,72,B,-0.361665,0.003762,True,20,2063,10.1002/14651858.CD008879.pub3,12,86.42714570858283,False,0,35.27944111776447,Moderate
CD015698_pub2_data__A2,CD015698,72,B,-0.400331,0.032835,True,7,0,10.1002/14651858.CD015698.pub2,1,26.34730538922156,False,0,13.243512974051898,Moderate
CD008709_pub4_data__A8,CD008709,72,B,-0.245265,0.250351,False,13,1992,10.1002/14651858.CD008709.pub4,12,86.42714570858283,False,0,42.86427145708583,Moderate
CD010145_pub2_data__A19,CD010145,72,B,0.850372,2.3e-05,True,15,3502,10.1002/14651858.CD010145.pub2,2,39.12175648702595,False,0,24.361277445109785,Moderate
CD015820_pub2_data__A3,CD015820,72,B,-0.178011,0.768704,False,7,384,10.1002/14651858.CD015820.pub2,0,9.68063872255489,False,0,8.013972055888225,Moderate
CD015820_pub2_data__A7,CD015820,72,B,0.427444,0.835175,False,1,18,10.1002/14651858.CD015820.pub2,0,9.68063872255489,False,0,8.013972055888225,Moderate
CD015820_pub2_data__A6,CD015820,72,B,0.209071,0.565865,False,5,272,10.1002/14651858.CD015820.pub2,0,9.68063872255489,False,0,8.013972055888225,Moderate
CD015524_pub2_data__A24,CD015524,72,B,0.058835,0.91171,False,6,327,10.1002/14651858.CD015524.pub2,1,26.34730538922156,True,0,40.199600798403196,Moderate
CD015524_pub2_data__A23,CD015524,72,B,-0.694951,0.323679,False,7,387,10.1002/14651858.CD015524.pub2,1,26.34730538922156,True,0,40.199600798403196,Moderate
CD012570_pub2_data__A4,CD012570,72,B,-0.031417,0.652885,False,10,4722,10.1002/14651858.CD012570.pub2,2,39.12175648702595,False,0,19.10179640718563,Moderate
CD012635_pub2_data__A3,CD012635,72,B,-0.093445,0.40927,False,10,3017,10.1002/14651858.CD012635.pub2,3,49.101796407185624,False,0,24.890219560878243,Moderate
CD015536_pub2_data__A6,CD015536,72,B,-0.4573,0.212884,False,23,3041,10.1002/14651858.CD015536.pub2,0,9.68063872255489,False,0,9.121756487025948,Moderate
CD008709_pub4_data__A10,CD008709,72,B,-0.333702,0.218407,False,17,1993,10.1002/14651858.CD008709.pub4,12,86.42714570858283,False,0,42.86427145708583,Moderate
CD011535_pub7_data__A12,CD011535,72,B,-0.014741,0.903966,False,22,14437,10.1002/14651858.CD011535.pub7,1,26.34730538922156,False,0,18.16367265469062,Moderate
CD015524_pub2_data__A30,CD015524,72,B,-0.120251,0.88979,False,6,354,10.1002/14651858.CD015524.pub2,1,26.34730538922156,True,0,40.199600798403196,Moderate
CD015524_pub2_data__A27,CD015524,72,B,-0.144121,0.880935,False,5,318,10.1002/14651858.CD015524.pub2,1,26.34730538922156,True,0,40.199600798403196,Moderate
CD015524_pub2_data__A26,CD015524,72,B,-0.144121,0.880935,False,5,318,10.1002/14651858.CD015524.pub2,1,26.34730538922156,True,0,40.199600798403196,Moderate
CD008709_pub4_data__A14,CD008709,72,B,-0.294704,0.087245,False,37,4769,10.1002/14651858.CD008709.pub4,12,86.42714570858283,False,0,42.86427145708583,Moderate
CD015524_pub2_data__A8,CD015524,72,B,0.361447,0.233836,False,14,1068,10.1002/14651858.CD015524.pub2,1,26.34730538922156,True,0,40.199600798403196,Moderate
CD015524_pub2_data__A35,CD015524,72,B,-0.281818,0.770442,False,5,312,10.1002/14651858.CD015524.pub2,1,26.34730538922156,True,0,40.199600798403196,Moderate
CD015524_pub2_data__A31,CD015524,72,B,-0.120251,0.88979,False,6,354,10.1002/14651858.CD015524.pub2,1,26.34730538922156,True,0,40.199600798403196,Moderate
CD012445_pub2_data__A6,CD012445,72,B,0.008861,0.996055,False,2,106,10.1002/14651858.CD012445.pub2,4,57.48502994011976,False,0,28.243512974051896,Moderate
CD012445_pub2_data__A5,CD012445,72,B,0.061312,0.972655,False,2,120,10.1002/14651858.CD012445.pub2,4,57.48502994011976,False,0,28.243512974051896,Moderate
CD007310_pub3_data__A15,CD007310,72,B,1.137795,0.202917,False,3,331,10.1002/14651858.CD007310.pub3,0,9.68063872255489,False,0,11.497005988023954,Moderate
CD015215_pub2_data__A42,CD015215,72,B,0.0,1.0,False,1,0,10.1002/14651858.CD015215.pub2,11,84.83033932135729,False,0,43.802395209580844,Moderate
CD015215_pub2_data__A7,CD015215,72,B,-0.028701,0.949392,False,8,447,10.1002/14651858.CD015215.pub2,11,84.83033932135729,False,0,43.802395209580844,Moderate
CD013284_pub2_data__A8,CD013284,72,B,0.022748,0.986141,False,3,467,10.1002/14651858.CD013284.pub2,4,57.48502994011976,False,0,30.618762475049902,Moderate
CD013284_pub2_data__A7,CD013284,72,B,0.039558,0.971063,False,4,622,10.1002/14651858.CD013284.pub2,4,57.48502994011976,False,0,30.618762475049902,Moderate
CD013284_pub2_data__A6,CD013284,72,B,0.045103,0.967011,False,4,624,10.1002/14651858.CD013284.pub2,4,57.48502994011976,False,0,30.618762475049902,Moderate
CD013614_pub2_data__A30,CD013614,72,B,1.658587,0.0047,True,14,3673,10.1002/14651858.CD013614.pub2,2,39.12175648702595,False,0,25.449101796407188,Moderate
CD013614_pub2_data__A4,CD013614,72,B,1.014228,0.000735,True,14,5622,10.1002/14651858.CD013614.pub2,2,39.12175648702595,False,0,25.449101796407188,Moderate
CD013614_pub2_data__A23,CD013614,72,B,0.286184,0.045588,True,14,4074,10.1002/14651858.CD013614.pub2,2,39.12175648702595,False,0,25.449101796407188,Moderate
CD013614_pub2_data__A2,CD013614,72,B,1.355468,2e-05,True,23,8193,10.1002/14651858.CD013614.pub2,2,39.12175648702595,False,0,25.449101796407188,Moderate
CD015215_pub2_data__A20,CD015215,72,B,-0.024051,0.990643,False,2,165,10.1002/14651858.CD015215.pub2,11,84.83033932135729,False,0,43.802395209580844,Moderate
CD015215_pub2_data__A21,CD015215,72,B,0.0,1.0,False,1,0,10.1002/14651858.CD015215.pub2,11,84.83033932135729,False,0,43.802395209580844,Moderate
CD013561_pub2_data__A2,CD013561,72,B,0.743669,0.11923,False,8,411,10.1002/14651858.CD013561.pub2,4,57.48502994011976,False,0,26.447105788423155,Moderate
CD006742_pub3_data__A5,CD006742,72,B,1.664817,0.0,False,1,17354,10.1002/14651858.CD006742.pub3,1,26.34730538922156,False,0,12.574850299401199,Moderate
CD015215_pub2_data__A22,CD015215,72,B,0.0,1.0,False,1,0,10.1002/14651858.CD015215.pub2,11,84.83033932135729,False,0,43.802395209580844,Moderate
CD015215_pub2_data__A23,CD015215,72,B,0.0,1.0,False,1,0,10.1002/14651858.CD015215.pub2,11,84.83033932135729,False,0,43.802395209580844,Moderate
CD015215_pub2_data__A28,CD015215,72,B,0.0,1.0,False,1,0,10.1002/14651858.CD015215.pub2,11,84.83033932135729,False,0,43.802395209580844,Moderate
CD015215_pub2_data__A27,CD015215,72,B,0.0,1.0,False,1,0,10.1002/14651858.CD015215.pub2,11,84.83033932135729,False,0,43.802395209580844,Moderate
CD015215_pub2_data__A30,CD015215,72,B,0.0,1.0,False,1,0,10.1002/14651858.CD015215.pub2,11,84.83033932135729,False,0,43.802395209580844,Moderate
CD015215_pub2_data__A26,CD015215,72,B,0.0,1.0,False,1,0,10.1002/14651858.CD015215.pub2,11,84.83033932135729,False,0,43.802395209580844,Moderate
CD015215_pub2_data__A25,CD015215,72,B,0.0,1.0,False,1,0,10.1002/14651858.CD015215.pub2,11,84.83033932135729,False,0,43.802395209580844,Moderate
CD015215_pub2_data__A24,CD015215,72,B,0.0,1.0,False,1,0,10.1002/14651858.CD015215.pub2,11,84.83033932135729,False,0,43.802395209580844,Moderate
CD015215_pub2_data__A29,CD015215,72,B,0.0,1.0,False,1,0,10.1002/14651858.CD015215.pub2,11,84.83033932135729,False,0,43.802395209580844,Moderate
CD006982_pub5_data__A3,CD006982,72,B,-0.426087,0.267297,False,3,307,10.1002/14651858.CD006982.pub5,2,39.12175648702595,True,0,38.35329341317365,Moderate
CD015215_pub2_data__A45,CD015215,72,B,0.0,1.0,False,1,0,10.1002/14651858.CD015215.pub2,11,84.83033932135729,False,0,43.802395209580844,Moderate
CD015215_pub2_data__A4,CD015215,72,B,0.00522,0.993413,False,13,1180,10.1002/14651858.CD015215.pub2,11,84.83033932135729,False,0,43.802395209580844,Moderate
CD015215_pub2_data__A39,CD015215,72,B,0.0,1.0,False,1,0,10.1002/14651858.CD015215.pub2,11,84.83033932135729,False,0,43.802395209580844,Moderate
CD015215_pub2_data__A38,CD015215,72,B,0.0,1.0,False,1,0,10.1002/14651858.CD015215.pub2,11,84.83033932135729,False,0,43.802395209580844,Moderate
CD015215_pub2_data__A37,CD015215,72,B,0.0,1.0,False,1,0,10.1002/14651858.CD015215.pub2,11,84.83033932135729,False,0,43.802395209580844,Moderate
CD015215_pub2_data__A36,CD015215,72,B,0.0,1.0,False,1,0,10.1002/14651858.CD015215.pub2,11,84.83033932135729,False,0,43.802395209580844,Moderate
CD015215_pub2_data__A35,CD015215,72,B,0.0,1.0,False,1,0,10.1002/14651858.CD015215.pub2,11,84.83033932135729,False,0,43.802395209580844,Moderate
CD015215_pub2_data__A34,CD015215,72,B,0.0,1.0,False,1,0,10.1002/14651858.CD015215.pub2,11,84.83033932135729,False,0,43.802395209580844,Moderate
CD015215_pub2_data__A33,CD015215,72,B,0.0,1.0,False,1,0,10.1002/14651858.CD015215.pub2,11,84.83033932135729,False,0,43.802395209580844,Moderate
CD013425_pub2_data__A2,CD013425,72,B,0.104871,0.587911,False,13,4577,10.1002/14651858.CD013425.pub2,2,39.12175648702595,False,0,22.435129740518963,Moderate
CD007156_pub3_data__A2,CD007156,72,B,-0.101457,0.816596,False,22,1612,10.1002/14651858.CD007156.pub3,4,57.48502994011976,False,0,25.69860279441118,Moderate
CD007156_pub3_data__A1,CD007156,72,B,-0.080017,0.790736,False,46,2870,10.1002/14651858.CD007156.pub3,4,57.48502994011976,False,0,25.69860279441118,Moderate
CD015215_pub2_data__A32,CD015215,72,B,0.0,1.0,False,1,0,10.1002/14651858.CD015215.pub2,11,84.83033932135729,False,0,43.802395209580844,Moderate
CD015215_pub2_data__A31,CD015215,72,B,0.0,1.0,False,1,0,10.1002/14651858.CD015215.pub2,11,84.83033932135729,False,0,43.802395209580844,Moderate
CD013278_pub3_data__A11,CD013278,72,B,-0.171335,0.420758,False,12,1916,10.1002/14651858.CD013278.pub3,4,57.48502994011976,True,0,52.40518962075848,Moderate
CD015229_pub2_data__A3,CD015229,72,B,-1.100616,0.004263,True,9,441,10.1002/14651858.CD015229.pub2,1,26.34730538922156,False,0,13.992015968063875,Moderate
CD014966_pub2_data__A4,CD014966,72,B,0.012541,0.948425,False,10,139263,10.1002/14651858.CD014966.pub2,2,39.12175648702595,False,0,16.98602794411178,Moderate
CD004661_pub4_data__A12,CD004661,72,B,0.220712,0.261346,False,14,13321,10.1002/14651858.CD004661.pub4,16,93.21357285429141,False,0,46.467065868263475,Moderate
CD013631_pub2_data__A9,CD013631,72,B,0.255096,0.787071,False,4,135,10.1002/14651858.CD013631.pub2,34,99.00199600798403,False,0,48.8622754491018,Moderate
CD013631_pub2_data__A26,CD013631,72,B,1.287727,0.614267,False,2,79,10.1002/14651858.CD013631.pub2,34,99.00199600798403,False,0,48.8622754491018,Moderate
CD013631_pub2_data__A8,CD013631,72,B,-0.007665,0.99444,False,4,159,10.1002/14651858.CD013631.pub2,34,99.00199600798403,False,0,48.8622754491018,Moderate
CD015134_pub2_data__A5,CD015134,72,B,0.159973,0.120461,False,6,17560,10.1002/14651858.CD015134.pub2,10,82.83433133732535,False,0,36.58682634730539,Moderate
CD013614_pub2_data__A6,CD013614,72,B,0.32216,0.054411,False,11,5372,10.1002/14651858.CD013614.pub2,2,39.12175648702595,False,0,25.449101796407188,Moderate
CD013631_pub2_data__A10,CD013631,72,B,0.840122,0.309985,False,4,163,10.1002/14651858.CD013631.pub2,34,99.00199600798403,False,0,48.8622754491018,Moderate
CD015087_pub2_data__A9,CD015087,72,B,-0.29051,0.358624,False,7,408,10.1002/14651858.CD015087.pub2,4,57.48502994011976,False,0,30.618762475049902,Moderate
CD015134_pub2_data__A3,CD015134,72,B,-0.127837,0.693148,False,5,12652,10.1002/14651858.CD015134.pub2,10,82.83433133732535,False,0,36.58682634730539,Moderate
CD015134_pub2_data__A7,CD015134,72,B,-0.283064,0.343008,False,6,17589,10.1002/14651858.CD015134.pub2,10,82.83433133732535,False,0,36.58682634730539,Moderate
CD013631_pub2_data__A2,CD013631,72,B,-0.012158,0.983075,False,13,607,10.1002/14651858.CD013631.pub2,34,99.00199600798403,False,0,48.8622754491018,Moderate
CD015087_pub2_data__A15,CD015087,72,B,-1.116883,0.123146,False,5,348,10.1002/14651858.CD015087.pub2,4,57.48502994011976,False,0,30.618762475049902,Moderate
CD004376_pub4_data__A3,CD004376,72,B,-0.888589,1.5e-05,True,176,17437,10.1002/14651858.CD004376.pub4,31,98.60279441117764,False,0,42.14570858283433,Moderate
CD016031_data__A6,CD016031,72,B,0.256731,0.585983,False,5,535,10.1002/14651858.CD016031,2,39.12175648702595,False,0,24.13173652694611,Moderate
CD009679_pub3_data__A5,CD009679,72,B,-0.07835,0.900349,False,11,641,10.1002/14651858.CD009679.pub3,4,57.48502994011976,False,0,29.451097804391217,Moderate
CD014769_pub2_data__A14,CD014769,72,B,-0.695695,0.022859,True,5,34606,10.1002/14651858.CD014769.pub2,4,57.48502994011976,True,0,52.40518962075848,Moderate
CD014736_pub2_data__A3,CD014736,72,B,-0.12359,0.910377,False,4,192,10.1002/14651858.CD014736.pub2,0,9.68063872255489,False,0,6.57684630738523,Moderate
CD006023_pub4_data__A26,CD006023,72,B,-0.766643,0.418024,False,2,307,10.1002/14651858.CD006023.pub4,1,26.34730538922156,False,0,19.9500998003992,Moderate
CD006023_pub4_data__A27,CD006023,72,B,-0.076227,0.969741,False,1,104,10.1002/14651858.CD006023.pub4,1,26.34730538922156,False,0,19.9500998003992,Moderate
CD006023_pub4_data__A28,CD006023,72,B,-1.108513,0.49884,False,1,202,10.1002/14651858.CD006023.pub4,1,26.34730538922156,False,0,19.9500998003992,Moderate
CD013830_pub2_data__A19,CD013830,72,B,-1.634698,0.072419,False,3,124,10.1002/14651858.CD013830.pub2,15,91.81636726546905,True,0,65.43912175648703,Moderate
CD013830_pub2_data__A15,CD013830,72,B,-0.881902,0.184448,False,4,2057,10.1002/14651858.CD013830.pub2,15,91.81636726546905,True,0,65.43912175648703,Moderate
CD013874_pub3_data__A12,CD013874,72,B,-1.370342,0.044125,True,4,761,10.1002/14651858.CD013874.pub3,0,9.68063872255489,False,0,11.497005988023954,Moderate
CD014145_pub2_data__A1,CD014145,72,B,-0.762119,0.254422,False,7,171,10.1002/14651858.CD014145.pub2,2,39.12175648702595,True,0,40.28942115768463,Moderate
CD013874_pub3_data__A9,CD013874,72,B,0.491441,0.158694,False,4,738,10.1002/14651858.CD013874.pub3,0,9.68063872255489,False,0,11.497005988023954,Moderate
CD014300_pub2_data__A14,CD014300,72,B,-0.288124,0.332968,False,2,960,10.1002/14651858.CD014300.pub2,8,76.14770459081836,False,0,37.50499001996008,Moderate
CD014300_pub2_data__A3,CD014300,72,B,0.015744,0.990394,False,3,674,10.1002/14651858.CD014300.pub2,8,76.14770459081836,False,0,37.50499001996008,Moderate
CD014300_pub2_data__A13,CD014300,72,B,-0.076719,0.783104,False,10,6430,10.1002/14651858.CD014300.pub2,8,76.14770459081836,False,0,37.50499001996008,Moderate
CD014300_pub2_data__A1,CD014300,72,B,-0.358951,0.785469,False,3,3378,10.1002/14651858.CD014300.pub2,8,76.14770459081836,False,0,37.50499001996008,Moderate
CD010001_pub4_data__A4,CD010001,71,B,0.486424,1e-06,True,53,4950,10.1002/14651858.CD010001.pub4,1,26.34730538922156,False,0,13.243512974051898,Moderate
CD001431_pub6_data__A5,CD001431,71,B,0.115555,0.035738,True,116,45761,10.1002/14651858.CD001431.pub6,166,100.0,False,0,42.70459081836327,Moderate
CD016147_data__A4,CD016147,71,B,0.771834,0.709288,False,2,143,10.1002/14651858.CD016147,2,39.12175648702595,False,0,22.105788423153694,Moderate
CD015790_pub2_data__A7,CD015790,71,B,-0.060769,0.938855,False,7,942,10.1002/14651858.CD015790.pub2,0,9.68063872255489,False,0,10.658682634730539,Moderate
CD015790_pub2_data__A9,CD015790,71,B,-0.050755,0.953161,False,6,653,10.1002/14651858.CD015790.pub2,0,9.68063872255489,False,0,10.658682634730539,Moderate
CD015790_pub2_data__A4,CD015790,71,B,-0.049739,0.953995,False,6,864,10.1002/14651858.CD015790.pub2,0,9.68063872255489,False,0,10.658682634730539,Moderate
CD001837_pub4_data__A4,CD001837,71,B,0.248697,0.015381,True,7,5610,10.1002/14651858.CD001837.pub4,14,90.31936127744511,False,0,37.46506986027944,Moderate
CD016002_data__A24,CD016002,71,B,-0.022964,0.76247,False,9,515,10.1002/14651858.CD016002,1,26.34730538922156,False,0,19.640718562874255,Moderate
CD016002_data__A25,CD016002,71,B,-0.118034,0.455924,False,9,752,10.1002/14651858.CD016002,1,26.34730538922156,False,0,19.640718562874255,Moderate
CD015790_pub2_data__A6,CD015790,71,B,0.096545,0.919549,False,5,769,10.1002/14651858.CD015790.pub2,0,9.68063872255489,False,0,10.658682634730539,Moderate
CD015524_pub2_data__A29,CD015524,71,B,0.172473,0.875206,False,4,262,10.1002/14651858.CD015524.pub2,1,26.34730538922156,True,0,40.199600798403196,Moderate
CD015524_pub2_data__A28,CD015524,71,B,0.172473,0.875206,False,4,262,10.1002/14651858.CD015524.pub2,1,26.34730538922156,True,0,40.199600798403196,Moderate
CD015524_pub2_data__A36,CD015524,71,B,0.0,1.0,False,3,220,10.1002/14651858.CD015524.pub2,1,26.34730538922156,True,0,40.199600798403196,Moderate
CD002243_pub5_data__A19,CD002243,71,B,0.285492,0.000292,True,16,7415,10.1002/14651858.CD002243.pub5,0,9.68063872255489,False,0,12.355289421157686,Moderate
CD015536_pub2_data__A5,CD015536,71,B,-1.395109,0.164619,False,4,152,10.1002/14651858.CD015536.pub2,0,9.68063872255489,False,0,9.121756487025948,Moderate
CD010145_pub2_data__A5,CD010145,71,B,0.850568,0.105932,False,5,1149,10.1002/14651858.CD010145.pub2,2,39.12175648702595,False,0,24.361277445109785,Moderate
CD015524_pub2_data__A33,CD015524,71,B,0.172473,0.875206,False,4,262,10.1002/14651858.CD015524.pub2,1,26.34730538922156,True,0,40.199600798403196,Moderate
CD010145_pub2_data__A6,CD010145,71,B,1.64264,0.072174,False,5,784,10.1002/14651858.CD010145.pub2,2,39.12175648702595,False,0,24.361277445109785,Moderate
CD015584_pub2_data__A6,CD015584,71,B,0.558265,0.010709,True,20,2563,10.1002/14651858.CD015584.pub2,1,26.34730538922156,False,0,15.788423153692616,Moderate
CD015588_pub2_data__A18,CD015588,71,B,-0.399806,0.002417,True,6,11232,10.1002/14651858.CD015588.pub2,17,94.61077844311377,False,0,47.74451097804391,Moderate
CD015588_pub2_data__A26,CD015588,71,B,-0.385729,0.000272,True,9,28339,10.1002/14651858.CD015588.pub2,17,94.61077844311377,False,0,47.74451097804391,Moderate
CD015588_pub2_data__A33,CD015588,71,B,-0.411338,0.001092,True,8,36380,10.1002/14651858.CD015588.pub2,17,94.61077844311377,False,0,47.74451097804391,Moderate
CD015701_pub2_data__A1,CD015701,71,B,0.007474,0.941887,False,5,17170,10.1002/14651858.CD015701.pub2,0,9.68063872255489,False,0,6.57684630738523,Moderate
CD015779_data__A1,CD015779,71,B,-1.372844,0.003208,True,8,2116,10.1002/14651858.CD015779,4,57.48502994011976,False,0,28.243512974051896,Moderate
CD015790_pub2_data__A3,CD015790,71,B,0.061834,0.942779,False,6,1090,10.1002/14651858.CD015790.pub2,0,9.68063872255489,False,0,10.658682634730539,Moderate
CD014935_pub2_data__A2,CD014935,71,B,-0.122517,0.848435,False,3,123,10.1002/14651858.CD014935.pub2,1,26.34730538922156,False,0,16.497005988023954,Moderate
CD004661_pub4_data__A23,CD004661,71,B,-0.253526,0.530661,False,2,3092,10.1002/14651858.CD004661.pub4,16,93.21357285429141,False,0,46.467065868263475,Moderate
CD014935_pub2_data__A3,CD014935,71,B,0.175405,0.785578,False,3,123,10.1002/14651858.CD014935.pub2,1,26.34730538922156,False,0,16.497005988023954,Moderate
CD014935_pub2_data__A9,CD014935,71,B,0.014576,0.991194,False,3,123,10.1002/14651858.CD014935.pub2,1,26.34730538922156,False,0,16.497005988023954,Moderate
CD015373_pub2_data__A10,CD015373,71,B,0.414593,0.361804,False,6,140,10.1002/14651858.CD015373.pub2,2,39.12175648702595,True,0,44.5309381237525,Moderate
CD015215_pub2_data__A8,CD015215,71,B,-0.78963,0.165143,False,7,412,10.1002/14651858.CD015215.pub2,11,84.83033932135729,False,0,43.802395209580844,Moderate
CD015229_pub2_data__A4,CD015229,71,B,-1.314834,0.019394,True,10,476,10.1002/14651858.CD015229.pub2,1,26.34730538922156,False,0,13.992015968063875,Moderate
CD009752_pub3_data__A2,CD009752,71,B,-0.217655,0.422661,False,7,687,10.1002/14651858.CD009752.pub3,1,26.34730538922156,True,0,39.42115768463074,Moderate
CD015158_pub2_data__A18,CD015158,71,B,0.128437,0.86154,False,8,1037,10.1002/14651858.CD015158.pub2,1,26.34730538922156,False,0,19.9500998003992,Moderate
CD015158_pub2_data__A6,CD015158,71,B,-0.01039,0.991316,False,5,766,10.1002/14651858.CD015158.pub2,1,26.34730538922156,False,0,19.9500998003992,Moderate
CD015122_pub2_data__A1,CD015122,71,B,-0.879826,0.003492,True,10,1753,10.1002/14651858.CD015122.pub2,4,57.48502994011976,False,0,32.17564870259481,Moderate
CD003598_pub3_data__A12,CD003598,71,B,0.298651,0.238243,False,10,853,10.1002/14651858.CD003598.pub3,2,39.12175648702595,False,0,25.309381237524953,Moderate
CD015066_pub2_data__A1,CD015066,71,B,-0.19607,0.820388,False,6,930,10.1002/14651858.CD015066.pub2,6,68.76247504990019,False,0,27.804391217564866,Moderate
CD015087_pub2_data__A10,CD015087,71,B,0.095817,0.877835,False,2,101,10.1002/14651858.CD015087.pub2,4,57.48502994011976,False,0,30.618762475049902,Moderate
CD004376_pub4_data__A4,CD004376,71,B,0.797151,0.005261,True,11,12670,10.1002/14651858.CD004376.pub4,31,98.60279441117764,False,0,42.14570858283433,Moderate
CD015524_pub2_data__A32,CD015524,71,B,0.172473,0.875206,False,4,262,10.1002/14651858.CD015524.pub2,1,26.34730538922156,True,0,40.199600798403196,Moderate
CD015514_pub2_data__A8,CD015514,71,B,-0.364463,0.811395,False,2,524,10.1002/14651858.CD015514.pub2,4,57.48502994011976,False,0,27.135728542914173,Moderate
CD015514_pub2_data__A6,CD015514,71,B,0.0,1.0,False,1,0,10.1002/14651858.CD015514.pub2,4,57.48502994011976,False,0,27.135728542914173,Moderate
CD015514_pub2_data__A5,CD015514,71,B,0.0,1.0,False,2,0,10.1002/14651858.CD015514.pub2,4,57.48502994011976,False,0,27.135728542914173,Moderate
CD015524_pub2_data__A20,CD015524,71,B,-0.047742,0.888166,False,5,358,10.1002/14651858.CD015524.pub2,1,26.34730538922156,True,0,40.199600798403196,Moderate
CD015524_pub2_data__A19,CD015524,71,B,-0.047742,0.888166,False,5,358,10.1002/14651858.CD015524.pub2,1,26.34730538922156,True,0,40.199600798403196,Moderate
CD015524_pub2_data__A13,CD015524,71,B,-0.184938,0.499843,False,6,491,10.1002/14651858.CD015524.pub2,1,26.34730538922156,True,0,40.199600798403196,Moderate
CD015517_data__A8,CD015517,71,B,-0.222666,0.81674,False,5,532,10.1002/14651858.CD015517,1,26.34730538922156,False,0,15.788423153692616,Moderate
CD015517_data__A6,CD015517,71,B,-0.20496,0.812852,False,6,634,10.1002/14651858.CD015517,1,26.34730538922156,False,0,15.788423153692616,Moderate
CD015514_pub2_data__A2,CD015514,71,B,0.1362,0.909557,False,2,289,10.1002/14651858.CD015514.pub2,4,57.48502994011976,False,0,27.135728542914173,Moderate
CD015495_data__A3,CD015495,71,B,-0.008553,0.991396,False,7,523,10.1002/14651858.CD015495,6,68.76247504990019,False,0,28.213572854291414,Moderate
CD015476_pub2_data__A12,CD015476,71,B,0.54392,0.005587,True,6,8273,10.1002/14651858.CD015476.pub2,0,9.68063872255489,False,0,11.21756487025948,Moderate
CD015514_pub2_data__A4,CD015514,71,B,0.0,1.0,False,2,0,10.1002/14651858.CD015514.pub2,4,57.48502994011976,False,0,27.135728542914173,Moderate
CD015373_pub2_data__A20,CD015373,71,B,-1.217924,0.518956,False,2,117,10.1002/14651858.CD015373.pub2,2,39.12175648702595,True,0,44.5309381237525,Moderate
CD015373_pub2_data__A14,CD015373,71,B,-0.282389,0.700407,False,4,135,10.1002/14651858.CD015373.pub2,2,39.12175648702595,True,0,44.5309381237525,Moderate
CD015395_pub3_data__A1,CD015395,71,B,-1.540309,0.452834,False,2,2488,10.1002/14651858.CD015395.pub3,14,90.31936127744511,False,0,40.26946107784431,Moderate
CD015373_pub2_data__A22,CD015373,71,B,11.109726,0.396271,False,2,87,10.1002/14651858.CD015373.pub2,2,39.12175648702595,True,0,44.5309381237525,Moderate
CD015060_pub2_data__A2,CD015060,71,B,-0.119492,0.783493,False,9,510,10.1002/14651858.CD015060.pub2,3,49.101796407185624,False,0,20.97804391217565,Moderate
CD014966_pub2_data__A1,CD014966,71,B,-0.113629,0.020773,True,79,179498,10.1002/14651858.CD014966.pub2,2,39.12175648702595,False,0,16.98602794411178,Moderate
CD004667_pub6_data__A11,CD004667,71,B,-0.137483,0.009412,True,14,17769,10.1002/14651858.CD004667.pub6,64,99.8003992015968,False,0,48.21357285429142,Moderate
CD014964_pub2_data__A7,CD014964,71,B,-0.441813,0.033571,True,15,3948,10.1002/14651858.CD014964.pub2,1,26.34730538922156,False,0,13.992015968063875,Moderate
CD015087_pub2_data__A5,CD015087,71,B,-0.319384,0.603663,False,8,710,10.1002/14651858.CD015087.pub2,4,57.48502994011976,False,0,30.618762475049902,Moderate
CD013726_pub2_data__A2,CD013726,71,B,0.036676,0.950895,False,12,896,10.1002/14651858.CD013726.pub2,3,49.101796407185624,False,0,23.78243512974052,Moderate
CD013707_pub2_data__A1,CD013707,71,B,0.452666,0.208978,False,8,615,10.1002/14651858.CD013707.pub2,1,26.34730538922156,False,0,16.497005988023954,Moderate
CD010779_pub2_data__A5,CD010779,71,B,0.0,1.0,False,3,126,10.1002/14651858.CD010779.pub2,4,57.48502994011976,False,0,25.02994011976048,Moderate
CD006742_pub3_data__A2,CD006742,71,B,-0.075159,0.656721,False,4,7292,10.1002/14651858.CD006742.pub3,1,26.34730538922156,False,0,12.574850299401199,Moderate
CD010779_pub2_data__A4,CD010779,71,B,-0.018856,0.988562,False,3,168,10.1002/14651858.CD010779.pub2,4,57.48502994011976,False,0,25.02994011976048,Moderate
CD006536_pub5_data__A23,CD006536,71,B,-0.532991,0.426626,False,10,884,10.1002/14651858.CD006536.pub5,0,9.68063872255489,False,0,12.86427145708583,Moderate
CD010441_pub3_data__A7,CD010441,71,B,0.988216,0.569297,False,2,287,10.1002/14651858.CD010441.pub3,0,9.68063872255489,False,0,7.325349301397207,Moderate
CD006023_pub4_data__A19,CD006023,71,B,0.268592,0.411412,False,31,4898,10.1002/14651858.CD006023.pub4,1,26.34730538922156,False,0,19.9500998003992,Moderate
CD006023_pub4_data__A18,CD006023,71,B,-0.356345,0.143668,False,36,6743,10.1002/14651858.CD006023.pub4,1,26.34730538922156,False,0,19.9500998003992,Moderate
CD010441_pub3_data__A2,CD010441,71,B,-0.384239,0.249852,False,6,800,10.1002/14651858.CD010441.pub3,0,9.68063872255489,False,0,7.325349301397207,Moderate
CD006023_pub4_data__A22,CD006023,71,B,-0.383656,0.355309,False,18,1955,10.1002/14651858.CD006023.pub4,1,26.34730538922156,False,0,19.9500998003992,Moderate
CD014541_pub2_data__A12,CD014541,71,B,0.703592,0.007454,True,6,40056,10.1002/14651858.CD014541.pub2,1,26.34730538922156,False,0,19.9500998003992,Moderate
CD014541_pub2_data__A11,CD014541,71,B,0.697783,0.004462,True,7,40374,10.1002/14651858.CD014541.pub2,1,26.34730538922156,False,0,19.9500998003992,Moderate
CD014428_pub2_data__A7,CD014428,71,B,-0.191055,0.925656,False,1,20,10.1002/14651858.CD014428.pub2,1,26.34730538922156,False,0,13.992015968063875,Moderate
CD014428_pub2_data__A6,CD014428,71,B,-0.191055,0.925656,False,1,20,10.1002/14651858.CD014428.pub2,1,26.34730538922156,False,0,13.992015968063875,Moderate
CD010441_pub3_data__A3,CD010441,71,B,-0.458856,0.247896,False,6,714,10.1002/14651858.CD010441.pub3,0,9.68063872255489,False,0,7.325349301397207,Moderate
CD014666_pub2_data__A3,CD014666,71,B,-0.175995,0.640878,False,29,5730,10.1002/14651858.CD014666.pub2,11,84.83033932135729,False,0,35.96806387225549,Moderate
CD014666_pub2_data__A1,CD014666,71,B,-0.160514,0.675909,False,28,5638,10.1002/14651858.CD014666.pub2,11,84.83033932135729,False,0,35.96806387225549,Moderate
CD014541_pub2_data__A22,CD014541,71,B,-0.29763,0.008856,True,5,33819,10.1002/14651858.CD014541.pub2,1,26.34730538922156,False,0,19.9500998003992,Moderate
CD014666_pub2_data__A5,CD014666,71,B,-0.427503,0.36693,False,19,3058,10.1002/14651858.CD014666.pub2,11,84.83033932135729,False,0,35.96806387225549,Moderate
CD014666_pub2_data__A4,CD014666,71,B,-0.215848,0.611729,False,23,4485,10.1002/14651858.CD014666.pub2,11,84.83033932135729,False,0,35.96806387225549,Moderate
CD014872_pub2_data__A10,CD014872,71,B,1.163589,0.0,True,20,4400,10.1002/14651858.CD014872.pub2,4,57.48502994011976,False,0,30.339321357285428,Moderate
CD014852_pub2_data__A7,CD014852,71,B,1.090428,0.027103,True,7,544,10.1002/14651858.CD014852.pub2,4,57.48502994011976,False,0,32.405189620758485,Moderate
CD014872_pub2_data__A11,CD014872,71,B,1.191989,0.0,True,19,4277,10.1002/14651858.CD014872.pub2,4,57.48502994011976,False,0,30.339321357285428,Moderate
CD014872_pub2_data__A9,CD014872,71,B,1.163589,0.0,True,20,4400,10.1002/14651858.CD014872.pub2,4,57.48502994011976,False,0,30.339321357285428,Moderate
CD014935_pub2_data__A1,CD014935,71,B,0.027587,0.966216,False,3,123,10.1002/14651858.CD014935.pub2,1,26.34730538922156,False,0,16.497005988023954,Moderate
CD014935_pub2_data__A10,CD014935,71,B,0.014576,0.991194,False,3,123,10.1002/14651858.CD014935.pub2,1,26.34730538922156,False,0,16.497005988023954,Moderate
CD016211_data__A7,CD016211,71,B,0.026946,0.765156,False,4,0,10.1002/14651858.CD016211,0,9.68063872255489,False,0,12.165668662674651,Moderate
CD011885_pub2_data__A39,CD011885,71,B,0.078698,0.971643,False,2,460,10.1002/14651858.CD011885.pub2,0,9.68063872255489,False,0,13.79241516966068,Moderate
CD012445_pub2_data__A2,CD012445,71,B,-0.106064,0.923349,False,4,340,10.1002/14651858.CD012445.pub2,4,57.48502994011976,False,0,28.243512974051896,Moderate
CD012445_pub2_data__A4,CD012445,71,B,-0.170499,0.876631,False,4,732,10.1002/14651858.CD012445.pub2,4,57.48502994011976,False,0,28.243512974051896,Moderate
CD012532_pub2_data__A2,CD012532,71,B,-0.046743,0.952904,False,7,2219,10.1002/14651858.CD012532.pub2,6,68.76247504990019,False,0,27.804391217564866,Moderate
CD012532_pub2_data__A1,CD012532,71,B,-0.046743,0.952904,False,7,2219,10.1002/14651858.CD012532.pub2,6,68.76247504990019,False,0,27.804391217564866,Moderate
CD000547_pub3_data__A5,CD000547,71,B,-0.430564,0.035289,True,25,2049,10.1002/14651858.CD000547.pub3,4,57.48502994011976,False,0,29.451097804391217,Moderate
CD016211_data__A13,CD016211,71,B,0.0,1.0,False,2,0,10.1002/14651858.CD016211,0,9.68063872255489,False,0,12.165668662674651,Moderate
CD008873_pub5_data__A9,CD008873,71,B,-0.352398,0.658598,False,7,3104,10.1002/14651858.CD008873.pub5,18,95.50898203592814,False,0,45.54890219560878,Moderate
CD016211_data__A5,CD016211,71,B,0.028579,0.469654,False,4,0,10.1002/14651858.CD016211,0,9.68063872255489,False,0,12.165668662674651,Moderate
CD016211_data__A19,CD016211,71,B,-0.203757,0.447033,False,2,41013,10.1002/14651858.CD016211,0,9.68063872255489,False,0,12.165668662674651,Moderate
CD016211_data__A20,CD016211,71,B,0.100427,0.506008,False,4,0,10.1002/14651858.CD016211,0,9.68063872255489,False,0,12.165668662674651,Moderate
CD008873_pub5_data__A3,CD008873,71,B,-0.286642,0.107981,False,5,3755,10.1002/14651858.CD008873.pub5,18,95.50898203592814,False,0,45.54890219560878,Moderate
CD008873_pub5_data__A4,CD008873,71,B,-0.098523,0.813297,False,5,2716,10.1002/14651858.CD008873.pub5,18,95.50898203592814,False,0,45.54890219560878,Moderate
CD008873_pub5_data__A12,CD008873,71,B,-0.40307,0.323438,False,7,3044,10.1002/14651858.CD008873.pub5,18,95.50898203592814,False,0,45.54890219560878,Moderate
CD012445_pub2_data__A10,CD012445,71,B,-0.151164,0.890058,False,4,746,10.1002/14651858.CD012445.pub2,4,57.48502994011976,False,0,28.243512974051896,Moderate
CD012925_pub2_data__A8,CD012925,71,B,0.906704,0.006267,True,7,5988,10.1002/14651858.CD012925.pub2,8,76.14770459081836,False,0,35.0998003992016,Moderate
CD012609_pub2_data__A4,CD012609,71,B,-0.281196,0.244897,False,7,893,10.1002/14651858.CD012609.pub2,2,39.12175648702595,False,0,18.353293413173652,Moderate
CD012586_pub2_data__A3,CD012586,71,B,-0.056239,0.353716,False,65,15779,10.1002/14651858.CD012586.pub2,4,57.48502994011976,False,0,28.243512974051896,Moderate
CD012586_pub2_data__A4,CD012586,71,B,0.118775,0.24531,False,37,8430,10.1002/14651858.CD012586.pub2,4,57.48502994011976,False,0,28.243512974051896,Moderate
CD013038_pub3_data__A8,CD013038,71,B,-0.030029,0.97501,False,5,786,10.1002/14651858.CD013038.pub3,6,68.76247504990019,False,0,33.46307385229541,Moderate
CD013038_pub3_data__A10,CD013038,71,B,-0.030029,0.97501,False,5,786,10.1002/14651858.CD013038.pub3,6,68.76247504990019,False,0,33.46307385229541,Moderate
CD013303_pub2_data__A10,CD013303,71,B,-0.051114,0.948549,False,7,1546,10.1002/14651858.CD013303.pub2,20,96.50698602794411,False,0,47.70459081836328,Moderate
CD012997_pub3_data__A1,CD012997,71,B,-0.227654,0.585821,False,5,572,10.1002/14651858.CD012997.pub3,0,9.68063872255489,False,0,5.209580838323354,Moderate
CD013303_pub2_data__A13,CD013303,71,B,-0.174506,0.840079,False,6,1201,10.1002/14651858.CD013303.pub2,20,96.50698602794411,False,0,47.70459081836328,Moderate
CD013303_pub2_data__A7,CD013303,71,B,-0.098349,0.909033,False,6,1579,10.1002/14651858.CD013303.pub2,20,96.50698602794411,False,0,47.70459081836328,Moderate
CD013303_pub2_data__A8,CD013303,71,B,-0.192031,0.841003,False,5,1501,10.1002/14651858.CD013303.pub2,20,96.50698602794411,False,0,47.70459081836328,Moderate
CD013707_pub2_data__A3,CD013707,71,B,-0.262369,0.519215,False,8,635,10.1002/14651858.CD013707.pub2,1,26.34730538922156,False,0,16.497005988023954,Moderate
CD013729_pub2_data__A1,CD013729,71,B,0.554154,0.536011,False,5,1075,10.1002/14651858.CD013729.pub2,3,49.101796407185624,False,0,26.097804391217565,Moderate
CD013773_pub2_data__A2,CD013773,71,B,-0.257629,0.024904,True,7,3763,10.1002/14651858.CD013773.pub2,4,57.48502994011976,False,0,23.702594810379242,Moderate
CD013774_pub2_data__A9,CD013774,71,B,-0.282435,0.033484,True,8,3511,10.1002/14651858.CD013774.pub2,8,76.14770459081836,False,0,35.70858283433134,Moderate
CD013789_pub2_data__A8,CD013789,71,B,-0.140721,0.830257,False,10,618,10.1002/14651858.CD013789.pub2,16,93.21357285429141,False,0,45.998003992015974,Moderate
CD010861_pub3_data__A10,CD010861,71,B,1.515702,0.104939,False,5,683,10.1002/14651858.CD010861.pub3,6,68.76247504990019,False,0,35.439121756487026,Moderate
CD013377_pub2_data__A3,CD013377,71,B,0.092571,0.738805,False,6,1185,10.1002/14651858.CD013377.pub2,9,79.84031936127745,False,0,33.97205588822356,Moderate
CD010861_pub3_data__A14,CD010861,71,B,-0.750379,0.368934,False,5,797,10.1002/14651858.CD010861.pub3,6,68.76247504990019,False,0,35.439121756487026,Moderate
CD010861_pub3_data__A11,CD010861,71,B,1.62785,0.054134,False,6,1212,10.1002/14651858.CD010861.pub3,6,68.76247504990019,False,0,35.439121756487026,Moderate
CD007156_pub3_data__A3,CD007156,71,B,-1.141415,0.051315,False,3,346,10.1002/14651858.CD007156.pub3,4,57.48502994011976,False,0,25.69860279441118,Moderate
CD013429_pub2_data__A7,CD013429,71,B,0.0,1.0,False,3,180,10.1002/14651858.CD013429.pub2,2,39.12175648702595,False,0,20.898203592814372,Moderate
CD010861_pub3_data__A15,CD010861,71,B,-0.287292,0.673069,False,5,938,10.1002/14651858.CD010861.pub3,6,68.76247504990019,False,0,35.439121756487026,Moderate
CD010861_pub3_data__A4,CD010861,71,B,-0.071647,0.820419,False,5,1579,10.1002/14651858.CD010861.pub3,6,68.76247504990019,False,0,35.439121756487026,Moderate
CD013377_pub2_data__A2,CD013377,71,B,0.203077,0.430972,False,8,1666,10.1002/14651858.CD013377.pub2,9,79.84031936127745,False,0,33.97205588822356,Moderate
CD007310_pub3_data__A3,CD007310,71,B,0.026396,0.950898,False,18,2655,10.1002/14651858.CD007310.pub3,0,9.68063872255489,False,0,11.497005988023954,Moderate
CD006742_pub3_data__A4,CD006742,71,B,0.116223,0.572473,False,3,7080,10.1002/14651858.CD006742.pub3,1,26.34730538922156,False,0,12.574850299401199,Moderate
CD006689_pub3_data__A21,CD006689,71,B,0.485408,0.021725,True,8,5172,10.1002/14651858.CD006689.pub3,2,39.12175648702595,False,0,24.640718562874255,Moderate
CD013474_pub2_data__A5,CD013474,71,B,-0.760076,0.014002,True,7,1684,10.1002/14651858.CD013474.pub2,1,26.34730538922156,False,0,17.884231536926148,Moderate
CD006742_pub3_data__A3,CD006742,71,B,-0.7472,0.132141,False,4,7292,10.1002/14651858.CD006742.pub3,1,26.34730538922156,False,0,12.574850299401199,Moderate
CD013561_pub2_data__A1,CD013561,71,B,-1.007571,0.680684,False,2,120,10.1002/14651858.CD013561.pub2,4,57.48502994011976,False,0,26.447105788423155,Moderate
CD007374_pub3_data__A13,CD007374,71,B,0.092671,0.887659,False,10,710,10.1002/14651858.CD007374.pub3,7,73.05389221556887,False,0,37.93413173652695,Moderate
CD007388_pub3_data__A6,CD007388,71,B,-0.02599,0.860627,False,8,2124,10.1002/14651858.CD007388.pub3,6,68.76247504990019,False,0,35.28942115768463,Moderate
CD007388_pub3_data__A9,CD007388,71,B,-0.153844,0.631492,False,5,865,10.1002/14651858.CD007388.pub3,6,68.76247504990019,False,0,35.28942115768463,Moderate
CD007388_pub3_data__A16,CD007388,71,B,-0.538832,0.304155,False,6,2042,10.1002/14651858.CD007388.pub3,6,68.76247504990019,False,0,35.28942115768463,Moderate
CD013303_pub2_data__A9,CD013303,71,B,-0.139441,0.860289,False,7,1600,10.1002/14651858.CD013303.pub2,20,96.50698602794411,False,0,47.70459081836328,Moderate
CD001920_pub4_data__A2,CD001920,70,B,-0.05989,0.620428,False,279,27657,10.1002/14651858.CD001920.pub4,13,88.32335329341318,False,0,41.287425149700596,Moderate
CD001431_pub6_data__A4,CD001431,70,B,0.311176,7.5e-05,True,136,32323,10.1002/14651858.CD001431.pub6,166,100.0,False,0,42.70459081836327,Moderate
CD001396_pub4_data__A5,CD001396,70,B,0.417546,0.045831,True,14,1230,10.1002/14651858.CD001396.pub4,5,63.57285429141717,False,0,33.72255489021957,Moderate
CD016031_data__A1,CD016031,70,B,-0.046901,0.981117,False,4,526,10.1002/14651858.CD016031,2,39.12175648702595,False,0,24.13173652694611,Moderate
CD001920_pub4_data__A1,CD001920,70,B,-0.042121,0.757753,False,219,19079,10.1002/14651858.CD001920.pub4,13,88.32335329341318,False,0,41.287425149700596,Moderate
CD001920_pub4_data__A5,CD001920,70,B,-0.218259,0.093125,False,141,13607,10.1002/14651858.CD001920.pub4,13,88.32335329341318,False,0,41.287425149700596,Moderate
CD015968_data__A6,CD015968,70,B,-0.144281,0.940615,False,3,164,10.1002/14651858.CD015968,2,39.12175648702595,False,0,23.942115768463076,Moderate
CD016147_data__A3,CD016147,70,B,0.226458,0.786775,False,4,632,10.1002/14651858.CD016147,2,39.12175648702595,False,0,22.105788423153694,Moderate
CD016211_data__A11,CD016211,70,B,0.291409,0.26351,False,3,41657,10.1002/14651858.CD016211,0,9.68063872255489,False,0,12.165668662674651,Moderate
CD000478_pub5_data__A1,CD000478,70,B,-0.852542,1e-06,True,32,1318,10.1002/14651858.CD000478.pub5,2,39.12175648702595,False,0,16.98602794411178,Moderate
CD016031_data__A2,CD016031,70,B,-0.804035,0.606211,False,3,464,10.1002/14651858.CD016031,2,39.12175648702595,False,0,24.13173652694611,Moderate
CD002042_pub6_data__A4,CD002042,70,B,-2.210521,0.0,True,48,22259,10.1002/14651858.CD002042.pub6,2,39.12175648702595,False,0,25.219560878243513,Moderate
CD014941_pub2_data__A14,CD014941,70,B,1.808968,0.007172,True,4,809,10.1002/14651858.CD014941.pub2,7,73.05389221556887,False,0,37.70459081836327,Moderate
CD004661_pub4_data__A9,CD004661,70,B,0.740261,0.008905,True,22,29591,10.1002/14651858.CD004661.pub4,16,93.21357285429141,False,0,46.467065868263475,Moderate
CD004661_pub4_data__A4,CD004661,70,B,0.395673,0.065681,False,27,31581,10.1002/14651858.CD004661.pub4,16,93.21357285429141,False,0,46.467065868263475,Moderate
CD014965_pub2_data__A14,CD014965,70,B,1.530006,0.001691,True,8,673,10.1002/14651858.CD014965.pub2,4,57.48502994011976,False,0,32.25548902195609,Moderate
CD015373_pub2_data__A16,CD015373,70,B,0.675146,0.304403,False,4,181,10.1002/14651858.CD015373.pub2,2,39.12175648702595,True,0,44.5309381237525,Moderate
CD015395_pub3_data__A3,CD015395,70,B,-1.475039,0.24793,False,3,2349,10.1002/14651858.CD015395.pub3,14,90.31936127744511,False,0,40.26946107784431,Moderate
CD015395_pub3_data__A2,CD015395,70,B,-1.320511,0.137381,False,3,2488,10.1002/14651858.CD015395.pub3,14,90.31936127744511,False,0,40.26946107784431,Moderate
CD015252_pub2_data__A5,CD015252,70,B,-0.531706,0.013531,True,9,1091,10.1002/14651858.CD015252.pub2,10,82.83433133732535,False,0,37.77445109780439,Moderate
CD015532_data__A6,CD015532,70,B,0.839918,0.031906,True,11,778,10.1002/14651858.CD015532,3,49.101796407185624,False,0,27.5748502994012,Moderate
CD015551_pub2_data__A5,CD015551,70,B,2.803163,0.111923,False,3,2966,10.1002/14651858.CD015551.pub2,2,39.12175648702595,False,0,18.353293413173652,Moderate
CD015551_pub2_data__A6,CD015551,70,B,0.285469,0.47177,False,3,2966,10.1002/14651858.CD015551.pub2,2,39.12175648702595,False,0,18.353293413173652,Moderate
CD015476_pub2_data__A7,CD015476,70,B,0.392188,3.3e-05,True,9,9484,10.1002/14651858.CD015476.pub2,0,9.68063872255489,False,0,11.21756487025948,Moderate
CD002052_pub4_data__A4,CD002052,70,B,-0.01134,0.991748,False,4,195,10.1002/14651858.CD002052.pub4,0,9.68063872255489,True,0,30.32934131736527,Moderate
CD002052_pub4_data__A5,CD002052,70,B,-0.01514,0.990828,False,3,135,10.1002/14651858.CD002052.pub4,0,9.68063872255489,True,0,30.32934131736527,Moderate
CD002052_pub4_data__A8,CD002052,70,B,-0.01514,0.990828,False,3,135,10.1002/14651858.CD002052.pub4,0,9.68063872255489,True,0,30.32934131736527,Moderate
CD006913_pub3_data__A13,CD006913,70,B,-0.173558,0.048373,True,54,6943,10.1002/14651858.CD006913.pub3,3,49.101796407185624,False,0,29.171656686626747,Moderate
CD014923_pub2_data__A2,CD014923,70,B,1.087839,0.01871,True,9,394,10.1002/14651858.CD014923.pub2,12,86.42714570858283,False,0,35.90818363273453,Moderate
CD013429_pub2_data__A8,CD013429,70,B,2.811231,0.088556,False,3,74,10.1002/14651858.CD013429.pub2,2,39.12175648702595,False,0,20.898203592814372,Moderate
CD013613_pub2_data__A12,CD013613,70,B,0.089042,0.946592,False,3,132,10.1002/14651858.CD013613.pub2,3,49.101796407185624,False,0,26.986027944111775,Moderate
CD013613_pub2_data__A11,CD013613,70,B,0.073147,0.956073,False,3,116,10.1002/14651858.CD013613.pub2,3,49.101796407185624,False,0,26.986027944111775,Moderate
CD013764_pub2_data__A5,CD013764,70,B,0.971767,0.313656,False,6,6082,10.1002/14651858.CD013764.pub2,1,26.34730538922156,False,0,13.992015968063875,Moderate
CD013613_pub2_data__A9,CD013613,70,B,0.112345,0.919007,False,4,159,10.1002/14651858.CD013613.pub2,3,49.101796407185624,False,0,26.986027944111775,Moderate
CD014617_pub3_data__A4,CD014617,70,B,-0.287682,0.425366,False,1,437,10.1002/14651858.CD014617.pub3,0,9.68063872255489,False,0,5.209580838323354,Moderate
CD014769_pub2_data__A7,CD014769,70,B,-0.442123,0.008402,True,9,44892,10.1002/14651858.CD014769.pub2,4,57.48502994011976,True,0,52.40518962075848,Moderate
CD014594_pub2_data__A1,CD014594,70,B,-0.042691,0.756166,False,64,37060,10.1002/14651858.CD014594.pub2,0,9.68063872255489,False,0,5.908183632734531,Moderate
CD014594_pub2_data__A2,CD014594,70,B,-0.16648,0.406639,False,31,12300,10.1002/14651858.CD014594.pub2,0,9.68063872255489,False,0,5.908183632734531,Moderate
CD013821_pub2_data__A4,CD013821,70,B,-0.746028,0.403935,False,6,3335,10.1002/14651858.CD013821.pub2,8,76.14770459081836,False,0,36.417165668662676,Moderate
CD014428_pub2_data__A3,CD014428,70,B,-0.027706,0.979787,False,4,273,10.1002/14651858.CD014428.pub2,1,26.34730538922156,False,0,13.992015968063875,Moderate
CD013821_pub2_data__A2,CD013821,70,B,-0.746028,0.403935,False,6,3335,10.1002/14651858.CD013821.pub2,8,76.14770459081836,False,0,36.417165668662676,Moderate
CD013821_pub2_data__A3,CD013821,70,B,-0.746028,0.403935,False,6,3335,10.1002/14651858.CD013821.pub2,8,76.14770459081836,False,0,36.417165668662676,Moderate
CD013821_pub2_data__A1,CD013821,70,B,-0.746028,0.403935,False,6,3335,10.1002/14651858.CD013821.pub2,8,76.14770459081836,False,0,36.417165668662676,Moderate
CD010441_pub3_data__A6,CD010441,70,B,-1.042695,0.076297,False,3,442,10.1002/14651858.CD010441.pub3,0,9.68063872255489,False,0,7.325349301397207,Moderate
CD011885_pub2_data__A44,CD011885,70,B,-0.07418,0.940493,False,3,602,10.1002/14651858.CD011885.pub2,0,9.68063872255489,False,0,13.79241516966068,Moderate
CD012426_pub2_data__A2,CD012426,70,B,-0.046578,0.802727,False,4,1420,10.1002/14651858.CD012426.pub2,0,9.68063872255489,False,0,5.908183632734531,Moderate
CD012429_pub2_data__A3,CD012429,70,B,-0.530668,0.126892,False,8,608,10.1002/14651858.CD012429.pub2,0,9.68063872255489,False,0,13.053892215568862,Moderate
CD012429_pub2_data__A4,CD012429,70,B,0.265229,0.43688,False,6,562,10.1002/14651858.CD012429.pub2,0,9.68063872255489,False,0,13.053892215568862,Moderate
CD012635_pub2_data__A10,CD012635,70,B,1.886191,0.218097,False,1,69,10.1002/14651858.CD012635.pub2,3,49.101796407185624,False,0,24.890219560878243,Moderate
CD012635_pub2_data__A4,CD012635,70,B,-0.128387,0.615202,False,6,982,10.1002/14651858.CD012635.pub2,3,49.101796407185624,False,0,24.890219560878243,Moderate
CD013278_pub3_data__A2,CD013278,70,B,-0.397295,0.135036,False,14,2138,10.1002/14651858.CD013278.pub3,4,57.48502994011976,True,0,52.40518962075848,Moderate
CD013278_pub3_data__A15,CD013278,70,B,0.126645,0.490603,False,11,1811,10.1002/14651858.CD013278.pub3,4,57.48502994011976,True,0,52.40518962075848,Moderate
CD013344_pub2_data__A5,CD013344,70,B,-0.703932,0.023117,True,9,1033,10.1002/14651858.CD013344.pub2,8,76.14770459081836,False,0,37.80439121756487,Moderate
CD013278_pub3_data__A7,CD013278,70,B,0.011681,0.985796,False,10,1527,10.1002/14651858.CD013278.pub3,4,57.48502994011976,True,0,52.40518962075848,Moderate
CD011689_pub4_data__A17,CD011689,70,B,0.77203,0.0,True,219,175854,10.1002/14651858.CD011689.pub4,1,26.34730538922156,False,0,18.662674650698605,Moderate
CD011689_pub4_data__A6,CD011689,70,B,-0.075361,0.060076,False,319,361105,10.1002/14651858.CD011689.pub4,1,26.34730538922156,False,0,18.662674650698605,Moderate
CD011885_pub2_data__A26,CD011885,70,B,0.607802,0.572416,False,3,602,10.1002/14651858.CD011885.pub2,0,9.68063872255489,False,0,13.79241516966068,Moderate
CD008628_pub3_data__A2,CD008628,70,B,-0.018831,0.984324,False,5,398,10.1002/14651858.CD008628.pub3,14,90.31936127744511,False,0,42.08582834331338,Moderate
CD008628_pub3_data__A11,CD008628,70,B,-0.046748,0.97925,False,2,72,10.1002/14651858.CD008628.pub3,14,90.31936127744511,False,0,42.08582834331338,Moderate
CD008628_pub3_data__A6,CD008628,70,B,0.042709,0.980883,False,2,192,10.1002/14651858.CD008628.pub3,14,90.31936127744511,False,0,42.08582834331338,Moderate
CD011670_pub3_data__A2,CD011670,70,B,-0.009306,0.981853,False,8,828,10.1002/14651858.CD011670.pub3,4,57.48502994011976,False,0,27.135728542914173,Moderate
CD011670_pub3_data__A3,CD011670,70,B,-1.319152,0.081006,False,5,666,10.1002/14651858.CD011670.pub3,4,57.48502994011976,False,0,27.135728542914173,Moderate
CD011670_pub3_data__A7,CD011670,70,B,0.0,1.0,False,5,680,10.1002/14651858.CD011670.pub3,4,57.48502994011976,False,0,27.135728542914173,Moderate
CD011044_pub3_data__A6,CD011044,70,B,0.445311,0.00506,True,39,8631,10.1002/14651858.CD011044.pub3,12,86.42714570858283,False,0,39.82035928143712,Moderate
CD008628_pub3_data__A5,CD008628,70,B,-0.05196,0.979407,False,1,76,10.1002/14651858.CD008628.pub3,14,90.31936127744511,False,0,42.08582834331338,Moderate
CD008709_pub4_data__A11,CD008709,70,B,-0.971403,0.061379,False,8,1580,10.1002/14651858.CD008709.pub4,12,86.42714570858283,False,0,42.86427145708583,Moderate
CD009022_pub4_data__A7,CD009022,70,B,1.083494,0.025613,True,9,1143,10.1002/14651858.CD009022.pub4,0,9.68063872255489,False,0,10.658682634730539,Moderate
CD011575_pub3_data__A18,CD011575,70,B,0.279213,0.326383,False,3,12314,10.1002/14651858.CD011575.pub3,4,57.48502994011976,False,0,31.477045908183634,Moderate
CD011535_pub7_data__A3,CD011535,70,B,-0.918465,0.040166,True,9,9488,10.1002/14651858.CD011535.pub7,1,26.34730538922156,False,0,18.16367265469062,Moderate
CD009531_pub3_data__A3,CD009531,70,B,-0.407105,0.042881,True,8,1271,10.1002/14651858.CD009531.pub3,9,79.84031936127745,False,0,38.72255489021957,Moderate
CD011575_pub3_data__A11,CD011575,70,B,-0.025543,0.922018,False,3,16008,10.1002/14651858.CD011575.pub3,4,57.48502994011976,False,0,31.477045908183634,Moderate
CD011575_pub3_data__A1,CD011575,70,B,0.144503,0.527415,False,4,16732,10.1002/14651858.CD011575.pub3,4,57.48502994011976,False,0,31.477045908183634,Moderate
CD016278_data__A20,CD016278,70,B,0.085049,0.614985,False,3,15438,10.1002/14651858.CD016278,3,49.101796407185624,False,0,27.5748502994012,Moderate
CD016278_data__A1,CD016278,70,B,-0.073958,0.574965,False,4,13042,10.1002/14651858.CD016278,3,49.101796407185624,False,0,27.5748502994012,Moderate
CD000143_pub2_data__A4,CD000143,70,B,-0.175504,0.684465,False,5,433,10.1002/14651858.CD000143.pub2,3,49.101796407185624,True,0,43.78243512974052,Moderate
CD000143_pub2_data__A2,CD000143,70,B,-0.254599,0.161111,False,23,1851,10.1002/14651858.CD000143.pub2,3,49.101796407185624,True,0,43.78243512974052,Moderate
CD009945_pub3_data__A2,CD009945,69,C,-0.039056,0.962052,False,3,172,10.1002/14651858.CD009945.pub3,2,39.12175648702595,False,0,16.35728542914172,Moderate
CD013874_pub3_data__A15,CD013874,69,C,0.0,1.0,False,5,0,10.1002/14651858.CD013874.pub3,0,9.68063872255489,False,0,11.497005988023954,Moderate
CD004992_pub4_data__A6,CD004992,69,C,0.0,1.0,False,2,120,10.1002/14651858.CD004992.pub4,8,76.14770459081836,False,0,35.0998003992016,Moderate
CD004992_pub4_data__A9,CD004992,69,C,0.0,1.0,False,1,74,10.1002/14651858.CD004992.pub4,8,76.14770459081836,False,0,35.0998003992016,Moderate
CD013055_pub3_data__A1,CD013055,69,C,1.12279,0.001245,True,6,831,10.1002/14651858.CD013055.pub3,0,9.68063872255489,False,0,4.171656686626747,Moderate
CD015519_pub2_data__A3,CD015519,69,C,0.015913,0.982799,False,8,715,10.1002/14651858.CD015519.pub2,2,39.12175648702595,False,0,20.289421157684632,Moderate
CD015855_data__A6,CD015855,69,C,-0.381883,0.118117,False,10,621,10.1002/14651858.CD015855,0,9.68063872255489,False,0,8.013972055888225,Moderate
CD009244_pub3_data__A2,CD009244,69,C,-0.347069,0.436045,False,8,547,10.1002/14651858.CD009244.pub3,1,26.34730538922156,False,0,11.876247504990022,Moderate
CD011305_pub3_data__A10,CD011305,69,C,0.002725,0.996069,False,5,511,10.1002/14651858.CD011305.pub3,6,68.76247504990019,False,0,36.21756487025948,Moderate
CD015854_data__A3,CD015854,69,C,0.698678,0.078528,False,16,241,10.1002/14651858.CD015854,0,9.68063872255489,False,0,9.121756487025948,Moderate
CD015087_pub2_data__A8,CD015087,69,C,0.474924,0.567193,False,5,533,10.1002/14651858.CD015087.pub2,4,57.48502994011976,False,0,30.618762475049902,Moderate
CD012635_pub2_data__A7,CD012635,69,C,0.367971,0.693325,False,2,203,10.1002/14651858.CD012635.pub2,3,49.101796407185624,False,0,24.890219560878243,Moderate
CD015524_pub2_data__A25,CD015524,69,C,-1.31573,0.146549,False,5,378,10.1002/14651858.CD015524.pub2,1,26.34730538922156,True,0,40.199600798403196,Moderate
CD015524_pub2_data__A21,CD015524,69,C,-0.233348,0.658585,False,5,358,10.1002/14651858.CD015524.pub2,1,26.34730538922156,True,0,40.199600798403196,Moderate
CD015524_pub2_data__A22,CD015524,69,C,-0.309745,0.460049,False,8,486,10.1002/14651858.CD015524.pub2,1,26.34730538922156,True,0,40.199600798403196,Moderate
CD014617_pub3_data__A3,CD014617,69,C,0.125512,0.783626,False,3,701,10.1002/14651858.CD014617.pub3,0,9.68063872255489,False,0,5.209580838323354,Moderate
CD012712_pub2_data__A3,CD012712,69,C,-0.245619,0.041032,True,40,7064,10.1002/14651858.CD012712.pub2,10,82.83433133732535,True,0,61.427145708582835,Moderate
CD014965_pub2_data__A24,CD014965,69,C,-0.016582,0.982063,False,8,675,10.1002/14651858.CD014965.pub2,4,57.48502994011976,False,0,32.25548902195609,Moderate
CD014965_pub2_data__A25,CD014965,69,C,-0.007999,0.991347,False,8,679,10.1002/14651858.CD014965.pub2,4,57.48502994011976,False,0,32.25548902195609,Moderate
CD014965_pub2_data__A26,CD014965,69,C,-0.011412,0.987655,False,8,677,10.1002/14651858.CD014965.pub2,4,57.48502994011976,False,0,32.25548902195609,Moderate
CD013468_pub2_data__A2,CD013468,69,C,-0.941748,0.100215,False,15,622,10.1002/14651858.CD013468.pub2,6,68.76247504990019,False,0,28.213572854291414,Moderate
CD006982_pub5_data__A2,CD006982,69,C,0.046298,0.971944,False,3,169,10.1002/14651858.CD006982.pub5,2,39.12175648702595,True,0,38.35329341317365,Moderate
CD012635_pub2_data__A8,CD012635,69,C,-0.092398,0.730677,False,3,2325,10.1002/14651858.CD012635.pub2,3,49.101796407185624,False,0,24.890219560878243,Moderate
CD012635_pub2_data__A9,CD012635,69,C,0.090322,0.537151,False,4,2736,10.1002/14651858.CD012635.pub2,3,49.101796407185624,False,0,24.890219560878243,Moderate
CD015229_pub2_data__A1,CD015229,69,C,-2.018435,0.564701,False,5,190,10.1002/14651858.CD015229.pub2,1,26.34730538922156,False,0,13.992015968063875,Moderate
CD015229_pub2_data__A5,CD015229,69,C,-33.193333,0.113048,False,5,170,10.1002/14651858.CD015229.pub2,1,26.34730538922156,False,0,13.992015968063875,Moderate
CD010441_pub3_data__A1,CD010441,69,C,-0.877844,0.025198,True,6,799,10.1002/14651858.CD010441.pub3,0,9.68063872255489,False,0,7.325349301397207,Moderate
CD006023_pub4_data__A3,CD006023,69,C,-0.692572,1.3e-05,True,81,15757,10.1002/14651858.CD006023.pub4,1,26.34730538922156,False,0,19.9500998003992,Moderate
CD012572_pub3_data__A12,CD012572,69,C,-0.02241,0.991072,False,1,356,10.1002/14651858.CD012572.pub3,5,63.57285429141717,False,0,32.215568862275454,Moderate
CD012572_pub3_data__A3,CD012572,69,C,0.440372,0.752716,False,2,447,10.1002/14651858.CD012572.pub3,5,63.57285429141717,False,0,32.215568862275454,Moderate
CD012572_pub3_data__A4,CD012572,69,C,-0.181901,0.699486,False,1,385,10.1002/14651858.CD012572.pub3,5,63.57285429141717,False,0,32.215568862275454,Moderate
CD012572_pub3_data__A2,CD012572,69,C,0.747214,0.548915,False,1,77,10.1002/14651858.CD012572.pub3,5,63.57285429141717,False,0,32.215568862275454,Moderate
CD012586_pub2_data__A9,CD012586,69,C,-0.108522,0.87505,False,9,3643,10.1002/14651858.CD012586.pub2,4,57.48502994011976,False,0,28.243512974051896,Moderate
CD015101_data__A2,CD015101,69,C,-0.217278,0.769814,False,8,528,10.1002/14651858.CD015101,1,26.34730538922156,False,0,11.876247504990022,Moderate
CD015968_data__A1,CD015968,69,C,-0.068957,0.390742,False,4,243,10.1002/14651858.CD015968,2,39.12175648702595,False,0,23.942115768463076,Moderate
CD012642_pub2_data__A9,CD012642,69,C,-0.183375,0.889685,False,3,140,10.1002/14651858.CD012642.pub2,9,79.84031936127745,False,0,37.89421157684632,Moderate
CD006023_pub4_data__A1,CD006023,69,C,-0.491044,0.0,True,118,25154,10.1002/14651858.CD006023.pub4,1,26.34730538922156,False,0,19.9500998003992,Moderate
CD015698_pub2_data__A5,CD015698,69,C,0.278962,0.639193,False,6,492,10.1002/14651858.CD015698.pub2,1,26.34730538922156,False,0,13.243512974051898,Moderate
CD013707_pub2_data__A2,CD013707,69,C,0.054421,0.879691,False,7,545,10.1002/14651858.CD013707.pub2,1,26.34730538922156,False,0,16.497005988023954,Moderate
CD015215_pub2_data__A2,CD015215,69,C,0.977352,0.016911,True,11,770,10.1002/14651858.CD015215.pub2,11,84.83033932135729,False,0,43.802395209580844,Moderate
CD013303_pub2_data__A2,CD013303,69,C,-0.029756,0.900735,False,9,1244,10.1002/14651858.CD013303.pub2,20,96.50698602794411,False,0,47.70459081836328,Moderate
CD013303_pub2_data__A11,CD013303,69,C,0.132576,0.385027,False,8,1904,10.1002/14651858.CD013303.pub2,20,96.50698602794411,False,0,47.70459081836328,Moderate
CD013303_pub2_data__A15,CD013303,69,C,0.207488,0.47972,False,5,1282,10.1002/14651858.CD013303.pub2,20,96.50698602794411,False,0,47.70459081836328,Moderate
CD015215_pub2_data__A3,CD015215,69,C,0.994142,0.048401,True,12,1187,10.1002/14651858.CD015215.pub2,11,84.83033932135729,False,0,43.802395209580844,Moderate
CD010441_pub3_data__A5,CD010441,69,C,-0.051982,0.841862,False,3,442,10.1002/14651858.CD010441.pub3,0,9.68063872255489,False,0,7.325349301397207,Moderate
CD015123_pub2_data__A3,CD015123,69,C,-0.167772,0.131862,False,5,3251,10.1002/14651858.CD015123.pub2,0,9.68063872255489,False,0,9.121756487025948,Moderate
CD015530_pub2_data__A1,CD015530,69,C,-0.550224,0.129047,False,5,3702,10.1002/14651858.CD015530.pub2,3,49.101796407185624,False,0,24.890219560878243,Moderate
CD016001_data__A10,CD016001,69,C,1.776564,0.003657,True,5,110,10.1002/14651858.CD016001,0,9.68063872255489,False,0,12.584830339321359,Moderate
CD015968_data__A5,CD015968,69,C,-1.529427,0.204953,False,4,273,10.1002/14651858.CD015968,2,39.12175648702595,False,0,23.942115768463076,Moderate
CD015387_pub2_data__A8,CD015387,69,C,-0.577484,0.015117,True,7,1521,10.1002/14651858.CD015387.pub2,3,49.101796407185624,False,0,24.281437125748504,Moderate
CD015387_pub2_data__A7,CD015387,69,C,-0.577484,0.015117,True,7,1521,10.1002/14651858.CD015387.pub2,3,49.101796407185624,False,0,24.281437125748504,Moderate
CD014872_pub2_data__A12,CD014872,69,C,1.068126,0.0,True,18,5085,10.1002/14651858.CD014872.pub2,4,57.48502994011976,False,0,30.339321357285428,Moderate
CD013456_pub2_data__A1,CD013456,69,C,-0.219679,0.538725,False,33,1857,10.1002/14651858.CD013456.pub2,16,93.21357285429141,False,0,44.3313373253493,Moderate
CD008564_pub3_data__A3,CD008564,69,C,-0.002451,0.947643,False,46,36777,10.1002/14651858.CD008564.pub3,3,49.101796407185624,False,0,25.59880239520958,Moderate
CD001396_pub4_data__A7,CD001396,69,C,1.682567,0.007779,True,8,1352,10.1002/14651858.CD001396.pub4,5,63.57285429141717,False,0,33.72255489021957,Moderate
CD001431_pub6_data__A2,CD001431,69,C,0.219602,3e-06,True,377,123292,10.1002/14651858.CD001431.pub6,166,100.0,False,0,42.70459081836327,Moderate
CD008564_pub3_data__A4,CD008564,69,C,-0.098758,0.105993,False,56,41817,10.1002/14651858.CD008564.pub3,3,49.101796407185624,False,0,25.59880239520958,Moderate
CD008709_pub4_data__A6,CD008709,69,C,-0.352862,0.231339,False,6,662,10.1002/14651858.CD008709.pub4,12,86.42714570858283,False,0,42.86427145708583,Moderate
CD011841_pub3_data__A1,CD011841,69,C,-0.50004,0.081988,False,37,2099,10.1002/14651858.CD011841.pub3,2,39.12175648702595,False,0,19.10179640718563,Moderate
CD011841_pub3_data__A2,CD011841,69,C,0.038776,0.87797,False,32,1823,10.1002/14651858.CD011841.pub3,2,39.12175648702595,False,0,19.10179640718563,Moderate
CD011841_pub3_data__A4,CD011841,69,C,-0.764796,0.291683,False,15,1133,10.1002/14651858.CD011841.pub3,2,39.12175648702595,False,0,19.10179640718563,Moderate
CD011851_pub3_data__A12,CD011851,69,C,0.003071,0.99862,False,2,1335,10.1002/14651858.CD011851.pub3,16,93.21357285429141,False,0,44.6307385229541,Moderate
CD015145_pub2_data__A1,CD015145,69,C,-10.32603,0.002742,True,14,1006,10.1002/14651858.CD015145.pub2,1,26.34730538922156,False,0,18.47305389221557,Moderate
CD011851_pub3_data__A15,CD011851,69,C,-0.018966,0.992437,False,1,1159,10.1002/14651858.CD011851.pub3,16,93.21357285429141,False,0,44.6307385229541,Moderate
CD008709_pub4_data__A2,CD008709,69,C,-0.355299,0.209349,False,6,977,10.1002/14651858.CD008709.pub4,12,86.42714570858283,False,0,42.86427145708583,Moderate
CD015532_data__A13,CD015532,69,C,0.35175,0.512829,False,2,832,10.1002/14651858.CD015532,3,49.101796407185624,False,0,27.5748502994012,Moderate
CD015532_data__A18,CD015532,69,C,0.853112,0.671941,False,1,81,10.1002/14651858.CD015532,3,49.101796407185624,False,0,27.5748502994012,Moderate
CD014932_pub2_data__A1,CD014932,69,C,-0.10117,0.871438,False,11,1649,10.1002/14651858.CD014932.pub2,13,88.32335329341318,False,0,38.78243512974052,Moderate
CD015532_data__A17,CD015532,69,C,0.599681,0.542696,False,5,449,10.1002/14651858.CD015532,3,49.101796407185624,False,0,27.5748502994012,Moderate
CD015532_data__A3,CD015532,69,C,0.23695,0.281076,False,11,2165,10.1002/14651858.CD015532,3,49.101796407185624,False,0,27.5748502994012,Moderate
CD015532_data__A8,CD015532,69,C,1.15086,0.203812,False,6,316,10.1002/14651858.CD015532,3,49.101796407185624,False,0,27.5748502994012,Moderate
CD013613_pub2_data__A14,CD013613,69,C,0.25017,0.599282,False,4,238,10.1002/14651858.CD013613.pub2,3,49.101796407185624,False,0,26.986027944111775,Moderate
CD015532_data__A16,CD015532,69,C,0.175019,0.579284,False,2,732,10.1002/14651858.CD015532,3,49.101796407185624,False,0,27.5748502994012,Moderate
CD014932_pub2_data__A2,CD014932,69,C,-0.03216,0.95508,False,13,1948,10.1002/14651858.CD014932.pub2,13,88.32335329341318,False,0,38.78243512974052,Moderate
CD015145_pub2_data__A15,CD015145,69,C,-10.32603,0.002742,True,14,1006,10.1002/14651858.CD015145.pub2,1,26.34730538922156,False,0,18.47305389221557,Moderate
CD015145_pub2_data__A14,CD015145,69,C,-10.32603,0.002742,True,14,1006,10.1002/14651858.CD015145.pub2,1,26.34730538922156,False,0,18.47305389221557,Moderate
CD015532_data__A9,CD015532,69,C,-0.394086,0.038825,True,5,1153,10.1002/14651858.CD015532,3,49.101796407185624,False,0,27.5748502994012,Moderate
CD016131_data__A7,CD016131,69,C,0.976074,0.118306,False,3,36970,10.1002/14651858.CD016131,0,9.68063872255489,False,0,7.325349301397207,Moderate
CD015145_pub2_data__A13,CD015145,69,C,-10.32603,0.002742,True,14,1006,10.1002/14651858.CD015145.pub2,1,26.34730538922156,False,0,18.47305389221557,Moderate
CD009752_pub3_data__A3,CD009752,69,C,-0.277107,0.298209,False,6,778,10.1002/14651858.CD009752.pub3,1,26.34730538922156,True,0,39.42115768463074,Moderate
CD013748_pub2_data__A5,CD013748,69,C,-0.681967,0.023154,True,10,695,10.1002/14651858.CD013748.pub2,0,9.68063872255489,False,0,7.325349301397207,Moderate
CD016002_data__A2,CD016002,69,C,0.444048,0.041514,True,21,1403,10.1002/14651858.CD016002,1,26.34730538922156,False,0,19.640718562874255,Moderate
CD013456_pub2_data__A7,CD013456,69,C,0.481273,0.005368,True,25,1295,10.1002/14651858.CD013456.pub2,16,93.21357285429141,False,0,44.3313373253493,Moderate
CD016001_data__A9,CD016001,69,C,29.481151,0.002152,True,5,163,10.1002/14651858.CD016001,0,9.68063872255489,False,0,12.584830339321359,Moderate
CD016002_data__A3,CD016002,69,C,-0.014484,0.976389,False,12,969,10.1002/14651858.CD016002,1,26.34730538922156,False,0,19.640718562874255,Moderate
CD013764_pub2_data__A7,CD013764,69,C,1.50927,0.306626,False,2,832,10.1002/14651858.CD013764.pub2,1,26.34730538922156,False,0,13.992015968063875,Moderate
CD007388_pub3_data__A14,CD007388,69,C,0.038831,0.720114,False,6,2141,10.1002/14651858.CD007388.pub3,6,68.76247504990019,False,0,35.28942115768463,Moderate
CD013781_pub2_data__A2,CD013781,69,C,-0.963697,0.0,True,28,5859,10.1002/14651858.CD013781.pub2,1,26.34730538922156,False,0,19.80039920159681,Moderate
CD002203_pub5_data__A10,CD002203,69,C,-0.887438,0.017975,True,6,552,10.1002/14651858.CD002203.pub5,0,9.68063872255489,True,0,33.532934131736525,Moderate
CD013764_pub2_data__A3,CD013764,69,C,0.000504,0.999596,False,3,1784,10.1002/14651858.CD013764.pub2,1,26.34730538922156,False,0,13.992015968063875,Moderate
CD013764_pub2_data__A4,CD013764,69,C,0.591546,0.504904,False,3,1779,10.1002/14651858.CD013764.pub2,1,26.34730538922156,False,0,13.992015968063875,Moderate
CD013764_pub2_data__A6,CD013764,69,C,-0.531496,0.15728,False,2,1665,10.1002/14651858.CD013764.pub2,1,26.34730538922156,False,0,13.992015968063875,Moderate
CD010145_pub2_data__A3,CD010145,69,C,-0.306255,0.098792,False,8,837,10.1002/14651858.CD010145.pub2,2,39.12175648702595,False,0,24.361277445109785,Moderate
CD013789_pub2_data__A1,CD013789,69,C,-0.604982,0.250451,False,16,838,10.1002/14651858.CD013789.pub2,16,93.21357285429141,False,0,45.998003992015974,Moderate
CD008237_pub4_data__A2,CD008237,68,C,1.03069,0.000553,True,8,849,10.1002/14651858.CD008237.pub4,0,9.68063872255489,False,0,7.325349301397207,Moderate
CD014687_pub2_data__A2,CD014687,68,C,1.015796,0.014852,True,12,808,10.1002/14651858.CD014687.pub2,3,49.101796407185624,False,0,20.34930139720559,Moderate
CD012642_pub2_data__A7,CD012642,68,C,0.636499,0.235227,False,4,130,10.1002/14651858.CD012642.pub2,9,79.84031936127745,False,0,37.89421157684632,Moderate
CD015786_pub2_data__A1,CD015786,68,C,-0.995002,0.119765,False,7,3942,10.1002/14651858.CD015786.pub2,1,26.34730538922156,False,0,13.243512974051898,Moderate
CD013278_pub3_data__A23,CD013278,68,C,0.005867,0.994091,False,7,1367,10.1002/14651858.CD013278.pub3,4,57.48502994011976,True,0,52.40518962075848,Moderate
CD014965_pub2_data__A2,CD014965,68,C,0.871271,0.014083,True,12,690,10.1002/14651858.CD014965.pub2,4,57.48502994011976,False,0,32.25548902195609,Moderate
CD014965_pub2_data__A10,CD014965,68,C,0.049554,0.969981,False,3,156,10.1002/14651858.CD014965.pub2,4,57.48502994011976,False,0,32.25548902195609,Moderate
CD005133_pub4_data__A10,CD005133,68,C,0.763395,0.524795,False,4,258,10.1002/14651858.CD005133.pub4,0,9.68063872255489,False,0,9.121756487025948,Moderate
CD013614_pub2_data__A1,CD013614,68,C,1.472071,0.0,True,33,9502,10.1002/14651858.CD013614.pub2,2,39.12175648702595,False,0,25.449101796407188,Moderate
CD015060_pub2_data__A1,CD015060,68,C,-0.238954,0.532706,False,13,660,10.1002/14651858.CD015060.pub2,3,49.101796407185624,False,0,20.97804391217565,Moderate
CD015519_pub2_data__A2,CD015519,68,C,0.023964,0.970811,False,10,874,10.1002/14651858.CD015519.pub2,2,39.12175648702595,False,0,20.289421157684632,Moderate
CD004184_pub3_data__A9,CD004184,68,C,-0.015446,0.981092,False,10,2810,10.1002/14651858.CD004184.pub3,6,68.76247504990019,False,0,32.75449101796407,Moderate
CD001920_pub4_data__A9,CD001920,68,C,0.028985,0.961571,False,12,416,10.1002/14651858.CD001920.pub4,13,88.32335329341318,False,0,41.287425149700596,Moderate
CD002042_pub6_data__A1,CD002042,68,C,-2.358465,0.0,True,57,28357,10.1002/14651858.CD002042.pub6,2,39.12175648702595,False,0,25.219560878243513,Moderate
CD001920_pub4_data__A3,CD001920,68,C,-0.04745,0.73578,False,207,15536,10.1002/14651858.CD001920.pub4,13,88.32335329341318,False,0,41.287425149700596,Moderate
CD009945_pub3_data__A1,CD009945,68,C,1.08015,0.135312,False,3,172,10.1002/14651858.CD009945.pub3,2,39.12175648702595,False,0,16.35728542914172,Moderate
CD002042_pub6_data__A2,CD002042,68,C,-2.422888,0.0,True,59,28549,10.1002/14651858.CD002042.pub6,2,39.12175648702595,False,0,25.219560878243513,Moderate
CD009531_pub3_data__A4,CD009531,68,C,-0.432933,0.031065,True,8,1271,10.1002/14651858.CD009531.pub3,9,79.84031936127745,False,0,38.72255489021957,Moderate
CD004992_pub4_data__A5,CD004992,68,C,0.0,1.0,False,3,208,10.1002/14651858.CD004992.pub4,8,76.14770459081836,False,0,35.0998003992016,Moderate
CD015145_pub2_data__A4,CD015145,68,C,-0.591153,0.485476,False,2,461,10.1002/14651858.CD015145.pub2,1,26.34730538922156,False,0,18.47305389221557,Moderate
CD010861_pub3_data__A6,CD010861,68,C,-0.041763,0.865533,False,9,1308,10.1002/14651858.CD010861.pub3,6,68.76247504990019,False,0,35.439121756487026,Moderate
CD015145_pub2_data__A5,CD015145,68,C,-1.638011,0.29604,False,1,194,10.1002/14651858.CD015145.pub2,1,26.34730538922156,False,0,18.47305389221557,Moderate
CD015145_pub2_data__A6,CD015145,68,C,-3.832052,0.243187,False,8,660,10.1002/14651858.CD015145.pub2,1,26.34730538922156,False,0,18.47305389221557,Moderate
CD015134_pub2_data__A4,CD015134,68,C,-0.147257,0.903188,False,3,7977,10.1002/14651858.CD015134.pub2,10,82.83433133732535,False,0,36.58682634730539,Moderate
CD014944_pub2_data__A2,CD014944,68,C,0.485844,0.456784,False,4,554,10.1002/14651858.CD014944.pub2,1,26.34730538922156,False,0,12.574850299401199,Moderate
CD011851_pub3_data__A14,CD011851,68,C,-0.007392,0.994573,False,4,2946,10.1002/14651858.CD011851.pub3,16,93.21357285429141,False,0,44.6307385229541,Moderate
CD011851_pub3_data__A13,CD011851,68,C,-0.007392,0.994573,False,4,2946,10.1002/14651858.CD011851.pub3,16,93.21357285429141,False,0,44.6307385229541,Moderate
CD011851_pub3_data__A8,CD011851,68,C,-0.022741,0.986099,False,3,2062,10.1002/14651858.CD011851.pub3,16,93.21357285429141,False,0,44.6307385229541,Moderate
CD011851_pub3_data__A2,CD011851,68,C,-0.18867,0.55527,False,4,1654,10.1002/14651858.CD011851.pub3,16,93.21357285429141,False,0,44.6307385229541,Moderate
CD011851_pub3_data__A5,CD011851,68,C,-0.032504,0.980134,False,3,1872,10.1002/14651858.CD011851.pub3,16,93.21357285429141,False,0,44.6307385229541,Moderate
CD008709_pub4_data__A3,CD008709,68,C,-0.393602,0.138715,False,11,1883,10.1002/14651858.CD008709.pub4,12,86.42714570858283,False,0,42.86427145708583,Moderate
CD011851_pub3_data__A1,CD011851,68,C,-0.18867,0.55527,False,4,1654,10.1002/14651858.CD011851.pub3,16,93.21357285429141,False,0,44.6307385229541,Moderate
CD008709_pub4_data__A7,CD008709,68,C,-0.212942,0.432468,False,10,1872,10.1002/14651858.CD008709.pub4,12,86.42714570858283,False,0,42.86427145708583,Moderate
CD011689_pub4_data__A13,CD011689,68,C,0.224023,0.012148,True,144,113954,10.1002/14651858.CD011689.pub4,1,26.34730538922156,False,0,18.662674650698605,Moderate
CD011689_pub4_data__A7,CD011689,68,C,-0.236916,1e-06,True,381,363188,10.1002/14651858.CD011689.pub4,1,26.34730538922156,False,0,18.662674650698605,Moderate
CD010216_pub9_data__A1,CD010216,68,C,0.451689,3e-06,True,45,18782,10.1002/14651858.CD010216.pub9,22,96.8063872255489,True,0,66.84630738522955,Moderate
CD015145_pub2_data__A2,CD015145,68,C,-0.806476,0.125296,False,1,268,10.1002/14651858.CD015145.pub2,1,26.34730538922156,False,0,18.47305389221557,Moderate
CD014855_pub2_data__A3,CD014855,68,C,0.455015,0.618054,False,5,282,10.1002/14651858.CD014855.pub2,0,9.68063872255489,False,0,6.57684630738523,Moderate
CD003962_pub3_data__A2,CD003962,68,C,-0.087761,0.748938,False,20,1013,10.1002/14651858.CD003962.pub3,13,88.32335329341318,False,0,44.041916167664674,Moderate
CD008237_pub4_data__A3,CD008237,68,C,1.030468,0.001492,True,7,831,10.1002/14651858.CD008237.pub4,0,9.68063872255489,False,0,7.325349301397207,Moderate
CD015122_pub2_data__A6,CD015122,68,C,-0.746589,0.006703,True,6,1133,10.1002/14651858.CD015122.pub2,4,57.48502994011976,False,0,32.17564870259481,Moderate
CD015698_pub2_data__A3,CD015698,68,C,0.257045,0.720936,False,1,68,10.1002/14651858.CD015698.pub2,1,26.34730538922156,False,0,13.243512974051898,Moderate
CD014820_pub2_data__A2,CD014820,68,C,-0.105772,0.002222,True,128,37726,10.1002/14651858.CD014820.pub2,1,26.34730538922156,False,0,15.788423153692616,Moderate
CD015698_pub2_data__A6,CD015698,68,C,0.060913,0.96095,False,2,173,10.1002/14651858.CD015698.pub2,1,26.34730538922156,False,0,13.243512974051898,Moderate
CD003833_pub5_data__A3,CD003833,68,C,-0.007165,0.989275,False,15,631,10.1002/14651858.CD003833.pub5,0,9.68063872255489,False,0,6.57684630738523,Moderate
CD010966_pub4_data__A6,CD010966,68,C,-0.127489,0.006773,True,191,64904,10.1002/14651858.CD010966.pub4,8,76.14770459081836,False,0,39.560878243512974,Moderate
CD004184_pub3_data__A10,CD004184,68,C,-0.015446,0.981092,False,10,2810,10.1002/14651858.CD004184.pub3,6,68.76247504990019,False,0,32.75449101796407,Moderate
CD015332_pub2_data__A6,CD015332,68,C,-0.007303,0.991183,False,10,399,10.1002/14651858.CD015332.pub2,2,39.12175648702595,False,0,25.40918163672655,Moderate
CD015332_pub2_data__A13,CD015332,68,C,-0.219034,0.667218,False,10,466,10.1002/14651858.CD015332.pub2,2,39.12175648702595,False,0,25.40918163672655,Moderate
CD013748_pub2_data__A6,CD013748,68,C,-0.374615,0.329201,False,6,244,10.1002/14651858.CD013748.pub2,0,9.68063872255489,False,0,7.325349301397207,Moderate
CD012572_pub3_data__A5,CD012572,68,C,0.305471,0.752715,False,3,524,10.1002/14651858.CD012572.pub3,5,63.57285429141717,False,0,32.215568862275454,Moderate
CD002052_pub4_data__A6,CD002052,68,C,0.98823,0.087,False,4,168,10.1002/14651858.CD002052.pub4,0,9.68063872255489,True,0,30.32934131736527,Moderate
CD015122_pub2_data__A2,CD015122,68,C,0.556673,0.028369,True,5,1003,10.1002/14651858.CD015122.pub2,4,57.48502994011976,False,0,32.17564870259481,Moderate
CD013278_pub3_data__A20,CD013278,68,C,-0.09806,0.539449,False,9,1681,10.1002/14651858.CD013278.pub3,4,57.48502994011976,True,0,52.40518962075848,Moderate
CD015120_pub2_data__A2,CD015120,68,C,1.879669,0.411705,False,2,709,10.1002/14651858.CD015120.pub2,4,57.48502994011976,False,0,23.293413173652695,Moderate
CD013278_pub3_data__A10,CD013278,68,C,0.037855,0.937014,False,6,1211,10.1002/14651858.CD013278.pub3,4,57.48502994011976,True,0,52.40518962075848,Moderate
CD013278_pub3_data__A8,CD013278,68,C,0.085881,0.865744,False,8,1587,10.1002/14651858.CD013278.pub3,4,57.48502994011976,True,0,52.40518962075848,Moderate
CD015786_pub2_data__A2,CD015786,68,C,-0.741122,0.379509,False,6,3892,10.1002/14651858.CD015786.pub2,1,26.34730538922156,False,0,13.243512974051898,Moderate
CD012572_pub3_data__A1,CD012572,68,C,0.736884,0.260904,False,4,630,10.1002/14651858.CD012572.pub3,5,63.57285429141717,False,0,32.215568862275454,Moderate
CD012642_pub2_data__A6,CD012642,68,C,0.726471,0.201782,False,4,162,10.1002/14651858.CD012642.pub2,9,79.84031936127745,False,0,37.89421157684632,Moderate
CD015584_pub2_data__A8,CD015584,68,C,1.087369,0.003472,True,7,781,10.1002/14651858.CD015584.pub2,1,26.34730538922156,False,0,15.788423153692616,Moderate
CD011330_pub2_data__A3,CD011330,68,C,0.899607,0.186494,False,8,281,10.1002/14651858.CD011330.pub2,1,26.34730538922156,False,0,13.243512974051898,Moderate
CD011330_pub2_data__A5,CD011330,68,C,-0.053666,0.942706,False,8,254,10.1002/14651858.CD011330.pub2,1,26.34730538922156,False,0,13.243512974051898,Moderate
CD013278_pub3_data__A17,CD013278,68,C,0.101421,0.717774,False,8,1495,10.1002/14651858.CD013278.pub3,4,57.48502994011976,True,0,52.40518962075848,Moderate
CD011218_pub2_data__A1,CD011218,68,C,0.074059,0.712604,False,10,1747,10.1002/14651858.CD011218.pub2,4,57.48502994011976,False,0,24.331337325349303,Moderate
CD005133_pub4_data__A9,CD005133,68,C,0.252331,0.68278,False,4,78,10.1002/14651858.CD005133.pub4,0,9.68063872255489,False,0,9.121756487025948,Moderate
CD013278_pub3_data__A12,CD013278,68,C,-0.022517,0.932687,False,5,1172,10.1002/14651858.CD013278.pub3,4,57.48502994011976,True,0,52.40518962075848,Moderate
CD015698_pub2_data__A4,CD015698,68,C,0.227679,0.680741,False,1,60,10.1002/14651858.CD015698.pub2,1,26.34730538922156,False,0,13.243512974051898,Moderate
CD015122_pub2_data__A7,CD015122,68,C,-0.612356,0.020725,True,6,1133,10.1002/14651858.CD015122.pub2,4,57.48502994011976,False,0,32.17564870259481,Moderate
CD010145_pub2_data__A20,CD010145,68,C,0.589919,0.010815,True,12,3282,10.1002/14651858.CD010145.pub2,2,39.12175648702595,False,0,24.361277445109785,Moderate
CD003962_pub3_data__A13,CD003962,68,C,0.016641,0.943044,False,18,1133,10.1002/14651858.CD003962.pub3,13,88.32335329341318,False,0,44.041916167664674,Moderate
CD012429_pub2_data__A2,CD012429,68,C,0.039572,0.900925,False,12,1124,10.1002/14651858.CD012429.pub2,0,9.68063872255489,False,0,13.053892215568862,Moderate
CD015849_pub2_data__A2,CD015849,67,C,-0.182271,0.013516,True,24,23273,10.1002/14651858.CD015849.pub2,4,57.48502994011976,False,0,32.83433133732535,Moderate
CD015331_pub2_data__A15,CD015331,67,C,-0.114016,0.785042,False,24,1565,10.1002/14651858.CD015331.pub2,2,39.12175648702595,False,0,25.64870259481038,Moderate
CD015804_pub2_data__A4,CD015804,67,C,0.0,1.0,False,3,0,10.1002/14651858.CD015804.pub2,10,82.83433133732535,False,0,39.590818363273456,Moderate
CD015331_pub2_data__A32,CD015331,67,C,-0.18836,0.698345,False,18,1182,10.1002/14651858.CD015331.pub2,2,39.12175648702595,False,0,25.64870259481038,Moderate
CD005133_pub4_data__A3,CD005133,67,C,0.798024,0.00407,True,28,1358,10.1002/14651858.CD005133.pub4,0,9.68063872255489,False,0,9.121756487025948,Moderate
CD015331_pub2_data__A50,CD015331,67,C,-0.342646,0.469463,False,19,1358,10.1002/14651858.CD015331.pub2,2,39.12175648702595,False,0,25.64870259481038,Moderate
CD015331_pub2_data__A5,CD015331,67,C,-0.082627,0.850072,False,22,1508,10.1002/14651858.CD015331.pub2,2,39.12175648702595,False,0,25.64870259481038,Moderate
CD015331_pub2_data__A33,CD015331,67,C,-0.230366,0.538342,False,30,1816,10.1002/14651858.CD015331.pub2,2,39.12175648702595,False,0,25.64870259481038,Moderate
CD011204_pub3_data__A2,CD011204,67,C,0.579252,0.0,True,132,65840,10.1002/14651858.CD011204.pub3,0,9.68063872255489,False,0,9.121756487025948,Moderate
CD015331_pub2_data__A17,CD015331,67,C,-0.136952,0.72297,False,28,1889,10.1002/14651858.CD015331.pub2,2,39.12175648702595,False,0,25.64870259481038,Moderate
CD010533_pub3_data__A3,CD010533,67,C,-0.361377,0.1376,False,17,11370,10.1002/14651858.CD010533.pub3,0,9.68063872255489,False,0,7.325349301397207,Moderate
CD006632_pub3_data__A6,CD006632,67,C,-0.044356,0.940416,False,12,3844,10.1002/14651858.CD006632.pub3,4,57.48502994011976,False,0,29.451097804391217,Moderate
CD006632_pub3_data__A3,CD006632,67,C,-0.104394,0.848753,False,14,5348,10.1002/14651858.CD006632.pub3,4,57.48502994011976,False,0,29.451097804391217,Moderate
CD014965_pub2_data__A27,CD014965,67,C,-0.057964,0.957947,False,4,298,10.1002/14651858.CD014965.pub2,4,57.48502994011976,False,0,32.25548902195609,Moderate
CD014965_pub2_data__A6,CD014965,67,C,0.222912,0.672617,False,8,608,10.1002/14651858.CD014965.pub2,4,57.48502994011976,False,0,32.25548902195609,Moderate
CD006632_pub3_data__A12,CD006632,67,C,0.014218,0.980886,False,12,3275,10.1002/14651858.CD006632.pub3,4,57.48502994011976,False,0,29.451097804391217,Moderate
CD015252_pub2_data__A1,CD015252,67,C,0.332488,0.165668,False,8,1032,10.1002/14651858.CD015252.pub2,10,82.83433133732535,False,0,37.77445109780439,Moderate
CD014617_pub3_data__A2,CD014617,67,C,-0.183358,0.462194,False,4,971,10.1002/14651858.CD014617.pub3,0,9.68063872255489,False,0,5.209580838323354,Moderate
CD010533_pub3_data__A5,CD010533,67,C,-0.087765,0.489144,False,10,7617,10.1002/14651858.CD010533.pub3,0,9.68063872255489,False,0,7.325349301397207,Moderate
CD013278_pub3_data__A13,CD013278,67,C,0.016187,0.927866,False,12,1858,10.1002/14651858.CD013278.pub3,4,57.48502994011976,True,0,52.40518962075848,Moderate
CD014617_pub3_data__A1,CD014617,67,C,0.26554,0.329372,False,4,971,10.1002/14651858.CD014617.pub3,0,9.68063872255489,False,0,5.209580838323354,Moderate
CD011535_pub7_data__A4,CD011535,67,C,2.010845,0.0,True,169,60894,10.1002/14651858.CD011535.pub7,1,26.34730538922156,False,0,18.16367265469062,Moderate
CD015087_pub2_data__A3,CD015087,67,C,-0.283518,0.518071,False,12,830,10.1002/14651858.CD015087.pub2,4,57.48502994011976,False,0,30.618762475049902,Moderate
CD015087_pub2_data__A6,CD015087,67,C,-0.182871,0.669479,False,11,885,10.1002/14651858.CD015087.pub2,4,57.48502994011976,False,0,30.618762475049902,Moderate
CD013278_pub3_data__A21,CD013278,67,C,-0.035192,0.77314,False,9,1673,10.1002/14651858.CD013278.pub3,4,57.48502994011976,True,0,52.40518962075848,Moderate
CD013278_pub3_data__A9,CD013278,67,C,0.21332,0.158492,False,7,1289,10.1002/14651858.CD013278.pub3,4,57.48502994011976,True,0,52.40518962075848,Moderate
CD013284_pub2_data__A4,CD013284,67,C,0.006237,0.992423,False,10,980,10.1002/14651858.CD013284.pub2,4,57.48502994011976,False,0,30.618762475049902,Moderate
CD011330_pub2_data__A6,CD011330,67,C,0.0,1.0,False,1,20,10.1002/14651858.CD011330.pub2,1,26.34730538922156,False,0,13.243512974051898,Moderate
CD015331_pub2_data__A1,CD015331,67,C,-0.089352,0.810411,False,30,2220,10.1002/14651858.CD015331.pub2,2,39.12175648702595,False,0,25.64870259481038,Moderate
CD015849_pub2_data__A3,CD015849,67,C,-0.174277,0.014431,True,29,21592,10.1002/14651858.CD015849.pub2,4,57.48502994011976,False,0,32.83433133732535,Moderate
CD015331_pub2_data__A23,CD015331,67,C,-0.108701,0.729345,False,42,2686,10.1002/14651858.CD015331.pub2,2,39.12175648702595,False,0,25.64870259481038,Moderate
CD015331_pub2_data__A22,CD015331,67,C,-0.078937,0.850114,False,24,1651,10.1002/14651858.CD015331.pub2,2,39.12175648702595,False,0,25.64870259481038,Moderate
CD015524_pub2_data__A9,CD015524,67,C,0.409548,0.210734,False,12,963,10.1002/14651858.CD015524.pub2,1,26.34730538922156,True,0,40.199600798403196,Moderate
CD015331_pub2_data__A56,CD015331,67,C,-0.210738,0.665339,False,18,1241,10.1002/14651858.CD015331.pub2,2,39.12175648702595,False,0,25.64870259481038,Moderate
CD015331_pub2_data__A16,CD015331,67,C,-0.101668,0.740374,False,44,2784,10.1002/14651858.CD015331.pub2,2,39.12175648702595,False,0,25.64870259481038,Moderate
CD015087_pub2_data__A11,CD015087,67,C,-1.374028,0.221903,False,2,132,10.1002/14651858.CD015087.pub2,4,57.48502994011976,False,0,30.618762475049902,Moderate
CD011305_pub3_data__A9,CD011305,67,C,-0.255031,0.324542,False,5,511,10.1002/14651858.CD011305.pub3,6,68.76247504990019,False,0,36.21756487025948,Moderate
CD006632_pub3_data__A1,CD006632,67,C,-0.21485,0.729258,False,11,12110,10.1002/14651858.CD006632.pub3,4,57.48502994011976,False,0,29.451097804391217,Moderate
CD015849_pub2_data__A5,CD015849,67,C,-0.17604,0.000467,True,17,25750,10.1002/14651858.CD015849.pub2,4,57.48502994011976,False,0,32.83433133732535,Moderate
CD015331_pub2_data__A6,CD015331,67,C,-0.057867,0.857325,False,40,2694,10.1002/14651858.CD015331.pub2,2,39.12175648702595,False,0,25.64870259481038,Moderate
CD010533_pub3_data__A1,CD010533,67,C,-0.022203,0.956539,False,22,11448,10.1002/14651858.CD010533.pub3,0,9.68063872255489,False,0,7.325349301397207,Moderate
CD010533_pub3_data__A2,CD010533,67,C,0.014131,0.974525,False,21,11306,10.1002/14651858.CD010533.pub3,0,9.68063872255489,False,0,7.325349301397207,Moderate
CD011600_pub3_data__A5,CD011600,67,C,0.0,1.0,False,8,0,10.1002/14651858.CD011600.pub3,14,90.31936127744511,False,0,45.389221556886234,Moderate
CD016119_data__A12,CD016119,67,C,0.17858,0.726954,False,16,3672,10.1002/14651858.CD016119,2,39.12175648702595,False,0,23.942115768463076,Moderate
CD008564_pub3_data__A9,CD008564,67,C,0.08132,0.924588,False,6,7101,10.1002/14651858.CD008564.pub3,3,49.101796407185624,False,0,25.59880239520958,Moderate
CD010145_pub2_data__A22,CD010145,67,C,1.36004,0.002967,True,5,470,10.1002/14651858.CD010145.pub2,2,39.12175648702595,False,0,24.361277445109785,Moderate
CD015588_pub2_data__A42,CD015588,67,C,-0.085859,0.020706,True,18,28322,10.1002/14651858.CD015588.pub2,17,94.61077844311377,False,0,47.74451097804391,Moderate
CD015331_pub2_data__A82,CD015331,67,C,-0.082627,0.850072,False,22,1508,10.1002/14651858.CD015331.pub2,2,39.12175648702595,False,0,25.64870259481038,Moderate
CD015331_pub2_data__A85,CD015331,67,C,-0.082627,0.850072,False,22,1508,10.1002/14651858.CD015331.pub2,2,39.12175648702595,False,0,25.64870259481038,Moderate
CD015331_pub2_data__A83,CD015331,67,C,-0.082627,0.850072,False,22,1508,10.1002/14651858.CD015331.pub2,2,39.12175648702595,False,0,25.64870259481038,Moderate
CD015331_pub2_data__A84,CD015331,67,C,-0.082627,0.850072,False,22,1508,10.1002/14651858.CD015331.pub2,2,39.12175648702595,False,0,25.64870259481038,Moderate
CD015331_pub2_data__A80,CD015331,67,C,-0.082627,0.850072,False,22,1508,10.1002/14651858.CD015331.pub2,2,39.12175648702595,False,0,25.64870259481038,Moderate
CD015331_pub2_data__A81,CD015331,67,C,-0.074325,0.868155,False,21,1446,10.1002/14651858.CD015331.pub2,2,39.12175648702595,False,0,25.64870259481038,Moderate
CD016002_data__A15,CD016002,67,C,29.234099,0.00071,True,17,1261,10.1002/14651858.CD016002,1,26.34730538922156,False,0,19.640718562874255,Moderate
CD016002_data__A17,CD016002,67,C,-1.611319,0.006665,True,13,1142,10.1002/14651858.CD016002,1,26.34730538922156,False,0,19.640718562874255,Moderate
CD015331_pub2_data__A78,CD015331,67,C,-0.052308,0.919009,False,16,1006,10.1002/14651858.CD015331.pub2,2,39.12175648702595,False,0,25.64870259481038,Moderate
CD015331_pub2_data__A77,CD015331,67,C,-0.075246,0.879991,False,17,1215,10.1002/14651858.CD015331.pub2,2,39.12175648702595,False,0,25.64870259481038,Moderate
CD015331_pub2_data__A76,CD015331,67,C,-0.065089,0.884439,False,21,1229,10.1002/14651858.CD015331.pub2,2,39.12175648702595,False,0,25.64870259481038,Moderate
CD015331_pub2_data__A79,CD015331,67,C,-0.07426,0.871427,False,20,1214,10.1002/14651858.CD015331.pub2,2,39.12175648702595,False,0,25.64870259481038,Moderate
CD015215_pub2_data__A13,CD015215,67,C,0.33799,0.302249,False,7,1088,10.1002/14651858.CD015215.pub2,11,84.83033932135729,False,0,43.802395209580844,Moderate
CD012335_pub2_data__A13,CD012335,67,C,-0.034282,0.958413,False,20,6009,10.1002/14651858.CD012335.pub2,0,9.68063872255489,False,0,10.658682634730539,Moderate
CD013748_pub2_data__A7,CD013748,67,C,-0.461051,0.095524,False,12,702,10.1002/14651858.CD013748.pub2,0,9.68063872255489,False,0,7.325349301397207,Moderate
CD008564_pub3_data__A8,CD008564,67,C,0.08132,0.924588,False,6,7101,10.1002/14651858.CD008564.pub3,3,49.101796407185624,False,0,25.59880239520958,Moderate
CD016119_data__A4,CD016119,67,C,0.130336,0.798568,False,16,3100,10.1002/14651858.CD016119,2,39.12175648702595,False,0,23.942115768463076,Moderate
CD008628_pub3_data__A7,CD008628,67,C,0.840886,0.126091,False,5,250,10.1002/14651858.CD008628.pub3,14,90.31936127744511,False,0,42.08582834331338,Moderate
CD003216_pub3_data__A1,CD003216,67,C,0.042631,0.710916,False,26,7480,10.1002/14651858.CD003216.pub3,18,95.50898203592814,False,0,42.34530938123752,Moderate
CD015145_pub2_data__A3,CD015145,67,C,-0.588709,0.22905,False,3,567,10.1002/14651858.CD015145.pub2,1,26.34730538922156,False,0,18.47305389221557,Moderate
CD016119_data__A6,CD016119,67,C,0.230139,0.686477,False,13,2760,10.1002/14651858.CD016119,2,39.12175648702595,False,0,23.942115768463076,Moderate
CD016119_data__A5,CD016119,67,C,0.238966,0.651826,False,15,2955,10.1002/14651858.CD016119,2,39.12175648702595,False,0,23.942115768463076,Moderate
CD016119_data__A7,CD016119,67,C,0.096063,0.837139,False,19,4289,10.1002/14651858.CD016119,2,39.12175648702595,False,0,23.942115768463076,Moderate
CD016211_data__A8,CD016211,67,C,0.0,1.0,False,5,0,10.1002/14651858.CD016211,0,9.68063872255489,False,0,12.165668662674651,Moderate
CD016211_data__A6,CD016211,67,C,0.0,1.0,False,5,0,10.1002/14651858.CD016211,0,9.68063872255489,False,0,12.165668662674651,Moderate
CD013590_pub2_data__A1,CD013590,67,C,0.1542,0.488227,False,25,1401,10.1002/14651858.CD013590.pub2,2,39.12175648702595,False,0,21.60678642714571,Moderate
CD013590_pub2_data__A4,CD013590,67,C,0.400447,0.236128,False,16,1182,10.1002/14651858.CD013590.pub2,2,39.12175648702595,False,0,21.60678642714571,Moderate
CD013590_pub2_data__A2,CD013590,67,C,-0.080301,0.718595,False,33,2342,10.1002/14651858.CD013590.pub2,2,39.12175648702595,False,0,21.60678642714571,Moderate
CD010145_pub2_data__A1,CD010145,66,C,0.877817,0.135595,False,5,363,10.1002/14651858.CD010145.pub2,2,39.12175648702595,False,0,24.361277445109785,Moderate
CD013801_pub2_data__A27,CD013801,66,C,-0.034516,0.971548,False,5,247,10.1002/14651858.CD013801.pub2,0,9.68063872255489,False,0,12.86427145708583,Moderate
CD015134_pub2_data__A6,CD015134,66,C,-0.049953,0.421464,False,4,12304,10.1002/14651858.CD015134.pub2,10,82.83433133732535,False,0,36.58682634730539,Moderate
CD015134_pub2_data__A2,CD015134,66,C,0.244002,0.460379,False,4,12545,10.1002/14651858.CD015134.pub2,10,82.83433133732535,False,0,36.58682634730539,Moderate
CD015432_pub2_data__A6,CD015432,66,C,-0.52276,0.020621,True,13,868,10.1002/14651858.CD015432.pub2,5,63.57285429141717,False,0,32.774451097804395,Moderate
CD015573_data__A2,CD015573,66,C,-0.569351,0.274746,False,5,322,10.1002/14651858.CD015573,8,76.14770459081836,False,0,31.167664670658684,Moderate
CD013707_pub2_data__A4,CD013707,66,C,0.034923,0.967872,False,6,406,10.1002/14651858.CD013707.pub2,1,26.34730538922156,False,0,16.497005988023954,Moderate
CD003962_pub3_data__A4,CD003962,66,C,0.198627,0.555894,False,36,1892,10.1002/14651858.CD003962.pub3,13,88.32335329341318,False,0,44.041916167664674,Moderate
CD013456_pub2_data__A8,CD013456,66,C,-0.454239,0.254381,False,9,1040,10.1002/14651858.CD013456.pub2,16,93.21357285429141,False,0,44.3313373253493,Moderate
CD011806_pub2_data__A3,CD011806,66,C,-0.661945,0.054979,False,7,467,10.1002/14651858.CD011806.pub2,13,88.32335329341318,False,0,43.45309381237525,Moderate
CD012426_pub2_data__A3,CD012426,66,C,-0.004806,0.987557,False,4,1420,10.1002/14651858.CD012426.pub2,0,9.68063872255489,False,0,5.908183632734531,Moderate
CD008973_pub3_data__A2,CD008973,66,C,0.896906,0.030021,True,7,745,10.1002/14651858.CD008973.pub3,3,49.101796407185624,False,0,23.78243512974052,Moderate
CD013331_pub2_data__A3,CD013331,66,C,-0.017378,0.982686,False,7,216,10.1002/14651858.CD013331.pub2,6,68.76247504990019,False,0,30.209580838323348,Moderate
CD015145_pub2_data__A9,CD015145,66,C,-13.530019,0.017977,True,7,573,10.1002/14651858.CD015145.pub2,1,26.34730538922156,False,0,18.47305389221557,Moderate
CD013331_pub2_data__A2,CD013331,66,C,0.622975,0.462007,False,6,200,10.1002/14651858.CD013331.pub2,6,68.76247504990019,False,0,30.209580838323348,Moderate
CD016002_data__A4,CD016002,66,C,0.913339,0.089042,False,5,273,10.1002/14651858.CD016002,1,26.34730538922156,False,0,19.640718562874255,Moderate
CD001552_pub3_data__A7,CD001552,66,C,0.763684,0.419625,False,5,568,10.1002/14651858.CD001552.pub3,6,68.76247504990019,False,0,33.46307385229541,Moderate
CD012079_pub2_data__A7,CD012079,66,C,1.770831,0.0,True,33,3721,10.1002/14651858.CD012079.pub2,12,86.42714570858283,False,0,43.56287425149701,Moderate
CD013801_pub2_data__A28,CD013801,66,C,-0.310663,0.668788,False,6,322,10.1002/14651858.CD013801.pub2,0,9.68063872255489,False,0,12.86427145708583,Moderate
CD001552_pub3_data__A5,CD001552,66,C,0.224725,0.761538,False,8,801,10.1002/14651858.CD001552.pub3,6,68.76247504990019,False,0,33.46307385229541,Moderate
CD001552_pub3_data__A4,CD001552,66,C,0.186983,0.800661,False,8,668,10.1002/14651858.CD001552.pub3,6,68.76247504990019,False,0,33.46307385229541,Moderate
CD011806_pub2_data__A15,CD011806,66,C,-0.009192,0.992353,False,5,394,10.1002/14651858.CD011806.pub2,13,88.32335329341318,False,0,43.45309381237525,Moderate
CD015332_pub2_data__A5,CD015332,66,C,0.046387,0.941242,False,11,360,10.1002/14651858.CD015332.pub2,2,39.12175648702595,False,0,25.40918163672655,Moderate
CD016058_pub2_data__A5,CD016058,66,C,0.391456,0.850568,False,5,262,10.1002/14651858.CD016058.pub2,0,9.68063872255489,False,0,8.013972055888225,Moderate
CD003216_pub3_data__A3,CD003216,66,C,0.106998,0.774369,False,9,535,10.1002/14651858.CD003216.pub3,18,95.50898203592814,False,0,42.34530938123752,Moderate
CD006185_pub6_data__A5,CD006185,66,C,-0.070025,0.824181,False,42,1966,10.1002/14651858.CD006185.pub6,4,57.48502994011976,False,0,27.135728542914173,Moderate
CD001533_pub7_data__A1,CD001533,66,C,-0.518714,0.001106,True,43,3535,10.1002/14651858.CD001533.pub7,14,90.31936127744511,False,0,39.5808383233533,Moderate
CD015448_pub2_data__A3,CD015448,66,C,-0.025857,0.966894,False,11,1290,10.1002/14651858.CD015448.pub2,11,84.83033932135729,False,0,37.38522954091817,Moderate
CD009730_pub3_data__A3,CD009730,66,C,0.085463,0.746557,False,20,1715,10.1002/14651858.CD009730.pub3,1,26.34730538922156,False,0,17.884231536926148,Moderate
CD007110_pub4_data__A2,CD007110,66,C,0.134358,0.694805,False,20,8292,10.1002/14651858.CD007110.pub4,2,39.12175648702595,False,0,16.98602794411178,Moderate
CD007110_pub4_data__A1,CD007110,66,C,0.062176,0.867339,False,24,9678,10.1002/14651858.CD007110.pub4,2,39.12175648702595,False,0,16.98602794411178,Moderate
CD009730_pub3_data__A2,CD009730,66,C,0.070039,0.79703,False,28,1914,10.1002/14651858.CD009730.pub3,1,26.34730538922156,False,0,17.884231536926148,Moderate
CD003129_pub2_data__A7,CD003129,66,C,0.716501,0.332004,False,5,629,10.1002/14651858.CD003129.pub2,3,49.101796407185624,False,0,23.093812375249502,Moderate
CD003129_pub2_data__A6,CD003129,66,C,-0.74288,0.393952,False,5,629,10.1002/14651858.CD003129.pub2,3,49.101796407185624,False,0,23.093812375249502,Moderate
CD013342_pub2_data__A6,CD013342,66,C,0.608314,0.010421,True,16,935,10.1002/14651858.CD013342.pub2,9,79.84031936127745,False,0,38.39321357285429,Moderate
CD015448_pub2_data__A1,CD015448,66,C,-0.020252,0.968482,False,16,1624,10.1002/14651858.CD015448.pub2,11,84.83033932135729,False,0,37.38522954091817,Moderate
CD012445_pub2_data__A8,CD012445,66,C,-0.021795,0.984154,False,4,192,10.1002/14651858.CD012445.pub2,4,57.48502994011976,False,0,28.243512974051896,Moderate
CD013294_pub2_data__A12,CD013294,66,C,-0.046861,0.949915,False,8,307,10.1002/14651858.CD013294.pub2,10,82.83433133732535,True,0,59.92015968063872,Moderate
CD014769_pub2_data__A16,CD014769,66,C,-0.050696,0.041323,True,13,67020,10.1002/14651858.CD014769.pub2,4,57.48502994011976,True,0,52.40518962075848,Moderate
CD015462_pub2_data__A10,CD015462,66,C,0.022926,0.981066,False,5,246,10.1002/14651858.CD015462.pub2,6,68.76247504990019,True,0,55.439121756487026,Moderate
CD016001_data__A1,CD016001,66,C,-0.059172,0.868594,False,29,1082,10.1002/14651858.CD016001,0,9.68063872255489,False,0,12.584830339321359,Moderate
CD012570_pub2_data__A7,CD012570,66,C,-1.487193,0.459,False,1,197,10.1002/14651858.CD012570.pub2,2,39.12175648702595,False,0,19.10179640718563,Moderate
CD013294_pub2_data__A5,CD013294,66,C,0.0,1.0,False,5,272,10.1002/14651858.CD013294.pub2,10,82.83433133732535,True,0,59.92015968063872,Moderate
CD013294_pub2_data__A11,CD013294,66,C,-0.046861,0.949915,False,8,307,10.1002/14651858.CD013294.pub2,10,82.83433133732535,True,0,59.92015968063872,Moderate
CD014965_pub2_data__A15,CD014965,66,C,-0.218985,0.548795,False,6,481,10.1002/14651858.CD014965.pub2,4,57.48502994011976,False,0,32.25548902195609,Moderate
CD014965_pub2_data__A12,CD014965,66,C,1.00038,0.215714,False,2,197,10.1002/14651858.CD014965.pub2,4,57.48502994011976,False,0,32.25548902195609,Moderate
CD012642_pub2_data__A4,CD012642,66,C,-0.234265,0.793395,False,9,363,10.1002/14651858.CD012642.pub2,9,79.84031936127745,False,0,37.89421157684632,Moderate
CD014965_pub2_data__A7,CD014965,66,C,0.135131,0.810103,False,11,827,10.1002/14651858.CD014965.pub2,4,57.48502994011976,False,0,32.25548902195609,Moderate
CD015875_data__A7,CD015875,66,C,0.145726,0.874117,False,5,499,10.1002/14651858.CD015875,3,49.101796407185624,False,0,29.3812375249501,Moderate
CD015087_pub2_data__A7,CD015087,66,C,0.398078,0.598173,False,4,566,10.1002/14651858.CD015087.pub2,4,57.48502994011976,False,0,30.618762475049902,Moderate
CD015524_pub2_data__A34,CD015524,66,C,-0.471247,0.725447,False,3,152,10.1002/14651858.CD015524.pub2,1,26.34730538922156,True,0,40.199600798403196,Moderate
CD015875_data__A21,CD015875,66,C,0.478288,0.567497,False,6,263,10.1002/14651858.CD015875,3,49.101796407185624,False,0,29.3812375249501,Moderate
CD015875_data__A18,CD015875,66,C,-0.09482,0.820099,False,5,258,10.1002/14651858.CD015875,3,49.101796407185624,False,0,29.3812375249501,Moderate
CD014574_pub2_data__A2,CD014574,66,C,-1.094045,0.054923,False,5,241,10.1002/14651858.CD014574.pub2,2,39.12175648702595,False,0,25.059880239520957,Moderate
CD015855_data__A3,CD015855,66,C,0.242409,0.629651,False,9,257,10.1002/14651858.CD015855,0,9.68063872255489,False,0,8.013972055888225,Moderate
CD012886_pub3_data__A7,CD012886,66,C,-0.077212,0.727005,False,5,372,10.1002/14651858.CD012886.pub3,0,9.68063872255489,False,0,12.584830339321359,Moderate
CD012886_pub3_data__A6,CD012886,66,C,-0.31327,0.149512,False,5,372,10.1002/14651858.CD012886.pub3,0,9.68063872255489,False,0,12.584830339321359,Moderate
CD015084_pub2_data__A4,CD015084,66,C,-0.377614,0.615934,False,5,201,10.1002/14651858.CD015084.pub2,6,68.76247504990019,False,0,30.209580838323348,Moderate
CD015084_pub2_data__A3,CD015084,66,C,0.622792,0.359332,False,5,201,10.1002/14651858.CD015084.pub2,6,68.76247504990019,False,0,30.209580838323348,Moderate
CD013166_pub3_data__A2,CD013166,66,C,-0.251223,0.169326,False,45,3119,10.1002/14651858.CD013166.pub3,1,26.34730538922156,False,0,11.876247504990022,Moderate
CD004925_pub4_data__A1,CD004925,66,C,-1.142981,1e-06,True,32,5394,10.1002/14651858.CD004925.pub4,10,82.83433133732535,False,0,36.58682634730539,Moderate
CD013827_pub2_data__A2,CD013827,66,C,-0.024619,0.852285,False,12,3048,10.1002/14651858.CD013827.pub2,5,63.57285429141717,False,0,32.47504990019961,Moderate
CD013853_pub2_data__A4,CD013853,66,C,0.272488,0.621549,False,8,362,10.1002/14651858.CD013853.pub2,7,73.05389221556887,False,0,31.926147704590818,Moderate
CD013853_pub2_data__A3,CD013853,66,C,0.25298,0.710385,False,9,334,10.1002/14651858.CD013853.pub2,7,73.05389221556887,False,0,31.926147704590818,Moderate
CD005133_pub4_data__A1,CD005133,66,C,-0.513125,0.10419,False,21,1699,10.1002/14651858.CD005133.pub4,0,9.68063872255489,False,0,9.121756487025948,Moderate
CD007837_pub3_data__A7,CD007837,66,C,-0.041539,0.965781,False,5,214,10.1002/14651858.CD007837.pub3,18,95.50898203592814,False,0,42.34530938123752,Moderate
CD007837_pub3_data__A6,CD007837,66,C,-0.136173,0.888034,False,5,235,10.1002/14651858.CD007837.pub3,18,95.50898203592814,False,0,42.34530938123752,Moderate
CD007837_pub3_data__A5,CD007837,66,C,0.0,1.0,False,6,278,10.1002/14651858.CD007837.pub3,18,95.50898203592814,False,0,42.34530938123752,Moderate
CD007837_pub3_data__A4,CD007837,66,C,0.0,1.0,False,6,278,10.1002/14651858.CD007837.pub3,18,95.50898203592814,False,0,42.34530938123752,Moderate
CD007837_pub3_data__A2,CD007837,66,C,-0.176985,0.854727,False,5,261,10.1002/14651858.CD007837.pub3,18,95.50898203592814,False,0,42.34530938123752,Moderate
CD013059_pub2_data__A3,CD013059,66,C,-0.220169,0.595234,False,25,759,10.1002/14651858.CD013059.pub2,6,68.76247504990019,False,0,28.842315369261474,Moderate
CD015820_pub2_data__A4,CD015820,66,C,-1.202352,0.414049,False,3,139,10.1002/14651858.CD015820.pub2,0,9.68063872255489,False,0,8.013972055888225,Moderate
CD015820_pub2_data__A2,CD015820,66,C,0.051987,0.962425,False,4,135,10.1002/14651858.CD015820.pub2,0,9.68063872255489,False,0,8.013972055888225,Moderate
CD001920_pub4_data__A4,CD001920,66,C,-0.04649,0.719873,False,244,20432,10.1002/14651858.CD001920.pub4,13,88.32335329341318,False,0,41.287425149700596,Moderate
CD016119_data__A9,CD016119,65,C,0.118876,0.434944,False,13,2735,10.1002/14651858.CD016119,2,39.12175648702595,False,0,23.942115768463076,Moderate
CD011793_pub3_data__A12,CD011793,65,C,-0.14799,0.617635,False,13,1355,10.1002/14651858.CD011793.pub3,9,79.84031936127745,False,0,38.982035928143716,Moderate
CD014935_pub2_data__A4,CD014935,65,C,0.232379,0.819354,False,3,123,10.1002/14651858.CD014935.pub2,1,26.34730538922156,False,0,16.497005988023954,Moderate
CD014932_pub2_data__A5,CD014932,65,C,0.059785,0.935555,False,8,855,10.1002/14651858.CD014932.pub2,13,88.32335329341318,False,0,38.78243512974052,Moderate
CD014932_pub2_data__A4,CD014932,65,C,0.088062,0.898573,False,9,1693,10.1002/14651858.CD014932.pub2,13,88.32335329341318,False,0,38.78243512974052,Moderate
CD014932_pub2_data__A3,CD014932,65,C,-0.033072,0.961775,False,9,1926,10.1002/14651858.CD014932.pub2,13,88.32335329341318,False,0,38.78243512974052,Moderate
CD014920_pub2_data__A6,CD014920,65,C,0.051847,0.97934,False,1,462,10.1002/14651858.CD014920.pub2,1,26.34730538922156,False,0,13.243512974051898,Moderate
CD014920_pub2_data__A5,CD014920,65,C,-2.621972,0.074645,False,1,426,10.1002/14651858.CD014920.pub2,1,26.34730538922156,False,0,13.243512974051898,Moderate
CD014920_pub2_data__A3,CD014920,65,C,-0.245347,0.708723,False,2,888,10.1002/14651858.CD014920.pub2,1,26.34730538922156,False,0,13.243512974051898,Moderate
CD014920_pub2_data__A2,CD014920,65,C,-2.583038,2.4e-05,False,1,426,10.1002/14651858.CD014920.pub2,1,26.34730538922156,False,0,13.243512974051898,Moderate
CD007130_pub5_data__A9,CD007130,65,C,-0.014323,0.979205,False,14,1455,10.1002/14651858.CD007130.pub5,51,99.60079840319361,False,0,45.79840319361277,Moderate
CD013729_pub2_data__A7,CD013729,65,C,-0.021979,0.99016,False,2,182,10.1002/14651858.CD013729.pub2,3,49.101796407185624,False,0,26.097804391217565,Moderate
CD013729_pub2_data__A6,CD013729,65,C,-0.021979,0.99016,False,2,182,10.1002/14651858.CD013729.pub2,3,49.101796407185624,False,0,26.097804391217565,Moderate
CD013729_pub2_data__A5,CD013729,65,C,-0.023749,0.989344,False,2,627,10.1002/14651858.CD013729.pub2,3,49.101796407185624,False,0,26.097804391217565,Moderate
CD013729_pub2_data__A12,CD013729,65,C,-0.068561,0.848762,False,1,537,10.1002/14651858.CD013729.pub2,3,49.101796407185624,False,0,26.097804391217565,Moderate
CD013729_pub2_data__A11,CD013729,65,C,-0.003717,0.998518,False,1,537,10.1002/14651858.CD013729.pub2,3,49.101796407185624,False,0,26.097804391217565,Moderate
CD011806_pub2_data__A16,CD011806,65,C,0.161366,0.718071,False,1,94,10.1002/14651858.CD011806.pub2,13,88.32335329341318,False,0,43.45309381237525,Moderate
CD011806_pub2_data__A11,CD011806,65,C,0.026317,0.98957,False,1,75,10.1002/14651858.CD011806.pub2,13,88.32335329341318,False,0,43.45309381237525,Moderate
CD011800_pub2_data__A7,CD011800,65,C,0.421651,0.8182,False,2,72,10.1002/14651858.CD011800.pub2,3,49.101796407185624,False,0,23.093812375249502,Moderate
CD011800_pub2_data__A6,CD011800,65,C,0.2948,0.88424,False,1,40,10.1002/14651858.CD011800.pub2,3,49.101796407185624,False,0,23.093812375249502,Moderate
CD011800_pub2_data__A5,CD011800,65,C,0.259511,0.898404,False,1,30,10.1002/14651858.CD011800.pub2,3,49.101796407185624,False,0,23.093812375249502,Moderate
CD011800_pub2_data__A4,CD011800,65,C,0.259511,0.898404,False,1,30,10.1002/14651858.CD011800.pub2,3,49.101796407185624,False,0,23.093812375249502,Moderate
CD011800_pub2_data__A3,CD011800,65,C,1.131949,0.493554,False,1,60,10.1002/14651858.CD011800.pub2,3,49.101796407185624,False,0,23.093812375249502,Moderate
CD008771_pub3_data__A1,CD008771,65,C,-0.090972,0.964519,False,1,21,10.1002/14651858.CD008771.pub3,2,39.12175648702595,False,0,24.361277445109785,Moderate
CD008709_pub4_data__A9,CD008709,65,C,-0.730098,0.019286,True,14,1973,10.1002/14651858.CD008709.pub4,12,86.42714570858283,False,0,42.86427145708583,Moderate
CD011806_pub2_data__A5,CD011806,65,C,-0.006955,0.996882,False,2,243,10.1002/14651858.CD011806.pub2,13,88.32335329341318,False,0,43.45309381237525,Moderate
CD015158_pub2_data__A15,CD015158,65,C,-0.459532,0.343549,False,1,168,10.1002/14651858.CD015158.pub2,1,26.34730538922156,False,0,19.9500998003992,Moderate
CD015158_pub2_data__A14,CD015158,65,C,0.118784,0.807615,False,1,168,10.1002/14651858.CD015158.pub2,1,26.34730538922156,False,0,19.9500998003992,Moderate
CD015158_pub2_data__A13,CD015158,65,C,-0.17577,0.732826,False,1,155,10.1002/14651858.CD015158.pub2,1,26.34730538922156,False,0,19.9500998003992,Moderate
CD015158_pub2_data__A12,CD015158,65,C,-0.02561,0.98979,False,1,780,10.1002/14651858.CD015158.pub2,1,26.34730538922156,False,0,19.9500998003992,Moderate
CD015140_pub2_data__A11,CD015140,65,C,-0.11701,0.533369,False,13,1301,10.1002/14651858.CD015140.pub2,0,9.68063872255489,False,0,11.806387225548903,Moderate
CD008771_pub3_data__A3,CD008771,65,C,-0.183923,0.792587,False,1,111,10.1002/14651858.CD008771.pub3,2,39.12175648702595,False,0,24.361277445109785,Moderate
CD008771_pub3_data__A22,CD008771,65,C,-0.059719,0.976355,False,1,66,10.1002/14651858.CD008771.pub3,2,39.12175648702595,False,0,24.361277445109785,Moderate
CD008771_pub3_data__A21,CD008771,65,C,-0.059719,0.976355,False,1,66,10.1002/14651858.CD008771.pub3,2,39.12175648702595,False,0,24.361277445109785,Moderate
CD008873_pub5_data__A8,CD008873,65,C,-1.031929,0.599346,False,2,815,10.1002/14651858.CD008873.pub5,18,95.50898203592814,False,0,45.54890219560878,Moderate
CD011060_pub2_data__A2,CD011060,65,C,-1.611592,0.298427,False,1,1858,10.1002/14651858.CD011060.pub2,7,73.05389221556887,False,0,30.558882235528944,Moderate
CD011060_pub2_data__A1,CD011060,65,C,-1.429804,5e-06,False,1,1858,10.1002/14651858.CD011060.pub2,7,73.05389221556887,False,0,30.558882235528944,Moderate
CD015158_pub2_data__A11,CD015158,65,C,-0.066691,0.973832,False,1,29,10.1002/14651858.CD015158.pub2,1,26.34730538922156,False,0,19.9500998003992,Moderate
CD015158_pub2_data__A10,CD015158,65,C,-0.037979,0.984897,False,1,157,10.1002/14651858.CD015158.pub2,1,26.34730538922156,False,0,19.9500998003992,Moderate
CD015158_pub2_data__A1,CD015158,65,C,-0.037979,0.984897,False,1,157,10.1002/14651858.CD015158.pub2,1,26.34730538922156,False,0,19.9500998003992,Moderate
CD008771_pub3_data__A20,CD008771,65,C,0.02407,0.98935,False,2,83,10.1002/14651858.CD008771.pub3,2,39.12175648702595,False,0,24.361277445109785,Moderate
CD008771_pub3_data__A2,CD008771,65,C,-0.075113,0.966714,False,2,87,10.1002/14651858.CD008771.pub3,2,39.12175648702595,False,0,24.361277445109785,Moderate
CD008771_pub3_data__A19,CD008771,65,C,-2.014903,0.097421,False,1,21,10.1002/14651858.CD008771.pub3,2,39.12175648702595,False,0,24.361277445109785,Moderate
CD008771_pub3_data__A15,CD008771,65,C,-0.059719,0.976355,False,1,66,10.1002/14651858.CD008771.pub3,2,39.12175648702595,False,0,24.361277445109785,Moderate
CD008771_pub3_data__A10,CD008771,65,C,-0.268264,0.896725,False,1,14,10.1002/14651858.CD008771.pub3,2,39.12175648702595,False,0,24.361277445109785,Moderate
CD011670_pub3_data__A5,CD011670,65,C,0.485715,0.559831,False,5,388,10.1002/14651858.CD011670.pub3,4,57.48502994011976,False,0,27.135728542914173,Moderate
CD003214_pub4_data__A8,CD003214,65,C,0.068993,0.865481,False,1,173,10.1002/14651858.CD003214.pub4,0,9.68063872255489,True,0,28.013972055888225,Moderate
CD003214_pub4_data__A7,CD003214,65,C,-0.564496,0.237411,False,1,173,10.1002/14651858.CD003214.pub4,0,9.68063872255489,True,0,28.013972055888225,Moderate
CD003214_pub4_data__A6,CD003214,65,C,-0.391735,0.233213,False,1,173,10.1002/14651858.CD003214.pub4,0,9.68063872255489,True,0,28.013972055888225,Moderate
CD003214_pub4_data__A5,CD003214,65,C,-0.011494,0.995428,False,1,173,10.1002/14651858.CD003214.pub4,0,9.68063872255489,True,0,28.013972055888225,Moderate
CD003214_pub4_data__A4,CD003214,65,C,-0.011494,0.995428,False,1,173,10.1002/14651858.CD003214.pub4,0,9.68063872255489,True,0,28.013972055888225,Moderate
CD009752_pub3_data__A6,CD009752,65,C,0.345869,0.66817,False,2,324,10.1002/14651858.CD009752.pub3,1,26.34730538922156,True,0,39.42115768463074,Moderate
CD015140_pub2_data__A8,CD015140,65,C,0.007291,0.989344,False,14,6489,10.1002/14651858.CD015140.pub2,0,9.68063872255489,False,0,11.806387225548903,Moderate
CD004667_pub6_data__A18,CD004667,65,C,4.232388,7e-06,True,11,9273,10.1002/14651858.CD004667.pub6,64,99.8003992015968,False,0,48.21357285429142,Moderate
CD008873_pub5_data__A15,CD008873,65,C,-0.664976,0.424975,False,1,165,10.1002/14651858.CD008873.pub5,18,95.50898203592814,False,0,45.54890219560878,Moderate
CD008873_pub5_data__A14,CD008873,65,C,-1.350591,0.390517,False,2,326,10.1002/14651858.CD008873.pub5,18,95.50898203592814,False,0,45.54890219560878,Moderate
CD006404_pub5_data__A9,CD006404,65,C,1.009544,0.000688,True,27,11216,10.1002/14651858.CD006404.pub5,0,9.68063872255489,False,0,11.996007984031937,Moderate
CD006404_pub5_data__A7,CD006404,65,C,0.48556,0.084372,False,20,6241,10.1002/14651858.CD006404.pub5,0,9.68063872255489,False,0,11.996007984031937,Moderate
CD006404_pub5_data__A5,CD006404,65,C,0.001217,0.996495,False,31,12272,10.1002/14651858.CD006404.pub5,0,9.68063872255489,False,0,11.996007984031937,Moderate
CD010861_pub3_data__A16,CD010861,65,C,0.477886,0.089621,False,7,756,10.1002/14651858.CD010861.pub3,6,68.76247504990019,False,0,35.439121756487026,Moderate
CD007130_pub5_data__A10,CD007130,65,C,-0.058829,0.918021,False,13,1309,10.1002/14651858.CD007130.pub5,51,99.60079840319361,False,0,45.79840319361277,Moderate
CD008771_pub3_data__A18,CD008771,65,C,0.044125,0.982463,False,1,135,10.1002/14651858.CD008771.pub3,2,39.12175648702595,False,0,24.361277445109785,Moderate
CD008771_pub3_data__A17,CD008771,65,C,0.044125,0.982463,False,1,135,10.1002/14651858.CD008771.pub3,2,39.12175648702595,False,0,24.361277445109785,Moderate
CD008771_pub3_data__A16,CD008771,65,C,-0.059719,0.976355,False,1,66,10.1002/14651858.CD008771.pub3,2,39.12175648702595,False,0,24.361277445109785,Moderate
CD008628_pub3_data__A8,CD008628,65,C,0.716653,0.35077,False,9,1971,10.1002/14651858.CD008628.pub3,14,90.31936127744511,False,0,42.08582834331338,Moderate
CD014891_pub2_data__A16,CD014891,65,C,0.069679,0.962749,False,2,66,10.1002/14651858.CD014891.pub2,17,94.61077844311377,False,0,45.778443113772454,Moderate
CD014891_pub2_data__A15,CD014891,65,C,0.05001,0.980296,False,1,39,10.1002/14651858.CD014891.pub2,17,94.61077844311377,False,0,45.778443113772454,Moderate
CD014891_pub2_data__A14,CD014891,65,C,0.05001,0.980296,False,1,39,10.1002/14651858.CD014891.pub2,17,94.61077844311377,False,0,45.778443113772454,Moderate
CD014891_pub2_data__A13,CD014891,65,C,0.05001,0.980296,False,1,39,10.1002/14651858.CD014891.pub2,17,94.61077844311377,False,0,45.778443113772454,Moderate
CD014891_pub2_data__A12,CD014891,65,C,0.071459,0.968418,False,2,54,10.1002/14651858.CD014891.pub2,17,94.61077844311377,False,0,45.778443113772454,Moderate
CD014891_pub2_data__A11,CD014891,65,C,0.0,1.0,False,1,80,10.1002/14651858.CD014891.pub2,17,94.61077844311377,False,0,45.778443113772454,Moderate
CD014891_pub2_data__A10,CD014891,65,C,0.05001,0.980296,False,1,39,10.1002/14651858.CD014891.pub2,17,94.61077844311377,False,0,45.778443113772454,Moderate
CD014891_pub2_data__A9,CD014891,65,C,0.035321,0.98429,False,2,107,10.1002/14651858.CD014891.pub2,17,94.61077844311377,False,0,45.778443113772454,Moderate
CD014891_pub2_data__A8,CD014891,65,C,0.401341,0.465957,False,1,60,10.1002/14651858.CD014891.pub2,17,94.61077844311377,False,0,45.778443113772454,Moderate
CD008709_pub4_data__A15,CD008709,65,C,0.003164,0.991226,False,26,3470,10.1002/14651858.CD008709.pub4,12,86.42714570858283,False,0,42.86427145708583,Moderate
CD009752_pub3_data__A22,CD009752,65,C,0.0,1.0,False,2,36,10.1002/14651858.CD009752.pub3,1,26.34730538922156,True,0,39.42115768463074,Moderate
CD009752_pub3_data__A21,CD009752,65,C,0.0,1.0,False,1,22,10.1002/14651858.CD009752.pub3,1,26.34730538922156,True,0,39.42115768463074,Moderate
CD009752_pub3_data__A20,CD009752,65,C,0.0,1.0,False,1,22,10.1002/14651858.CD009752.pub3,1,26.34730538922156,True,0,39.42115768463074,Moderate
CD009752_pub3_data__A18,CD009752,65,C,0.0,1.0,False,2,82,10.1002/14651858.CD009752.pub3,1,26.34730538922156,True,0,39.42115768463074,Moderate
CD009752_pub3_data__A15,CD009752,65,C,0.009481,0.995802,False,2,123,10.1002/14651858.CD009752.pub3,1,26.34730538922156,True,0,39.42115768463074,Moderate
CD003214_pub4_data__A3,CD003214,65,C,-0.011494,0.995428,False,1,173,10.1002/14651858.CD003214.pub4,0,9.68063872255489,True,0,28.013972055888225,Moderate
CD003214_pub4_data__A2,CD003214,65,C,0.068178,0.822993,False,1,173,10.1002/14651858.CD003214.pub4,0,9.68063872255489,True,0,28.013972055888225,Moderate
CD003214_pub4_data__A1,CD003214,65,C,0.087011,0.84608,False,1,173,10.1002/14651858.CD003214.pub4,0,9.68063872255489,True,0,28.013972055888225,Moderate
CD006214_pub5_data__A1,CD006214,65,C,0.0,1.0,False,1,50,10.1002/14651858.CD006214.pub5,0,9.68063872255489,False,0,3.942115768463074,Moderate
CD013377_pub2_data__A5,CD013377,65,C,0.40185,0.705639,False,2,262,10.1002/14651858.CD013377.pub2,9,79.84031936127745,False,0,33.97205588822356,Moderate
CD011624_pub3_data__A16,CD011624,65,C,-0.070204,0.972241,False,1,56,10.1002/14651858.CD011624.pub3,8,76.14770459081836,False,0,40.23952095808383,Moderate
CD013729_pub2_data__A10,CD013729,65,C,-0.003717,0.998518,False,1,537,10.1002/14651858.CD013729.pub2,3,49.101796407185624,False,0,26.097804391217565,Moderate
CD015373_pub2_data__A21,CD015373,65,C,9.441826,0.338221,False,3,127,10.1002/14651858.CD015373.pub2,2,39.12175648702595,True,0,44.5309381237525,Moderate
CD009752_pub3_data__A10,CD009752,65,C,-0.001022,0.999057,False,6,603,10.1002/14651858.CD009752.pub3,1,26.34730538922156,True,0,39.42115768463074,Moderate
CD011624_pub3_data__A44,CD011624,65,C,-0.1765,0.92971,False,1,1101,10.1002/14651858.CD011624.pub3,8,76.14770459081836,False,0,40.23952095808383,Moderate
CD011624_pub3_data__A43,CD011624,65,C,-0.171798,0.931578,False,1,1096,10.1002/14651858.CD011624.pub3,8,76.14770459081836,False,0,40.23952095808383,Moderate
CD011624_pub3_data__A42,CD011624,65,C,-0.171798,0.931578,False,1,1096,10.1002/14651858.CD011624.pub3,8,76.14770459081836,False,0,40.23952095808383,Moderate
CD011624_pub3_data__A41,CD011624,65,C,-0.088927,0.960192,False,2,1161,10.1002/14651858.CD011624.pub3,8,76.14770459081836,False,0,40.23952095808383,Moderate
CD011624_pub3_data__A40,CD011624,65,C,0.047628,0.981223,False,1,41,10.1002/14651858.CD011624.pub3,8,76.14770459081836,False,0,40.23952095808383,Moderate
CD011670_pub3_data__A9,CD011670,65,C,0.0,1.0,False,1,40,10.1002/14651858.CD011670.pub3,4,57.48502994011976,False,0,27.135728542914173,Moderate
CD011670_pub3_data__A6,CD011670,65,C,0.0,1.0,False,1,46,10.1002/14651858.CD011670.pub3,4,57.48502994011976,False,0,27.135728542914173,Moderate
CD014891_pub2_data__A7,CD014891,65,C,0.05001,0.980296,False,1,39,10.1002/14651858.CD014891.pub2,17,94.61077844311377,False,0,45.778443113772454,Moderate
CD014891_pub2_data__A6,CD014891,65,C,0.035321,0.98429,False,2,107,10.1002/14651858.CD014891.pub2,17,94.61077844311377,False,0,45.778443113772454,Moderate
CD014891_pub2_data__A5,CD014891,65,C,-2.816264,0.012238,False,1,60,10.1002/14651858.CD014891.pub2,17,94.61077844311377,False,0,45.778443113772454,Moderate
CD014891_pub2_data__A4,CD014891,65,C,0.05001,0.980296,False,1,39,10.1002/14651858.CD014891.pub2,17,94.61077844311377,False,0,45.778443113772454,Moderate
CD014891_pub2_data__A3,CD014891,65,C,0.035321,0.98429,False,2,107,10.1002/14651858.CD014891.pub2,17,94.61077844311377,False,0,45.778443113772454,Moderate
CD016119_data__A1,CD016119,65,C,0.38189,0.021632,True,18,6897,10.1002/14651858.CD016119,2,39.12175648702595,False,0,23.942115768463076,Moderate
CD014891_pub2_data__A18,CD014891,65,C,0.960462,0.250616,False,1,60,10.1002/14651858.CD014891.pub2,17,94.61077844311377,False,0,45.778443113772454,Moderate
CD014891_pub2_data__A17,CD014891,65,C,-0.693147,0.59133,False,1,27,10.1002/14651858.CD014891.pub2,17,94.61077844311377,False,0,45.778443113772454,Moderate
CD015158_pub2_data__A20,CD015158,65,C,-0.066691,0.973832,False,1,29,10.1002/14651858.CD015158.pub2,1,26.34730538922156,False,0,19.9500998003992,Moderate
CD015158_pub2_data__A2,CD015158,65,C,-0.066691,0.973832,False,1,29,10.1002/14651858.CD015158.pub2,1,26.34730538922156,False,0,19.9500998003992,Moderate
CD015158_pub2_data__A16,CD015158,65,C,1.412963,0.215842,False,1,80,10.1002/14651858.CD015158.pub2,1,26.34730538922156,False,0,19.9500998003992,Moderate
CD014872_pub2_data__A5,CD014872,65,C,-0.144517,0.277362,False,30,8292,10.1002/14651858.CD014872.pub2,4,57.48502994011976,False,0,30.339321357285428,Moderate
CD014872_pub2_data__A4,CD014872,65,C,-0.092188,0.488849,False,27,6745,10.1002/14651858.CD014872.pub2,4,57.48502994011976,False,0,30.339321357285428,Moderate
CD010145_pub2_data__A15,CD010145,65,C,-0.162148,0.915377,False,2,88,10.1002/14651858.CD010145.pub2,2,39.12175648702595,False,0,24.361277445109785,Moderate
CD015573_data__A3,CD015573,65,C,0.0,1.0,False,2,142,10.1002/14651858.CD015573,8,76.14770459081836,False,0,31.167664670658684,Moderate
CD015573_data__A1,CD015573,65,C,1.241878,0.481411,False,2,120,10.1002/14651858.CD015573,8,76.14770459081836,False,0,31.167664670658684,Moderate
CD006273_pub4_data__A2,CD006273,65,C,-0.200671,0.920871,False,1,49,10.1002/14651858.CD006273.pub4,4,57.48502994011976,False,0,23.293413173652695,Moderate
CD008309_pub3_data__A4,CD008309,65,C,-0.451111,0.052378,False,20,1300,10.1002/14651858.CD008309.pub3,8,76.14770459081836,True,0,59.87025948103792,Moderate
CD008309_pub3_data__A3,CD008309,65,C,-0.047837,0.813659,False,20,1242,10.1002/14651858.CD008309.pub3,8,76.14770459081836,True,0,59.87025948103792,Moderate
CD015158_pub2_data__A7,CD015158,65,C,-0.066691,0.973832,False,1,29,10.1002/14651858.CD015158.pub2,1,26.34730538922156,False,0,19.9500998003992,Moderate
CD015158_pub2_data__A5,CD015158,65,C,0.0,1.0,False,1,152,10.1002/14651858.CD015158.pub2,1,26.34730538922156,False,0,19.9500998003992,Moderate
CD015158_pub2_data__A4,CD015158,65,C,-0.066691,0.973832,False,1,29,10.1002/14651858.CD015158.pub2,1,26.34730538922156,False,0,19.9500998003992,Moderate
CD015158_pub2_data__A3,CD015158,65,C,-0.037979,0.984897,False,1,157,10.1002/14651858.CD015158.pub2,1,26.34730538922156,False,0,19.9500998003992,Moderate
CD015158_pub2_data__A27,CD015158,65,C,-0.037979,0.984897,False,1,157,10.1002/14651858.CD015158.pub2,1,26.34730538922156,False,0,19.9500998003992,Moderate
CD015158_pub2_data__A26,CD015158,65,C,-0.037979,0.984897,False,1,157,10.1002/14651858.CD015158.pub2,1,26.34730538922156,False,0,19.9500998003992,Moderate
CD015158_pub2_data__A25,CD015158,65,C,-0.037979,0.984897,False,1,157,10.1002/14651858.CD015158.pub2,1,26.34730538922156,False,0,19.9500998003992,Moderate
CD015158_pub2_data__A22,CD015158,65,C,-0.037979,0.984897,False,1,157,10.1002/14651858.CD015158.pub2,1,26.34730538922156,False,0,19.9500998003992,Moderate
CD015158_pub2_data__A21,CD015158,65,C,0.086739,0.961142,False,2,276,10.1002/14651858.CD015158.pub2,1,26.34730538922156,False,0,19.9500998003992,Moderate
CD016058_pub2_data__A8,CD016058,65,C,-2.295495,0.48905,False,2,221,10.1002/14651858.CD016058.pub2,0,9.68063872255489,False,0,8.013972055888225,Moderate
CD016058_pub2_data__A4,CD016058,65,C,0.458389,0.167042,False,6,1073,10.1002/14651858.CD016058.pub2,0,9.68063872255489,False,0,8.013972055888225,Moderate
CD016058_pub2_data__A3,CD016058,65,C,0.441745,0.156917,False,9,1776,10.1002/14651858.CD016058.pub2,0,9.68063872255489,False,0,8.013972055888225,Moderate
CD013377_pub2_data__A1,CD013377,65,C,0.475859,0.590297,False,9,1879,10.1002/14651858.CD013377.pub2,9,79.84031936127745,False,0,33.97205588822356,Moderate
CD007388_pub3_data__A12,CD007388,65,C,-0.647662,0.34948,False,5,730,10.1002/14651858.CD007388.pub3,6,68.76247504990019,False,0,35.28942115768463,Moderate
CD007388_pub3_data__A17,CD007388,65,C,-0.544735,0.677193,False,2,439,10.1002/14651858.CD007388.pub3,6,68.76247504990019,False,0,35.28942115768463,Moderate
CD011624_pub3_data__A36,CD011624,65,C,0.047628,0.981223,False,1,41,10.1002/14651858.CD011624.pub3,8,76.14770459081836,False,0,40.23952095808383,Moderate
CD011624_pub3_data__A35,CD011624,65,C,0.0,1.0,False,1,60,10.1002/14651858.CD011624.pub3,8,76.14770459081836,False,0,40.23952095808383,Moderate
CD011624_pub3_data__A34,CD011624,65,C,-0.088927,0.960192,False,2,1161,10.1002/14651858.CD011624.pub3,8,76.14770459081836,False,0,40.23952095808383,Moderate
CD011624_pub3_data__A32,CD011624,65,C,-0.1765,0.92971,False,1,1101,10.1002/14651858.CD011624.pub3,8,76.14770459081836,False,0,40.23952095808383,Moderate
CD008973_pub3_data__A3,CD008973,65,C,0.036553,0.983677,False,2,177,10.1002/14651858.CD008973.pub3,3,49.101796407185624,False,0,23.78243512974052,Moderate
CD011670_pub3_data__A4,CD011670,65,C,-1.95285,0.330207,False,2,106,10.1002/14651858.CD011670.pub3,4,57.48502994011976,False,0,27.135728542914173,Moderate
CD011624_pub3_data__A31,CD011624,65,C,-0.1765,0.92971,False,1,1101,10.1002/14651858.CD011624.pub3,8,76.14770459081836,False,0,40.23952095808383,Moderate
CD011624_pub3_data__A30,CD011624,65,C,-0.1765,0.92971,False,1,1101,10.1002/14651858.CD011624.pub3,8,76.14770459081836,False,0,40.23952095808383,Moderate
CD011624_pub3_data__A29,CD011624,65,C,-0.1765,0.92971,False,1,1101,10.1002/14651858.CD011624.pub3,8,76.14770459081836,False,0,40.23952095808383,Moderate
CD011624_pub3_data__A28,CD011624,65,C,-0.1765,0.92971,False,1,1101,10.1002/14651858.CD011624.pub3,8,76.14770459081836,False,0,40.23952095808383,Moderate
CD011624_pub3_data__A25,CD011624,65,C,-0.1765,0.92971,False,1,1101,10.1002/14651858.CD011624.pub3,8,76.14770459081836,False,0,40.23952095808383,Moderate
CD011624_pub3_data__A9,CD011624,65,C,-0.035357,0.985913,False,1,395,10.1002/14651858.CD011624.pub3,8,76.14770459081836,False,0,40.23952095808383,Moderate
CD011624_pub3_data__A8,CD011624,65,C,-0.171798,0.931578,False,1,1096,10.1002/14651858.CD011624.pub3,8,76.14770459081836,False,0,40.23952095808383,Moderate
CD011624_pub3_data__A7,CD011624,65,C,-0.171798,0.931578,False,1,1096,10.1002/14651858.CD011624.pub3,8,76.14770459081836,False,0,40.23952095808383,Moderate
CD011624_pub3_data__A6,CD011624,65,C,0.047628,0.981223,False,1,41,10.1002/14651858.CD011624.pub3,8,76.14770459081836,False,0,40.23952095808383,Moderate
CD011624_pub3_data__A17,CD011624,65,C,-0.070204,0.972241,False,1,56,10.1002/14651858.CD011624.pub3,8,76.14770459081836,False,0,40.23952095808383,Moderate
CD006185_pub6_data__A1,CD006185,65,C,0.468111,0.0,True,385,16546,10.1002/14651858.CD006185.pub6,4,57.48502994011976,False,0,27.135728542914173,Moderate
CD013781_pub2_data__A6,CD013781,65,C,-0.222388,0.290839,False,18,2525,10.1002/14651858.CD013781.pub2,1,26.34730538922156,False,0,19.80039920159681,Moderate
CD014845_pub2_data__A12,CD014845,65,C,-0.512591,0.441288,False,10,2134,10.1002/14651858.CD014845.pub2,9,79.84031936127745,False,0,38.39321357285429,Moderate
CD014845_pub2_data__A11,CD014845,65,C,-0.512591,0.441288,False,10,2134,10.1002/14651858.CD014845.pub2,9,79.84031936127745,False,0,38.39321357285429,Moderate
CD015213_pub2_data__A12,CD015213,65,C,-0.074409,0.900419,False,12,1209,10.1002/14651858.CD015213.pub2,6,68.76247504990019,False,0,34.55089820359281,Moderate
CD015158_pub2_data__A9,CD015158,65,C,-0.037979,0.984897,False,1,157,10.1002/14651858.CD015158.pub2,1,26.34730538922156,False,0,19.9500998003992,Moderate
CD015158_pub2_data__A8,CD015158,65,C,-0.066691,0.973832,False,1,29,10.1002/14651858.CD015158.pub2,1,26.34730538922156,False,0,19.9500998003992,Moderate
CD014845_pub2_data__A6,CD014845,65,C,-0.367201,0.439422,False,19,9850,10.1002/14651858.CD014845.pub2,9,79.84031936127745,False,0,38.39321357285429,Moderate
CD014845_pub2_data__A5,CD014845,65,C,-0.367201,0.439422,False,19,9850,10.1002/14651858.CD014845.pub2,9,79.84031936127745,False,0,38.39321357285429,Moderate
CD014845_pub2_data__A4,CD014845,65,C,-0.367201,0.439422,False,19,9850,10.1002/14651858.CD014845.pub2,9,79.84031936127745,False,0,38.39321357285429,Moderate
CD014845_pub2_data__A3,CD014845,65,C,-0.32918,0.475741,False,20,10057,10.1002/14651858.CD014845.pub2,9,79.84031936127745,False,0,38.39321357285429,Moderate
CD014845_pub2_data__A2,CD014845,65,C,-0.347018,0.452501,False,20,10055,10.1002/14651858.CD014845.pub2,9,79.84031936127745,False,0,38.39321357285429,Moderate
CD012152_pub4_data__A11,CD012152,65,C,0.131021,0.533713,False,2,1194,10.1002/14651858.CD012152.pub4,11,84.83033932135729,False,0,43.53293413173653,Moderate
CD012152_pub4_data__A10,CD012152,65,C,-0.333553,0.170515,False,1,308,10.1002/14651858.CD012152.pub4,11,84.83033932135729,False,0,43.53293413173653,Moderate
CD003414_pub4_data__A7,CD003414,65,C,0.016639,0.972345,False,18,4038,10.1002/14651858.CD003414.pub4,5,63.57285429141717,False,0,28.88223552894212,Moderate
CD003477_pub5_data__A5,CD003477,65,C,0.412406,0.293666,False,28,1119,10.1002/14651858.CD003477.pub5,8,76.14770459081836,False,0,33.91217564870259,Moderate
CD003477_pub5_data__A4,CD003477,65,C,0.136608,0.750357,False,23,1001,10.1002/14651858.CD003477.pub5,8,76.14770459081836,False,0,33.91217564870259,Moderate
CD003477_pub5_data__A1,CD003477,65,C,0.291665,0.424763,False,32,1171,10.1002/14651858.CD003477.pub5,8,76.14770459081836,False,0,33.91217564870259,Moderate
CD003451_pub3_data__A5,CD003451,65,C,1.206243,0.020144,False,1,65,10.1002/14651858.CD003451.pub3,9,79.84031936127745,False,0,33.97205588822356,Moderate
CD006140_pub3_data__A3,CD006140,65,C,1.266725,0.001351,True,7,2071,10.1002/14651858.CD006140.pub3,0,9.68063872255489,False,0,12.355289421157686,Moderate
CD015594_pub2_data__A3,CD015594,65,C,-0.918708,0.387378,False,2,112,10.1002/14651858.CD015594.pub2,6,68.76247504990019,False,0,28.213572854291414,Moderate
CD015594_pub2_data__A2,CD015594,65,C,1.198696,0.466252,False,1,100,10.1002/14651858.CD015594.pub2,6,68.76247504990019,False,0,28.213572854291414,Moderate
CD015594_pub2_data__A1,CD015594,65,C,0.07552,0.966332,False,2,112,10.1002/14651858.CD015594.pub2,6,68.76247504990019,False,0,28.213572854291414,Moderate
CD015592_pub3_data__A5,CD015592,65,C,0.01809,0.991933,False,2,197,10.1002/14651858.CD015592.pub3,1,26.34730538922156,False,0,12.574850299401199,Moderate
CD015592_pub3_data__A4,CD015592,65,C,0.808855,0.165077,False,2,1249,10.1002/14651858.CD015592.pub3,1,26.34730538922156,False,0,12.574850299401199,Moderate
CD015592_pub3_data__A3,CD015592,65,C,0.0,1.0,False,1,20,10.1002/14651858.CD015592.pub3,1,26.34730538922156,False,0,12.574850299401199,Moderate
CD014845_pub2_data__A10,CD014845,65,C,-0.512591,0.441288,False,10,2134,10.1002/14651858.CD014845.pub2,9,79.84031936127745,False,0,38.39321357285429,Moderate
CD014845_pub2_data__A1,CD014845,65,C,-0.331197,0.461672,False,21,15606,10.1002/14651858.CD014845.pub2,9,79.84031936127745,False,0,38.39321357285429,Moderate
CD012152_pub4_data__A27,CD012152,65,C,0.131021,0.533713,False,2,1194,10.1002/14651858.CD012152.pub4,11,84.83033932135729,False,0,43.53293413173653,Moderate
CD012152_pub4_data__A25,CD012152,65,C,0.643643,0.074554,False,1,1187,10.1002/14651858.CD012152.pub4,11,84.83033932135729,False,0,43.53293413173653,Moderate
CD012152_pub4_data__A24,CD012152,65,C,0.092306,0.575195,False,1,1187,10.1002/14651858.CD012152.pub4,11,84.83033932135729,False,0,43.53293413173653,Moderate
CD014845_pub2_data__A9,CD014845,65,C,-0.512591,0.441288,False,10,2134,10.1002/14651858.CD014845.pub2,9,79.84031936127745,False,0,38.39321357285429,Moderate
CD014845_pub2_data__A8,CD014845,65,C,-0.512591,0.441288,False,10,2134,10.1002/14651858.CD014845.pub2,9,79.84031936127745,False,0,38.39321357285429,Moderate
CD014845_pub2_data__A7,CD014845,65,C,-0.431348,0.404945,False,16,9812,10.1002/14651858.CD014845.pub2,9,79.84031936127745,False,0,38.39321357285429,Moderate
CD014802_pub2_data__A9,CD014802,65,C,1.664412,0.23485,False,2,601,10.1002/14651858.CD014802.pub2,0,9.68063872255489,False,0,10.658682634730539,Moderate
CD014802_pub2_data__A7,CD014802,65,C,-0.522189,0.796273,False,1,46,10.1002/14651858.CD014802.pub2,0,9.68063872255489,False,0,10.658682634730539,Moderate
CD014802_pub2_data__A6,CD014802,65,C,-0.46662,0.817481,False,1,47,10.1002/14651858.CD014802.pub2,0,9.68063872255489,False,0,10.658682634730539,Moderate
CD012152_pub4_data__A22,CD012152,65,C,-0.728569,0.612621,False,2,1543,10.1002/14651858.CD012152.pub4,11,84.83033932135729,False,0,43.53293413173653,Moderate
CD012152_pub4_data__A21,CD012152,65,C,-1.127422,0.45597,False,2,1551,10.1002/14651858.CD012152.pub4,11,84.83033932135729,False,0,43.53293413173653,Moderate
CD012152_pub4_data__A20,CD012152,65,C,-1.303726,0.480448,False,2,1551,10.1002/14651858.CD012152.pub4,11,84.83033932135729,False,0,43.53293413173653,Moderate
CD012152_pub4_data__A18,CD012152,65,C,-0.355441,0.843363,False,2,2537,10.1002/14651858.CD012152.pub4,11,84.83033932135729,False,0,43.53293413173653,Moderate
CD012152_pub4_data__A17,CD012152,65,C,-0.350689,0.812501,False,2,2548,10.1002/14651858.CD012152.pub4,11,84.83033932135729,False,0,43.53293413173653,Moderate
CD012152_pub4_data__A16,CD012152,65,C,-0.456988,0.81976,False,1,186,10.1002/14651858.CD012152.pub4,11,84.83033932135729,False,0,43.53293413173653,Moderate
CD012152_pub4_data__A15,CD012152,65,C,-0.350371,0.845508,False,2,2548,10.1002/14651858.CD012152.pub4,11,84.83033932135729,False,0,43.53293413173653,Moderate
CD012152_pub4_data__A8,CD012152,65,C,0.196943,0.682074,False,2,2510,10.1002/14651858.CD012152.pub4,11,84.83033932135729,False,0,43.53293413173653,Moderate
CD012152_pub4_data__A7,CD012152,65,C,-0.071426,0.857653,False,2,2548,10.1002/14651858.CD012152.pub4,11,84.83033932135729,False,0,43.53293413173653,Moderate
CD015213_pub2_data__A5,CD015213,65,C,-0.800383,6.8e-05,True,30,3411,10.1002/14651858.CD015213.pub2,6,68.76247504990019,False,0,34.55089820359281,Moderate
CD012152_pub4_data__A35,CD012152,65,C,-0.551367,0.481629,False,2,228,10.1002/14651858.CD012152.pub4,11,84.83033932135729,False,0,43.53293413173653,Moderate
CD012152_pub4_data__A34,CD012152,65,C,-0.584523,0.378356,False,2,228,10.1002/14651858.CD012152.pub4,11,84.83033932135729,False,0,43.53293413173653,Moderate
CD012152_pub4_data__A33,CD012152,65,C,-0.561937,0.15326,False,1,228,10.1002/14651858.CD012152.pub4,11,84.83033932135729,False,0,43.53293413173653,Moderate
CD012152_pub4_data__A32,CD012152,65,C,-0.542944,0.405412,False,2,308,10.1002/14651858.CD012152.pub4,11,84.83033932135729,False,0,43.53293413173653,Moderate
CD012152_pub4_data__A31,CD012152,65,C,0.02259,0.960784,False,2,1187,10.1002/14651858.CD012152.pub4,11,84.83033932135729,False,0,43.53293413173653,Moderate
CD012152_pub4_data__A3,CD012152,65,C,-0.446049,0.102852,False,1,308,10.1002/14651858.CD012152.pub4,11,84.83033932135729,False,0,43.53293413173653,Moderate
CD012152_pub4_data__A29,CD012152,65,C,-0.494075,0.165876,False,1,308,10.1002/14651858.CD012152.pub4,11,84.83033932135729,False,0,43.53293413173653,Moderate
CD012265_pub2_data__A2,CD012265,65,C,0.032261,0.987233,False,1,61,10.1002/14651858.CD012265.pub2,5,63.57285429141717,False,0,26.76646706586827,Moderate
CD012265_pub2_data__A1,CD012265,65,C,-0.444686,0.527408,False,1,61,10.1002/14651858.CD012265.pub2,5,63.57285429141717,False,0,26.76646706586827,Moderate
CD001552_pub3_data__A6,CD001552,65,C,-0.691477,0.367116,False,8,756,10.1002/14651858.CD001552.pub3,6,68.76247504990019,False,0,33.46307385229541,Moderate
CD012335_pub2_data__A10,CD012335,65,C,-1.873998,0.0,False,1,682,10.1002/14651858.CD012335.pub2,0,9.68063872255489,False,0,10.658682634730539,Moderate
CD012335_pub2_data__A1,CD012335,65,C,0.114672,0.855581,False,2,740,10.1002/14651858.CD012335.pub2,0,9.68063872255489,False,0,10.658682634730539,Moderate
CD012265_pub2_data__A4,CD012265,65,C,0.05001,0.980296,False,1,39,10.1002/14651858.CD012265.pub2,5,63.57285429141717,False,0,26.76646706586827,Moderate
CD012265_pub2_data__A3,CD012265,65,C,0.032261,0.987233,False,1,61,10.1002/14651858.CD012265.pub2,5,63.57285429141717,False,0,26.76646706586827,Moderate
CD003833_pub5_data__A1,CD003833,65,C,-0.018423,0.983094,False,6,311,10.1002/14651858.CD003833.pub5,0,9.68063872255489,False,0,6.57684630738523,Moderate
CD013801_pub2_data__A13,CD013801,65,C,0.047068,0.981334,False,1,84,10.1002/14651858.CD013801.pub2,0,9.68063872255489,False,0,12.86427145708583,Moderate
CD013801_pub2_data__A12,CD013801,65,C,-1.0,0.363709,False,1,47,10.1002/14651858.CD013801.pub2,0,9.68063872255489,False,0,12.86427145708583,Moderate
CD013801_pub2_data__A11,CD013801,65,C,2.151924,0.385251,False,2,64,10.1002/14651858.CD013801.pub2,0,9.68063872255489,False,0,12.86427145708583,Moderate
CD011624_pub3_data__A20,CD011624,65,C,-0.171798,0.931578,False,1,1096,10.1002/14651858.CD011624.pub3,8,76.14770459081836,False,0,40.23952095808383,Moderate
CD011624_pub3_data__A2,CD011624,65,C,-0.103007,0.953752,False,2,1499,10.1002/14651858.CD011624.pub3,8,76.14770459081836,False,0,40.23952095808383,Moderate
CD011624_pub3_data__A19,CD011624,65,C,-1.779331,0.0,False,1,395,10.1002/14651858.CD011624.pub3,8,76.14770459081836,False,0,40.23952095808383,Moderate
CD011624_pub3_data__A18,CD011624,65,C,-0.177798,0.929195,False,1,1093,10.1002/14651858.CD011624.pub3,8,76.14770459081836,False,0,40.23952095808383,Moderate
CD004667_pub6_data__A22,CD004667,65,C,-0.051639,0.726756,False,13,12806,10.1002/14651858.CD004667.pub6,64,99.8003992015968,False,0,48.21357285429142,Moderate
CD015123_pub2_data__A9,CD015123,65,C,0.2574,0.39926,False,2,2110,10.1002/14651858.CD015123.pub2,0,9.68063872255489,False,0,9.121756487025948,Moderate
CD011624_pub3_data__A15,CD011624,65,C,-0.070204,0.972241,False,1,56,10.1002/14651858.CD011624.pub3,8,76.14770459081836,False,0,40.23952095808383,Moderate
CD011624_pub3_data__A14,CD011624,65,C,-0.070204,0.972241,False,1,56,10.1002/14651858.CD011624.pub3,8,76.14770459081836,False,0,40.23952095808383,Moderate
CD011624_pub3_data__A13,CD011624,65,C,-0.070204,0.972241,False,1,56,10.1002/14651858.CD011624.pub3,8,76.14770459081836,False,0,40.23952095808383,Moderate
CD011624_pub3_data__A11,CD011624,65,C,-0.070204,0.972241,False,1,56,10.1002/14651858.CD011624.pub3,8,76.14770459081836,False,0,40.23952095808383,Moderate
CD011624_pub3_data__A10,CD011624,65,C,-0.035357,0.985913,False,1,395,10.1002/14651858.CD011624.pub3,8,76.14770459081836,False,0,40.23952095808383,Moderate
CD011624_pub3_data__A39,CD011624,65,C,0.047628,0.981223,False,1,41,10.1002/14651858.CD011624.pub3,8,76.14770459081836,False,0,40.23952095808383,Moderate
CD011624_pub3_data__A38,CD011624,65,C,0.047628,0.981223,False,1,41,10.1002/14651858.CD011624.pub3,8,76.14770459081836,False,0,40.23952095808383,Moderate
CD011624_pub3_data__A37,CD011624,65,C,0.047628,0.981223,False,1,41,10.1002/14651858.CD011624.pub3,8,76.14770459081836,False,0,40.23952095808383,Moderate
CD013801_pub2_data__A10,CD013801,65,C,-1.59,0.42174,False,1,62,10.1002/14651858.CD013801.pub2,0,9.68063872255489,False,0,12.86427145708583,Moderate
CD013344_pub2_data__A3,CD013344,65,C,-0.187287,0.476069,False,11,1344,10.1002/14651858.CD013344.pub2,8,76.14770459081836,False,0,37.80439121756487,Moderate
CD016002_data__A12,CD016002,65,C,0.119218,0.205989,False,2,500,10.1002/14651858.CD016002,1,26.34730538922156,False,0,19.640718562874255,Moderate
CD016001_data__A7,CD016001,65,C,2.5,1e-06,False,1,30,10.1002/14651858.CD016001,0,9.68063872255489,False,0,12.584830339321359,Moderate
CD016001_data__A6,CD016001,65,C,-8.2,0.099498,False,1,22,10.1002/14651858.CD016001,0,9.68063872255489,False,0,12.584830339321359,Moderate
CD016001_data__A5,CD016001,65,C,-5.0,0.739093,False,1,22,10.1002/14651858.CD016001,0,9.68063872255489,False,0,12.584830339321359,Moderate
CD016001_data__A4,CD016001,65,C,-0.023122,0.956206,False,1,92,10.1002/14651858.CD016001,0,9.68063872255489,False,0,12.584830339321359,Moderate
CD016001_data__A3,CD016001,65,C,0.0,1.0,False,1,10,10.1002/14651858.CD016001,0,9.68063872255489,False,0,12.584830339321359,Moderate
CD016001_data__A25,CD016001,65,C,9.168784,0.205035,False,2,51,10.1002/14651858.CD016001,0,9.68063872255489,False,0,12.584830339321359,Moderate
CD014802_pub2_data__A3,CD014802,65,C,-1.193044,0.033709,False,1,77,10.1002/14651858.CD014802.pub2,0,9.68063872255489,False,0,10.658682634730539,Moderate
CD014802_pub2_data__A2,CD014802,65,C,0.648027,0.217179,False,1,65,10.1002/14651858.CD014802.pub2,0,9.68063872255489,False,0,10.658682634730539,Moderate
CD014802_pub2_data__A13,CD014802,65,C,-0.345957,0.356357,False,1,518,10.1002/14651858.CD014802.pub2,0,9.68063872255489,False,0,10.658682634730539,Moderate
CD012335_pub2_data__A9,CD012335,65,C,-0.011804,0.96246,False,1,682,10.1002/14651858.CD012335.pub2,0,9.68063872255489,False,0,10.658682634730539,Moderate
CD012335_pub2_data__A7,CD012335,65,C,1.094047,0.381913,False,2,740,10.1002/14651858.CD012335.pub2,0,9.68063872255489,False,0,10.658682634730539,Moderate
CD012335_pub2_data__A6,CD012335,65,C,0.168008,0.762189,False,2,740,10.1002/14651858.CD012335.pub2,0,9.68063872255489,False,0,10.658682634730539,Moderate
CD012335_pub2_data__A5,CD012335,65,C,0.463047,0.455978,False,2,740,10.1002/14651858.CD012335.pub2,0,9.68063872255489,False,0,10.658682634730539,Moderate
CD012335_pub2_data__A3,CD012335,65,C,1.318035,0.390982,False,2,740,10.1002/14651858.CD012335.pub2,0,9.68063872255489,False,0,10.658682634730539,Moderate
CD012335_pub2_data__A2,CD012335,65,C,0.230913,0.719037,False,2,0,10.1002/14651858.CD012335.pub2,0,9.68063872255489,False,0,10.658682634730539,Moderate
CD012335_pub2_data__A12,CD012335,65,C,-0.028898,0.945294,False,2,722,10.1002/14651858.CD012335.pub2,0,9.68063872255489,False,0,10.658682634730539,Moderate
CD014965_pub2_data__A20,CD014965,65,C,0.31261,0.70251,False,4,368,10.1002/14651858.CD014965.pub2,4,57.48502994011976,False,0,32.25548902195609,Moderate
CD013707_pub2_data__A9,CD013707,65,C,1.184667,0.333797,False,2,90,10.1002/14651858.CD013707.pub2,1,26.34730538922156,False,0,16.497005988023954,Moderate
CD013707_pub2_data__A11,CD013707,65,C,0.162994,0.897096,False,2,106,10.1002/14651858.CD013707.pub2,1,26.34730538922156,False,0,16.497005988023954,Moderate
CD008940_pub4_data__A4,CD008940,65,C,0.17635,0.373409,False,33,2906,10.1002/14651858.CD008940.pub4,0,9.68063872255489,False,0,6.57684630738523,Moderate
CD008940_pub4_data__A3,CD008940,65,C,-0.081616,0.646746,False,33,2990,10.1002/14651858.CD008940.pub4,0,9.68063872255489,False,0,6.57684630738523,Moderate
CD011624_pub3_data__A22,CD011624,65,C,-0.103007,0.953752,False,2,1499,10.1002/14651858.CD011624.pub3,8,76.14770459081836,False,0,40.23952095808383,Moderate
CD011624_pub3_data__A21,CD011624,65,C,-1.363928,0.461245,False,2,1499,10.1002/14651858.CD011624.pub3,8,76.14770459081836,False,0,40.23952095808383,Moderate
CD012335_pub2_data__A11,CD012335,65,C,0.11217,0.713613,False,1,682,10.1002/14651858.CD012335.pub2,0,9.68063872255489,False,0,10.658682634730539,Moderate
CD013801_pub2_data__A5,CD013801,65,C,6.0,0.231669,False,1,62,10.1002/14651858.CD013801.pub2,0,9.68063872255489,False,0,12.86427145708583,Moderate
CD013801_pub2_data__A4,CD013801,65,C,3.6,0.076823,False,1,15,10.1002/14651858.CD013801.pub2,0,9.68063872255489,False,0,12.86427145708583,Moderate
CD013303_pub2_data__A25,CD013303,65,C,0.0,1.0,False,1,242,10.1002/14651858.CD013303.pub2,20,96.50698602794411,False,0,47.70459081836328,Moderate
CD013303_pub2_data__A24,CD013303,65,C,-0.031853,0.985725,False,2,285,10.1002/14651858.CD013303.pub2,20,96.50698602794411,False,0,47.70459081836328,Moderate
CD013331_pub2_data__A6,CD013331,65,C,-0.391904,0.737394,False,2,54,10.1002/14651858.CD013331.pub2,6,68.76247504990019,False,0,30.209580838323348,Moderate
CD013303_pub2_data__A19,CD013303,65,C,2.526178,0.0,False,1,336,10.1002/14651858.CD013303.pub2,20,96.50698602794411,False,0,47.70459081836328,Moderate
CD013303_pub2_data__A18,CD013303,65,C,0.0,1.0,False,1,140,10.1002/14651858.CD013303.pub2,20,96.50698602794411,False,0,47.70459081836328,Moderate
CD010333_pub4_data__A7,CD010333,65,C,0.160343,0.937347,False,1,24,10.1002/14651858.CD010333.pub4,10,82.83433133732535,False,0,37.275449101796404,Moderate
CD010333_pub4_data__A6,CD010333,65,C,0.0,1.0,False,1,14,10.1002/14651858.CD010333.pub4,10,82.83433133732535,False,0,37.275449101796404,Moderate
CD010333_pub4_data__A5,CD010333,65,C,0.0,1.0,False,1,14,10.1002/14651858.CD010333.pub4,10,82.83433133732535,False,0,37.275449101796404,Moderate
CD010333_pub4_data__A4,CD010333,65,C,1.014352,0.206239,False,1,34,10.1002/14651858.CD010333.pub4,10,82.83433133732535,False,0,37.275449101796404,Moderate
CD010333_pub4_data__A3,CD010333,65,C,2.014903,0.097421,False,1,21,10.1002/14651858.CD010333.pub4,10,82.83433133732535,False,0,37.275449101796404,Moderate
CD010333_pub4_data__A2,CD010333,65,C,0.0,1.0,False,1,12,10.1002/14651858.CD010333.pub4,10,82.83433133732535,False,0,37.275449101796404,Moderate
CD014802_pub2_data__A5,CD014802,65,C,-0.447312,0.824826,False,1,49,10.1002/14651858.CD014802.pub2,0,9.68063872255489,False,0,10.658682634730539,Moderate
CD013303_pub2_data__A17,CD013303,65,C,-0.025001,0.990088,False,1,79,10.1002/14651858.CD013303.pub2,20,96.50698602794411,False,0,47.70459081836328,Moderate
CD013801_pub2_data__A29,CD013801,65,C,0.35336,0.652811,False,2,122,10.1002/14651858.CD013801.pub2,0,9.68063872255489,False,0,12.86427145708583,Moderate
CD013801_pub2_data__A25,CD013801,65,C,-1.77259,0.25713,False,1,87,10.1002/14651858.CD013801.pub2,0,9.68063872255489,False,0,12.86427145708583,Moderate
CD014802_pub2_data__A11,CD014802,65,C,-0.325422,0.487246,False,1,77,10.1002/14651858.CD014802.pub2,0,9.68063872255489,False,0,10.658682634730539,Moderate
CD014802_pub2_data__A10,CD014802,65,C,-0.373532,0.388332,False,2,601,10.1002/14651858.CD014802.pub2,0,9.68063872255489,False,0,10.658682634730539,Moderate
CD014785_pub2_data__A4,CD014785,65,C,0.026317,0.989524,False,1,227,10.1002/14651858.CD014785.pub2,24,97.50499001996008,False,0,40.33932135728543,Moderate
CD014785_pub2_data__A3,CD014785,65,C,-0.738681,0.371612,False,2,674,10.1002/14651858.CD014785.pub2,24,97.50499001996008,False,0,40.33932135728543,Moderate
CD014785_pub2_data__A2,CD014785,65,C,0.360042,0.7407,False,2,674,10.1002/14651858.CD014785.pub2,24,97.50499001996008,False,0,40.33932135728543,Moderate
CD014769_pub2_data__A8,CD014769,65,C,-0.200251,0.177909,False,11,25057,10.1002/14651858.CD014769.pub2,4,57.48502994011976,True,0,52.40518962075848,Moderate
CD013801_pub2_data__A23,CD013801,65,C,0.37949,0.854106,False,1,15,10.1002/14651858.CD013801.pub2,0,9.68063872255489,False,0,12.86427145708583,Moderate
CD013801_pub2_data__A22,CD013801,65,C,2.74084,0.011711,False,1,62,10.1002/14651858.CD013801.pub2,0,9.68063872255489,False,0,12.86427145708583,Moderate
CD013801_pub2_data__A20,CD013801,65,C,1.006593,0.541098,False,1,87,10.1002/14651858.CD013801.pub2,0,9.68063872255489,False,0,12.86427145708583,Moderate
CD013801_pub2_data__A19,CD013801,65,C,-1.77259,0.25713,False,1,87,10.1002/14651858.CD013801.pub2,0,9.68063872255489,False,0,12.86427145708583,Moderate
CD013801_pub2_data__A18,CD013801,65,C,-0.640779,0.700335,False,1,40,10.1002/14651858.CD013801.pub2,0,9.68063872255489,False,0,12.86427145708583,Moderate
CD013801_pub2_data__A17,CD013801,65,C,-1.671839,0.370509,False,2,127,10.1002/14651858.CD013801.pub2,0,9.68063872255489,False,0,12.86427145708583,Moderate
CD013801_pub2_data__A14,CD013801,65,C,0.616682,0.526144,False,2,122,10.1002/14651858.CD013801.pub2,0,9.68063872255489,False,0,12.86427145708583,Moderate
CD015711_pub2_data__A6,CD015711,65,C,4.298783,0.003014,False,1,100,10.1002/14651858.CD015711.pub2,3,49.101796407185624,False,0,22.345309381237527,Moderate
CD013303_pub2_data__A22,CD013303,65,C,1.522427,0.103472,False,1,23,10.1002/14651858.CD013303.pub2,20,96.50698602794411,False,0,47.70459081836328,Moderate
CD013303_pub2_data__A21,CD013303,65,C,0.0,1.0,False,1,242,10.1002/14651858.CD013303.pub2,20,96.50698602794411,False,0,47.70459081836328,Moderate
CD013303_pub2_data__A20,CD013303,65,C,0.0,1.0,False,1,242,10.1002/14651858.CD013303.pub2,20,96.50698602794411,False,0,47.70459081836328,Moderate
CD010333_pub4_data__A1,CD010333,65,C,1.265666,0.465116,False,1,12,10.1002/14651858.CD010333.pub4,10,82.83433133732535,False,0,37.275449101796404,Moderate
CD016168_data__A21,CD016168,65,C,-0.429679,0.452664,False,1,55,10.1002/14651858.CD016168,0,9.68063872255489,False,0,12.355289421157686,Moderate
CD016168_data__A20,CD016168,65,C,-0.718045,0.55985,False,1,244,10.1002/14651858.CD016168,0,9.68063872255489,False,0,12.355289421157686,Moderate
CD013810_pub2_data__A16,CD013810,65,C,0.122577,0.945132,False,2,360,10.1002/14651858.CD013810.pub2,0,9.68063872255489,False,0,11.497005988023954,Moderate
CD013810_pub2_data__A15,CD013810,65,C,-0.027844,0.988905,False,1,430,10.1002/14651858.CD013810.pub2,0,9.68063872255489,False,0,11.497005988023954,Moderate
CD013810_pub2_data__A14,CD013810,65,C,-0.027844,0.988905,False,1,430,10.1002/14651858.CD013810.pub2,0,9.68063872255489,False,0,11.497005988023954,Moderate
CD013810_pub2_data__A13,CD013810,65,C,-0.027844,0.988905,False,1,430,10.1002/14651858.CD013810.pub2,0,9.68063872255489,False,0,11.497005988023954,Moderate
CD013810_pub2_data__A11,CD013810,65,C,-0.056697,0.974527,False,2,733,10.1002/14651858.CD013810.pub2,0,9.68063872255489,False,0,11.497005988023954,Moderate
CD013810_pub2_data__A10,CD013810,65,C,-0.056697,0.974527,False,2,733,10.1002/14651858.CD013810.pub2,0,9.68063872255489,False,0,11.497005988023954,Moderate
CD013801_pub2_data__A8,CD013801,65,C,2.2,0.147466,False,1,15,10.1002/14651858.CD013801.pub2,0,9.68063872255489,False,0,12.86427145708583,Moderate
CD013801_pub2_data__A7,CD013801,65,C,-5.5,0.01219,False,1,62,10.1002/14651858.CD013801.pub2,0,9.68063872255489,False,0,12.86427145708583,Moderate
CD014769_pub2_data__A17,CD014769,65,C,0.093603,0.523114,False,10,75551,10.1002/14651858.CD014769.pub2,4,57.48502994011976,True,0,52.40518962075848,Moderate
CD016168_data__A5,CD016168,65,C,1.123424,0.137453,False,2,910,10.1002/14651858.CD016168,0,9.68063872255489,False,0,12.355289421157686,Moderate
CD016001_data__A22,CD016001,65,C,-2.7,0.526289,False,1,22,10.1002/14651858.CD016001,0,9.68063872255489,False,0,12.584830339321359,Moderate
CD001072_pub2_data__A1,CD001072,65,C,1.84055,0.020656,False,1,32,10.1002/14651858.CD001072.pub2,0,9.68063872255489,False,0,4.580838323353293,Moderate
CD010583_pub6_data__A5,CD010583,65,C,0.081012,0.658094,False,10,2156,10.1002/14651858.CD010583.pub6,2,39.12175648702595,False,0,19.79041916167665,Moderate
CD015526_pub2_data__A3,CD015526,65,C,-0.010591,0.995358,False,2,37,10.1002/14651858.CD015526.pub2,1,26.34730538922156,False,0,11.876247504990022,Moderate
CD015526_pub2_data__A2,CD015526,65,C,-0.645831,0.70782,False,2,37,10.1002/14651858.CD015526.pub2,1,26.34730538922156,False,0,11.876247504990022,Moderate
CD015462_pub2_data__A14,CD015462,65,C,0.0,1.0,False,1,156,10.1002/14651858.CD015462.pub2,6,68.76247504990019,True,0,55.439121756487026,Moderate
CD015462_pub2_data__A13,CD015462,65,C,-0.040025,0.982131,False,2,165,10.1002/14651858.CD015462.pub2,6,68.76247504990019,True,0,55.439121756487026,Moderate
CD015462_pub2_data__A12,CD015462,65,C,0.0,1.0,False,1,40,10.1002/14651858.CD015462.pub2,6,68.76247504990019,True,0,55.439121756487026,Moderate
CD015462_pub2_data__A11,CD015462,65,C,0.207501,0.519828,False,1,156,10.1002/14651858.CD015462.pub2,6,68.76247504990019,True,0,55.439121756487026,Moderate
CD013595_pub2_data__A4,CD013595,65,C,-0.077281,0.511887,False,5,2695,10.1002/14651858.CD013595.pub2,6,68.76247504990019,False,0,32.75449101796407,Moderate
CD015462_pub2_data__A1,CD015462,65,C,0.133898,0.732198,False,2,396,10.1002/14651858.CD015462.pub2,6,68.76247504990019,True,0,55.439121756487026,Moderate
CD015123_pub2_data__A8,CD015123,65,C,-2.351663,0.048236,True,2,2113,10.1002/14651858.CD015123.pub2,0,9.68063872255489,False,0,9.121756487025948,Moderate
CD011624_pub3_data__A1,CD011624,65,C,-0.103632,0.953472,False,2,1491,10.1002/14651858.CD011624.pub3,8,76.14770459081836,False,0,40.23952095808383,Moderate
CD008995_pub3_data__A1,CD008995,65,C,-0.741937,0.346306,False,1,27,10.1002/14651858.CD008995.pub3,4,57.48502994011976,False,0,24.331337325349303,Moderate
CD016001_data__A20,CD016001,65,C,2.4,0.208479,False,1,92,10.1002/14651858.CD016001,0,9.68063872255489,False,0,12.584830339321359,Moderate
CD016001_data__A2,CD016001,65,C,6.76,0.148994,False,1,26,10.1002/14651858.CD016001,0,9.68063872255489,False,0,12.584830339321359,Moderate
CD016001_data__A19,CD016001,65,C,0.2,0.920123,False,1,92,10.1002/14651858.CD016001,0,9.68063872255489,False,0,12.584830339321359,Moderate
CD016001_data__A18,CD016001,65,C,0.4,0.97665,False,1,9,10.1002/14651858.CD016001,0,9.68063872255489,False,0,12.584830339321359,Moderate
CD016001_data__A11,CD016001,65,C,2.559401,0.228417,False,2,48,10.1002/14651858.CD016001,0,9.68063872255489,False,0,12.584830339321359,Moderate
CD015517_data__A10,CD015517,65,C,-0.12419,0.950678,False,1,128,10.1002/14651858.CD015517,1,26.34730538922156,False,0,15.788423153692616,Moderate
CD014758_pub3_data__A4,CD014758,65,C,-0.019504,0.962436,False,24,5203,10.1002/14651858.CD014758.pub3,11,84.83033932135729,False,0,39.18163672654691,Moderate
CD014758_pub3_data__A3,CD014758,65,C,-0.047656,0.908396,False,24,5204,10.1002/14651858.CD014758.pub3,11,84.83033932135729,False,0,39.18163672654691,Moderate
CD008176_pub3_data__A25,CD008176,65,C,0.498299,0.0,True,23,6965,10.1002/14651858.CD008176.pub3,13,88.32335329341318,False,0,44.740518962075846,Moderate
CD009752_pub3_data__A13,CD009752,65,C,0.200238,0.812302,False,2,141,10.1002/14651858.CD009752.pub3,1,26.34730538922156,True,0,39.42115768463074,Moderate
CD012570_pub2_data__A1,CD012570,65,C,-1.076178,0.352871,False,3,1932,10.1002/14651858.CD012570.pub2,2,39.12175648702595,False,0,19.10179640718563,Moderate
CD010333_pub4_data__A8,CD010333,65,C,0.160343,0.937347,False,1,24,10.1002/14651858.CD010333.pub4,10,82.83433133732535,False,0,37.275449101796404,Moderate
CD013810_pub2_data__A9,CD013810,65,C,-0.056697,0.974527,False,2,733,10.1002/14651858.CD013810.pub2,0,9.68063872255489,False,0,11.497005988023954,Moderate
CD013810_pub2_data__A8,CD013810,65,C,-0.056697,0.974527,False,2,733,10.1002/14651858.CD013810.pub2,0,9.68063872255489,False,0,11.497005988023954,Moderate
CD013295_pub2_data__A4,CD013295,65,C,-0.034153,0.831044,False,120,11414,10.1002/14651858.CD013295.pub2,17,94.61077844311377,False,0,43.0938123752495,Moderate
CD013294_pub2_data__A9,CD013294,65,C,0.0,1.0,False,2,42,10.1002/14651858.CD013294.pub2,10,82.83433133732535,True,0,59.92015968063872,Moderate
CD010163_pub3_data__A2,CD010163,65,C,-1.773067,0.260418,False,1,50,10.1002/14651858.CD010163.pub3,3,49.101796407185624,False,0,20.34930139720559,Moderate
CD004406_pub6_data__A1,CD004406,65,C,-0.136137,0.11272,False,17,5615,10.1002/14651858.CD004406.pub6,2,39.12175648702595,False,0,20.289421157684632,Moderate
CD014755_pub2_data__A3,CD014755,65,C,0.0,1.0,False,1,86,10.1002/14651858.CD014755.pub2,1,26.34730538922156,False,0,15.179640718562876,Moderate
CD011468_pub2_data__A4,CD011468,65,C,-0.405465,0.777775,False,1,67,10.1002/14651858.CD011468.pub2,3,49.101796407185624,False,0,20.97804391217565,Moderate
CD011468_pub2_data__A3,CD011468,65,C,-0.012529,0.994403,False,2,133,10.1002/14651858.CD011468.pub2,3,49.101796407185624,False,0,20.97804391217565,Moderate
CD008995_pub3_data__A3,CD008995,65,C,-0.528604,0.02917,False,1,284,10.1002/14651858.CD008995.pub3,4,57.48502994011976,False,0,24.331337325349303,Moderate
CD009235_pub4_data__A10,CD009235,65,C,0.108205,0.703393,False,12,1289,10.1002/14651858.CD009235.pub4,1,26.34730538922156,False,0,19.25149700598803,Moderate
CD014965_pub2_data__A18,CD014965,65,C,1.405417,0.032173,True,5,415,10.1002/14651858.CD014965.pub2,4,57.48502994011976,False,0,32.25548902195609,Moderate
CD015046_pub2_data__A5,CD015046,65,C,0.76214,0.22447,False,1,87,10.1002/14651858.CD015046.pub2,0,9.68063872255489,False,0,10.32934131736527,Moderate
CD014965_pub2_data__A13,CD014965,65,C,1.876395,0.002282,True,6,499,10.1002/14651858.CD014965.pub2,4,57.48502994011976,False,0,32.25548902195609,Moderate
CD015046_pub2_data__A4,CD015046,65,C,0.274437,0.712002,False,1,87,10.1002/14651858.CD015046.pub2,0,9.68063872255489,False,0,10.32934131736527,Moderate
CD014965_pub2_data__A11,CD014965,65,C,0.606485,0.413821,False,3,256,10.1002/14651858.CD014965.pub2,4,57.48502994011976,False,0,32.25548902195609,Moderate
CD009022_pub4_data__A5,CD009022,65,C,-1.6e-05,0.99998,False,11,1362,10.1002/14651858.CD009022.pub4,0,9.68063872255489,False,0,10.658682634730539,Moderate
CD009022_pub4_data__A12,CD009022,65,C,0.002606,0.996818,False,10,1241,10.1002/14651858.CD009022.pub4,0,9.68063872255489,False,0,10.658682634730539,Moderate
CD008995_pub3_data__A4,CD008995,65,C,1.397105,0.405274,False,1,27,10.1002/14651858.CD008995.pub3,4,57.48502994011976,False,0,24.331337325349303,Moderate
CD001072_pub2_data__A3,CD001072,65,C,-2.713369,0.073768,False,1,32,10.1002/14651858.CD001072.pub2,0,9.68063872255489,False,0,4.580838323353293,Moderate
CD001072_pub2_data__A2,CD001072,65,C,1.540445,0.049143,False,1,32,10.1002/14651858.CD001072.pub2,0,9.68063872255489,False,0,4.580838323353293,Moderate
CD014755_pub2_data__A2,CD014755,65,C,-0.717245,0.564318,False,1,86,10.1002/14651858.CD014755.pub2,1,26.34730538922156,False,0,15.179640718562876,Moderate
CD008176_pub3_data__A12,CD008176,65,C,-0.186412,0.540142,False,45,9608,10.1002/14651858.CD008176.pub3,13,88.32335329341318,False,0,44.740518962075846,Moderate
CD012609_pub2_data__A1,CD012609,65,C,-0.676911,0.087508,False,7,944,10.1002/14651858.CD012609.pub2,2,39.12175648702595,False,0,18.353293413173652,Moderate
CD001703_pub4_data__A2,CD001703,65,C,-0.141586,0.782219,False,16,2122,10.1002/14651858.CD001703.pub4,1,26.34730538922156,False,0,19.80039920159681,Moderate
CD009531_pub3_data__A6,CD009531,65,C,0.055493,0.873513,False,34,2184,10.1002/14651858.CD009531.pub3,9,79.84031936127745,False,0,38.72255489021957,Moderate
CD014755_pub2_data__A9,CD014755,65,C,-1.121869,0.495816,False,1,86,10.1002/14651858.CD014755.pub2,1,26.34730538922156,False,0,15.179640718562876,Moderate
CD014755_pub2_data__A8,CD014755,65,C,-1.656505,0.28963,False,1,86,10.1002/14651858.CD014755.pub2,1,26.34730538922156,False,0,15.179640718562876,Moderate
CD015462_pub2_data__A15,CD015462,65,C,-0.41871,0.651591,False,1,156,10.1002/14651858.CD015462.pub2,6,68.76247504990019,True,0,55.439121756487026,Moderate
CD013468_pub2_data__A3,CD013468,65,C,0.041744,0.981407,False,2,94,10.1002/14651858.CD013468.pub2,6,68.76247504990019,False,0,28.213572854291414,Moderate
CD014965_pub2_data__A9,CD014965,65,C,0.591308,0.455908,False,4,287,10.1002/14651858.CD014965.pub2,4,57.48502994011976,False,0,32.25548902195609,Moderate
CD014965_pub2_data__A8,CD014965,65,C,-0.967367,0.353872,False,4,217,10.1002/14651858.CD014965.pub2,4,57.48502994011976,False,0,32.25548902195609,Moderate
CD011192_pub4_data__A14,CD011192,65,C,-0.023644,0.843693,False,1,1355,10.1002/14651858.CD011192.pub4,0,9.68063872255489,False,0,12.584830339321359,Moderate
CD014965_pub2_data__A22,CD014965,65,C,1.685352,0.166542,False,3,277,10.1002/14651858.CD014965.pub2,4,57.48502994011976,False,0,32.25548902195609,Moderate
CD014755_pub2_data__A7,CD014755,65,C,0.212094,0.645554,False,1,86,10.1002/14651858.CD014755.pub2,1,26.34730538922156,False,0,15.179640718562876,Moderate
CD014755_pub2_data__A6,CD014755,65,C,0.0,1.0,False,1,86,10.1002/14651858.CD014755.pub2,1,26.34730538922156,False,0,15.179640718562876,Moderate
CD014755_pub2_data__A5,CD014755,65,C,-0.18155,0.763582,False,1,86,10.1002/14651858.CD014755.pub2,1,26.34730538922156,False,0,15.179640718562876,Moderate
CD014755_pub2_data__A4,CD014755,65,C,0.0,1.0,False,1,86,10.1002/14651858.CD014755.pub2,1,26.34730538922156,False,0,15.179640718562876,Moderate
CD013294_pub2_data__A10,CD013294,65,C,0.587787,0.642733,False,1,41,10.1002/14651858.CD013294.pub2,10,82.83433133732535,True,0,59.92015968063872,Moderate
CD013810_pub2_data__A7,CD013810,65,C,-0.056697,0.974527,False,2,733,10.1002/14651858.CD013810.pub2,0,9.68063872255489,False,0,11.497005988023954,Moderate
CD013810_pub2_data__A6,CD013810,65,C,-0.056697,0.974527,False,2,733,10.1002/14651858.CD013810.pub2,0,9.68063872255489,False,0,11.497005988023954,Moderate
CD013810_pub2_data__A5,CD013810,65,C,-0.003677,0.998348,False,2,541,10.1002/14651858.CD013810.pub2,0,9.68063872255489,False,0,11.497005988023954,Moderate
CD013810_pub2_data__A4,CD013810,65,C,-0.003677,0.998348,False,2,541,10.1002/14651858.CD013810.pub2,0,9.68063872255489,False,0,11.497005988023954,Moderate
CD013810_pub2_data__A3,CD013810,65,C,-0.003677,0.998348,False,2,541,10.1002/14651858.CD013810.pub2,0,9.68063872255489,False,0,11.497005988023954,Moderate
CD013821_pub2_data__A8,CD013821,65,C,-0.233053,0.561143,False,2,1032,10.1002/14651858.CD013821.pub2,8,76.14770459081836,False,0,36.417165668662676,Moderate
CD013821_pub2_data__A10,CD013821,65,C,-0.285889,0.873274,False,2,836,10.1002/14651858.CD013821.pub2,8,76.14770459081836,False,0,36.417165668662676,Moderate
CD015790_pub2_data__A13,CD015790,65,C,0.105732,0.957913,False,1,283,10.1002/14651858.CD015790.pub2,0,9.68063872255489,False,0,10.658682634730539,Moderate
CD014623_pub2_data__A3,CD014623,65,C,0.02,0.640703,False,1,40,10.1002/14651858.CD014623.pub2,0,9.68063872255489,False,0,7.325349301397207,Moderate
CD015326_pub2_data__A11,CD015326,65,C,-0.017094,0.970075,False,20,4773,10.1002/14651858.CD015326.pub2,1,26.34730538922156,False,0,20.259481037924154,Moderate
CD015326_pub2_data__A1,CD015326,65,C,-0.034255,0.937077,False,22,4989,10.1002/14651858.CD015326.pub2,1,26.34730538922156,False,0,20.259481037924154,Moderate
CD015313_pub2_data__A3,CD015313,65,C,0.0,1.0,False,1,52,10.1002/14651858.CD015313.pub2,0,9.68063872255489,False,0,4.580838323353293,Moderate
CD015313_pub2_data__A2,CD015313,65,C,0.0,1.0,False,1,52,10.1002/14651858.CD015313.pub2,0,9.68063872255489,False,0,4.580838323353293,Moderate
CD015313_pub2_data__A1,CD015313,65,C,0.0,1.0,False,1,52,10.1002/14651858.CD015313.pub2,0,9.68063872255489,False,0,4.580838323353293,Moderate
CD015875_data__A9,CD015875,65,C,-0.991361,0.307464,False,2,358,10.1002/14651858.CD015875,3,49.101796407185624,False,0,29.3812375249501,Moderate
CD011192_pub4_data__A13,CD011192,65,C,0.592261,0.290613,False,1,1355,10.1002/14651858.CD011192.pub4,0,9.68063872255489,False,0,12.584830339321359,Moderate
CD015875_data__A5,CD015875,65,C,0.131769,0.947813,False,1,474,10.1002/14651858.CD015875,3,49.101796407185624,False,0,29.3812375249501,Moderate
CD015875_data__A40,CD015875,65,C,3.14,0.000427,False,1,39,10.1002/14651858.CD015875,3,49.101796407185624,False,0,29.3812375249501,Moderate
CD015875_data__A4,CD015875,65,C,1.223775,0.460563,False,1,468,10.1002/14651858.CD015875,3,49.101796407185624,False,0,29.3812375249501,Moderate
CD016168_data__A14,CD016168,65,C,-0.603159,0.545493,False,2,325,10.1002/14651858.CD016168,0,9.68063872255489,False,0,12.355289421157686,Moderate
CD016168_data__A13,CD016168,65,C,0.089397,0.904582,False,2,424,10.1002/14651858.CD016168,0,9.68063872255489,False,0,12.355289421157686,Moderate
CD016168_data__A12,CD016168,65,C,0.365272,0.707854,False,2,423,10.1002/14651858.CD016168,0,9.68063872255489,False,0,12.355289421157686,Moderate
CD016168_data__A11,CD016168,65,C,0.125281,0.818693,False,2,423,10.1002/14651858.CD016168,0,9.68063872255489,False,0,12.355289421157686,Moderate
CD016168_data__A10,CD016168,65,C,1.162757,0.312404,False,2,424,10.1002/14651858.CD016168,0,9.68063872255489,False,0,12.355289421157686,Moderate
CD004372_pub3_data__A2,CD004372,65,C,0.282334,0.875006,False,2,287,10.1002/14651858.CD004372.pub3,4,57.48502994011976,False,0,23.293413173652695,Moderate
CD011192_pub4_data__A12,CD011192,65,C,0.337961,0.565502,False,1,1355,10.1002/14651858.CD011192.pub4,0,9.68063872255489,False,0,12.584830339321359,Moderate
CD009235_pub4_data__A2,CD009235,65,C,-0.09906,0.278535,False,77,7092,10.1002/14651858.CD009235.pub4,1,26.34730538922156,False,0,19.25149700598803,Moderate
CD015462_pub2_data__A16,CD015462,65,C,-1.379812,0.271223,False,2,176,10.1002/14651858.CD015462.pub2,6,68.76247504990019,True,0,55.439121756487026,Moderate
CD015875_data__A39,CD015875,65,C,-0.63,0.712752,False,1,39,10.1002/14651858.CD015875,3,49.101796407185624,False,0,29.3812375249501,Moderate
CD015802_pub2_data__A3,CD015802,65,C,-0.00045,0.999753,False,2,294,10.1002/14651858.CD015802.pub2,8,76.14770459081836,False,0,31.167664670658684,Moderate
CD015802_pub2_data__A2,CD015802,65,C,-1.147506,0.214238,False,2,272,10.1002/14651858.CD015802.pub2,8,76.14770459081836,False,0,31.167664670658684,Moderate
CD014580_pub2_data__A8,CD014580,65,C,0.009259,0.996315,False,1,215,10.1002/14651858.CD014580.pub2,0,9.68063872255489,False,0,8.013972055888225,Moderate
CD014580_pub2_data__A7,CD014580,65,C,0.004657,0.997915,False,2,275,10.1002/14651858.CD014580.pub2,0,9.68063872255489,False,0,8.013972055888225,Moderate
CD014580_pub2_data__A6,CD014580,65,C,0.004657,0.997915,False,2,275,10.1002/14651858.CD014580.pub2,0,9.68063872255489,False,0,8.013972055888225,Moderate
CD014580_pub2_data__A3,CD014580,65,C,-0.67864,0.397053,False,6,1113,10.1002/14651858.CD014580.pub2,0,9.68063872255489,False,0,8.013972055888225,Moderate
CD014623_pub2_data__A7,CD014623,65,C,-0.921797,0.461105,False,2,78,10.1002/14651858.CD014623.pub2,0,9.68063872255489,False,0,7.325349301397207,Moderate
CD008145_pub4_data__A2,CD008145,65,C,-0.07517,0.894546,False,13,11345,10.1002/14651858.CD008145.pub4,24,97.50499001996008,False,0,43.1437125748503,Moderate
CD008145_pub4_data__A1,CD008145,65,C,-0.083056,0.8279,False,28,25609,10.1002/14651858.CD008145.pub4,24,97.50499001996008,False,0,43.1437125748503,Moderate
CD008063_pub3_data__A3,CD008063,65,C,-0.040963,0.930136,False,19,3667,10.1002/14651858.CD008063.pub3,16,93.21357285429141,False,0,37.99401197604791,Moderate
CD014623_pub2_data__A5,CD014623,65,C,-0.045241,0.970885,False,2,77,10.1002/14651858.CD014623.pub2,0,9.68063872255489,False,0,7.325349301397207,Moderate
CD014623_pub2_data__A4,CD014623,65,C,2.78,0.0,False,1,40,10.1002/14651858.CD014623.pub2,0,9.68063872255489,False,0,7.325349301397207,Moderate
CD014574_pub2_data__A25,CD014574,65,C,-9.82689,0.226946,False,2,93,10.1002/14651858.CD014574.pub2,2,39.12175648702595,False,0,25.059880239520957,Moderate
CD014574_pub2_data__A24,CD014574,65,C,-14.68,0.015699,False,1,52,10.1002/14651858.CD014574.pub2,2,39.12175648702595,False,0,25.059880239520957,Moderate
CD014574_pub2_data__A23,CD014574,65,C,-1.333624,0.296937,False,2,99,10.1002/14651858.CD014574.pub2,2,39.12175648702595,False,0,25.059880239520957,Moderate
CD014574_pub2_data__A22,CD014574,65,C,-1.25,0.522075,False,1,51,10.1002/14651858.CD014574.pub2,2,39.12175648702595,False,0,25.059880239520957,Moderate
CD014623_pub2_data__A2,CD014623,65,C,-0.17,0.780049,False,1,40,10.1002/14651858.CD014623.pub2,0,9.68063872255489,False,0,7.325349301397207,Moderate
CD014623_pub2_data__A1,CD014623,65,C,-1.622683,0.165531,False,1,39,10.1002/14651858.CD014623.pub2,0,9.68063872255489,False,0,7.325349301397207,Moderate
CD015875_data__A38,CD015875,65,C,-1.1,0.954349,False,1,39,10.1002/14651858.CD015875,3,49.101796407185624,False,0,29.3812375249501,Moderate
CD015875_data__A37,CD015875,65,C,15.8,0.482662,False,1,39,10.1002/14651858.CD015875,3,49.101796407185624,False,0,29.3812375249501,Moderate
CD015875_data__A36,CD015875,65,C,-5.7,0.54215,False,1,39,10.1002/14651858.CD015875,3,49.101796407185624,False,0,29.3812375249501,Moderate
CD011192_pub4_data__A11,CD011192,65,C,-1.101564,0.500188,False,1,1355,10.1002/14651858.CD011192.pub4,0,9.68063872255489,False,0,12.584830339321359,Moderate
CD015462_pub2_data__A7,CD015462,65,C,-0.289903,0.824636,False,2,59,10.1002/14651858.CD015462.pub2,6,68.76247504990019,True,0,55.439121756487026,Moderate
CD015462_pub2_data__A6,CD015462,65,C,-2.120264,0.070865,False,1,30,10.1002/14651858.CD015462.pub2,6,68.76247504990019,True,0,55.439121756487026,Moderate
CD015462_pub2_data__A4,CD015462,65,C,-0.765718,0.319065,False,1,79,10.1002/14651858.CD015462.pub2,6,68.76247504990019,True,0,55.439121756487026,Moderate
CD015462_pub2_data__A3,CD015462,65,C,-0.372942,0.465573,False,1,79,10.1002/14651858.CD015462.pub2,6,68.76247504990019,True,0,55.439121756487026,Moderate
CD015462_pub2_data__A2,CD015462,65,C,-1.91312,0.08782,False,1,79,10.1002/14651858.CD015462.pub2,6,68.76247504990019,True,0,55.439121756487026,Moderate
CD015462_pub2_data__A18,CD015462,65,C,-0.066026,0.958897,False,2,356,10.1002/14651858.CD015462.pub2,6,68.76247504990019,True,0,55.439121756487026,Moderate
CD015462_pub2_data__A17,CD015462,65,C,-0.287206,0.554202,False,2,396,10.1002/14651858.CD015462.pub2,6,68.76247504990019,True,0,55.439121756487026,Moderate
CD014999_pub2_data__A6,CD014999,65,C,0.189621,0.91544,False,2,324,10.1002/14651858.CD014999.pub2,0,9.68063872255489,False,0,6.57684630738523,Moderate
CD016168_data__A15,CD016168,65,C,-1.094479,0.547465,False,2,326,10.1002/14651858.CD016168,0,9.68063872255489,False,0,12.355289421157686,Moderate
CD015875_data__A35,CD015875,65,C,2.2,0.83351,False,1,39,10.1002/14651858.CD015875,3,49.101796407185624,False,0,29.3812375249501,Moderate
CD015875_data__A34,CD015875,65,C,27.1,0.0324,False,1,39,10.1002/14651858.CD015875,3,49.101796407185624,False,0,29.3812375249501,Moderate
CD015875_data__A3,CD015875,65,C,0.349918,0.830744,False,2,508,10.1002/14651858.CD015875,3,49.101796407185624,False,0,29.3812375249501,Moderate
CD015875_data__A29,CD015875,65,C,0.834466,0.467452,False,2,94,10.1002/14651858.CD015875,3,49.101796407185624,False,0,29.3812375249501,Moderate
CD012712_pub2_data__A4,CD012712,65,C,-0.252612,0.000803,True,62,10715,10.1002/14651858.CD012712.pub2,10,82.83433133732535,True,0,61.427145708582835,Moderate
CD014573_data__A5,CD014573,65,C,-0.003947,0.998425,False,1,204700,10.1002/14651858.CD014573,4,57.48502994011976,False,0,26.447105788423155,Moderate
CD014580_pub2_data__A2,CD014580,65,C,-0.256439,0.620878,False,6,1113,10.1002/14651858.CD014580.pub2,0,9.68063872255489,False,0,8.013972055888225,Moderate
CD014580_pub2_data__A1,CD014580,65,C,1.00166,0.202953,False,7,1137,10.1002/14651858.CD014580.pub2,0,9.68063872255489,False,0,8.013972055888225,Moderate
CD001703_pub4_data__A26,CD001703,65,C,0.27698,0.477172,False,10,1694,10.1002/14651858.CD001703.pub4,1,26.34730538922156,False,0,19.80039920159681,Moderate
CD014574_pub2_data__A7,CD014574,65,C,1.090244,0.067373,False,1,49,10.1002/14651858.CD014574.pub2,2,39.12175648702595,False,0,25.059880239520957,Moderate
CD014574_pub2_data__A28,CD014574,65,C,0.075508,0.970164,False,1,52,10.1002/14651858.CD014574.pub2,2,39.12175648702595,False,0,25.059880239520957,Moderate
CD014574_pub2_data__A27,CD014574,65,C,-0.328925,0.62946,False,1,52,10.1002/14651858.CD014574.pub2,2,39.12175648702595,False,0,25.059880239520957,Moderate
CD013823_pub2_data__A11,CD013823,65,C,-0.093292,0.958357,False,2,141,10.1002/14651858.CD013823.pub2,15,91.81636726546905,False,0,43.18363273453093,Moderate
CD013823_pub2_data__A10,CD013823,65,C,-0.087015,0.961144,False,2,145,10.1002/14651858.CD013823.pub2,15,91.81636726546905,False,0,43.18363273453093,Moderate
CD010136_pub4_data__A15,CD010136,65,C,0.143101,0.943629,False,1,41,10.1002/14651858.CD010136.pub4,9,79.84031936127745,True,0,59.28143712574851,Moderate
CD010136_pub4_data__A14,CD010136,65,C,0.143101,0.943629,False,1,41,10.1002/14651858.CD010136.pub4,9,79.84031936127745,True,0,59.28143712574851,Moderate
CD010136_pub4_data__A13,CD010136,65,C,-1.498212,0.354922,False,1,19,10.1002/14651858.CD010136.pub4,9,79.84031936127745,True,0,59.28143712574851,Moderate
CD010136_pub4_data__A12,CD010136,65,C,0.143101,0.943629,False,1,41,10.1002/14651858.CD010136.pub4,9,79.84031936127745,True,0,59.28143712574851,Moderate
CD010136_pub4_data__A11,CD010136,65,C,0.143101,0.943629,False,1,41,10.1002/14651858.CD010136.pub4,9,79.84031936127745,True,0,59.28143712574851,Moderate
CD010136_pub4_data__A10,CD010136,65,C,0.143101,0.943629,False,1,41,10.1002/14651858.CD010136.pub4,9,79.84031936127745,True,0,59.28143712574851,Moderate
CD011192_pub4_data__A10,CD011192,65,C,-0.001475,0.999412,False,1,1355,10.1002/14651858.CD011192.pub4,0,9.68063872255489,False,0,12.584830339321359,Moderate
CD011192_pub4_data__A1,CD011192,65,C,-0.199107,0.167909,False,1,1355,10.1002/14651858.CD011192.pub4,0,9.68063872255489,False,0,12.584830339321359,Moderate
CD015875_data__A15,CD015875,65,C,1.138618,0.492067,False,1,214,10.1002/14651858.CD015875,3,49.101796407185624,False,0,29.3812375249501,Moderate
CD011060_pub2_data__A4,CD011060,65,C,-1.099689,0.500854,False,1,1858,10.1002/14651858.CD011060.pub2,7,73.05389221556887,False,0,30.558882235528944,Moderate
CD014574_pub2_data__A19,CD014574,65,C,-1.517323,0.021561,False,1,46,10.1002/14651858.CD014574.pub2,2,39.12175648702595,False,0,25.059880239520957,Moderate
CD014574_pub2_data__A18,CD014574,65,C,-0.117783,0.843022,False,1,51,10.1002/14651858.CD014574.pub2,2,39.12175648702595,False,0,25.059880239520957,Moderate
CD014574_pub2_data__A16,CD014574,65,C,0.390198,0.488858,False,1,51,10.1002/14651858.CD014574.pub2,2,39.12175648702595,False,0,25.059880239520957,Moderate
CD014574_pub2_data__A15,CD014574,65,C,0.30295,0.598123,False,1,50,10.1002/14651858.CD014574.pub2,2,39.12175648702595,False,0,25.059880239520957,Moderate
CD014574_pub2_data__A14,CD014574,65,C,0.223144,0.706039,False,1,50,10.1002/14651858.CD014574.pub2,2,39.12175648702595,False,0,25.059880239520957,Moderate
CD014574_pub2_data__A13,CD014574,65,C,-4.08,8.2e-05,False,1,51,10.1002/14651858.CD014574.pub2,2,39.12175648702595,False,0,25.059880239520957,Moderate
CD014574_pub2_data__A12,CD014574,65,C,-1.59,0.249567,False,1,50,10.1002/14651858.CD014574.pub2,2,39.12175648702595,False,0,25.059880239520957,Moderate
CD014574_pub2_data__A11,CD014574,65,C,-1.82,0.287157,False,1,50,10.1002/14651858.CD014574.pub2,2,39.12175648702595,False,0,25.059880239520957,Moderate
CD014574_pub2_data__A10,CD014574,65,C,0.235566,0.69223,False,1,51,10.1002/14651858.CD014574.pub2,2,39.12175648702595,False,0,25.059880239520957,Moderate
CD014573_data__A7,CD014573,65,C,-0.003947,0.998425,False,1,204700,10.1002/14651858.CD014573,4,57.48502994011976,False,0,26.447105788423155,Moderate
CD014573_data__A6,CD014573,65,C,-0.003947,0.998425,False,1,204700,10.1002/14651858.CD014573,4,57.48502994011976,False,0,26.447105788423155,Moderate
CD012886_pub3_data__A22,CD012886,65,C,-0.34,0.265426,False,1,24,10.1002/14651858.CD012886.pub3,0,9.68063872255489,False,0,12.584830339321359,Moderate
CD015875_data__A14,CD015875,65,C,0.435318,0.792045,False,1,313,10.1002/14651858.CD015875,3,49.101796407185624,False,0,29.3812375249501,Moderate
CD015875_data__A13,CD015875,65,C,0.435318,0.792045,False,1,363,10.1002/14651858.CD015875,3,49.101796407185624,False,0,29.3812375249501,Moderate
CD015875_data__A12,CD015875,65,C,-1.449473,0.24643,False,1,412,10.1002/14651858.CD015875,3,49.101796407185624,False,0,29.3812375249501,Moderate
CD015875_data__A11,CD015875,65,C,-1.821913,0.269931,False,1,358,10.1002/14651858.CD015875,3,49.101796407185624,False,0,29.3812375249501,Moderate
CD015875_data__A10,CD015875,65,C,-0.209872,0.733062,False,2,387,10.1002/14651858.CD015875,3,49.101796407185624,False,0,29.3812375249501,Moderate
CD015875_data__A1,CD015875,65,C,0.336472,0.870026,False,1,426,10.1002/14651858.CD015875,3,49.101796407185624,False,0,29.3812375249501,Moderate
CD015855_data__A7,CD015855,65,C,0.666993,0.531826,False,2,144,10.1002/14651858.CD015855,0,9.68063872255489,False,0,8.013972055888225,Moderate
CD011060_pub2_data__A3,CD011060,65,C,1.014315,0.000298,False,1,1858,10.1002/14651858.CD011060.pub2,7,73.05389221556887,False,0,30.558882235528944,Moderate
CD012886_pub3_data__A19,CD012886,65,C,-7.481874,0.973879,False,2,186,10.1002/14651858.CD012886.pub3,0,9.68063872255489,False,0,12.584830339321359,Moderate
CD012886_pub3_data__A18,CD012886,65,C,263.410277,0.934963,False,2,186,10.1002/14651858.CD012886.pub3,0,9.68063872255489,False,0,12.584830339321359,Moderate
CD012886_pub3_data__A17,CD012886,65,C,-0.111377,0.801393,False,2,126,10.1002/14651858.CD012886.pub3,0,9.68063872255489,False,0,12.584830339321359,Moderate
CD012886_pub3_data__A16,CD012886,65,C,-0.094101,0.846606,False,2,186,10.1002/14651858.CD012886.pub3,0,9.68063872255489,False,0,12.584830339321359,Moderate
CD012886_pub3_data__A15,CD012886,65,C,-0.059,0.932322,False,1,102,10.1002/14651858.CD012886.pub3,0,9.68063872255489,False,0,12.584830339321359,Moderate
CD015326_pub2_data__A18,CD015326,65,C,-0.104379,0.848751,False,14,5518,10.1002/14651858.CD015326.pub2,1,26.34730538922156,False,0,20.259481037924154,Moderate
CD014574_pub2_data__A21,CD014574,65,C,-1.921795,0.503147,False,2,94,10.1002/14651858.CD014574.pub2,2,39.12175648702595,False,0,25.059880239520957,Moderate
CD014574_pub2_data__A20,CD014574,65,C,-0.836006,0.761082,False,2,95,10.1002/14651858.CD014574.pub2,2,39.12175648702595,False,0,25.059880239520957,Moderate
CD012886_pub3_data__A14,CD012886,65,C,-0.111143,0.877858,False,2,186,10.1002/14651858.CD012886.pub3,0,9.68063872255489,False,0,12.584830339321359,Moderate
CD012886_pub3_data__A13,CD012886,65,C,-0.040291,0.940934,False,2,39,10.1002/14651858.CD012886.pub3,0,9.68063872255489,False,0,12.584830339321359,Moderate
CD012886_pub3_data__A12,CD012886,65,C,-0.059,0.919282,False,1,84,10.1002/14651858.CD012886.pub3,0,9.68063872255489,False,0,12.584830339321359,Moderate
CD012886_pub3_data__A11,CD012886,65,C,-0.082,0.895579,False,1,84,10.1002/14651858.CD012886.pub3,0,9.68063872255489,False,0,12.584830339321359,Moderate
CD012886_pub3_data__A10,CD012886,65,C,-0.113904,0.8524,False,2,186,10.1002/14651858.CD012886.pub3,0,9.68063872255489,False,0,12.584830339321359,Moderate
CD012886_pub3_data__A1,CD012886,65,C,-0.326822,0.369701,False,1,581,10.1002/14651858.CD012886.pub3,0,9.68063872255489,False,0,12.584830339321359,Moderate
CD012886_pub3_data__A9,CD012886,65,C,-0.129159,0.844547,False,2,186,10.1002/14651858.CD012886.pub3,0,9.68063872255489,False,0,12.584830339321359,Moderate
CD012886_pub3_data__A8,CD012886,65,C,-0.643461,0.375058,False,2,39,10.1002/14651858.CD012886.pub3,0,9.68063872255489,False,0,12.584830339321359,Moderate
CD000028_pub4_data__A3,CD000028,65,C,-0.412765,0.0,True,36,61759,10.1002/14651858.CD000028.pub4,0,9.68063872255489,False,0,6.57684630738523,Moderate
CD015046_pub2_data__A3,CD015046,65,C,3.044522,0.041533,False,1,87,10.1002/14651858.CD015046.pub2,0,9.68063872255489,False,0,10.32934131736527,Moderate
CD012886_pub3_data__A5,CD012886,65,C,-0.91467,0.183747,False,2,157,10.1002/14651858.CD012886.pub3,0,9.68063872255489,False,0,12.584830339321359,Moderate
CD012886_pub3_data__A4,CD012886,65,C,-1.179946,0.1559,False,2,157,10.1002/14651858.CD012886.pub3,0,9.68063872255489,False,0,12.584830339321359,Moderate
CD012886_pub3_data__A3,CD012886,65,C,-0.95553,0.492624,False,2,49,10.1002/14651858.CD012886.pub3,0,9.68063872255489,False,0,12.584830339321359,Moderate
CD012886_pub3_data__A21,CD012886,65,C,0.27,0.212562,False,1,39,10.1002/14651858.CD012886.pub3,0,9.68063872255489,False,0,12.584830339321359,Moderate
CD012886_pub3_data__A20,CD012886,65,C,542.5,0.003602,False,1,15,10.1002/14651858.CD012886.pub3,0,9.68063872255489,False,0,12.584830339321359,Moderate
CD012886_pub3_data__A2,CD012886,65,C,-0.732177,0.086682,False,1,157,10.1002/14651858.CD012886.pub3,0,9.68063872255489,False,0,12.584830339321359,Moderate
CD012905_pub2_data__A3,CD012905,65,C,0.113398,0.448772,False,16,2222,10.1002/14651858.CD012905.pub2,2,39.12175648702595,False,0,19.79041916167665,Moderate
CD015849_pub2_data__A9,CD015849,65,C,-0.136222,0.359811,False,10,7765,10.1002/14651858.CD015849.pub2,4,57.48502994011976,False,0,32.83433133732535,Moderate
CD015326_pub2_data__A23,CD015326,65,C,-0.061142,0.904483,False,16,11043,10.1002/14651858.CD015326.pub2,1,26.34730538922156,False,0,20.259481037924154,Moderate
CD015326_pub2_data__A22,CD015326,65,C,-0.061142,0.904483,False,16,11043,10.1002/14651858.CD015326.pub2,1,26.34730538922156,False,0,20.259481037924154,Moderate
CD015326_pub2_data__A21,CD015326,65,C,-0.061142,0.904483,False,16,11043,10.1002/14651858.CD015326.pub2,1,26.34730538922156,False,0,20.259481037924154,Moderate
CD015326_pub2_data__A20,CD015326,65,C,-0.104379,0.848751,False,14,5518,10.1002/14651858.CD015326.pub2,1,26.34730538922156,False,0,20.259481037924154,Moderate
CD015326_pub2_data__A2,CD015326,65,C,0.029643,0.956839,False,14,7744,10.1002/14651858.CD015326.pub2,1,26.34730538922156,False,0,20.259481037924154,Moderate
CD015326_pub2_data__A19,CD015326,65,C,-0.104379,0.848751,False,14,5518,10.1002/14651858.CD015326.pub2,1,26.34730538922156,False,0,20.259481037924154,Moderate
CD014497_pub2_data__A2,CD014497,65,C,1.984131,0.00156,False,1,57,10.1002/14651858.CD014497.pub2,0,9.68063872255489,False,0,4.171656686626747,Moderate
CD014497_pub2_data__A1,CD014497,65,C,1.004086,0.025348,False,1,85,10.1002/14651858.CD014497.pub2,0,9.68063872255489,False,0,4.171656686626747,Moderate
CD014428_pub2_data__A5,CD014428,65,C,-0.118685,0.92866,False,3,99,10.1002/14651858.CD014428.pub2,1,26.34730538922156,False,0,13.992015968063875,Moderate
CD014428_pub2_data__A4,CD014428,65,C,-0.116801,0.915609,False,4,152,10.1002/14651858.CD014428.pub2,1,26.34730538922156,False,0,13.992015968063875,Moderate
CD015326_pub2_data__A6,CD015326,65,C,-0.055198,0.925686,False,12,5690,10.1002/14651858.CD015326.pub2,1,26.34730538922156,False,0,20.259481037924154,Moderate
CD015326_pub2_data__A5,CD015326,65,C,-0.028101,0.948215,False,22,12287,10.1002/14651858.CD015326.pub2,1,26.34730538922156,False,0,20.259481037924154,Moderate
CD015326_pub2_data__A4,CD015326,65,C,-0.010512,0.981091,False,21,7049,10.1002/14651858.CD015326.pub2,1,26.34730538922156,False,0,20.259481037924154,Moderate
CD015326_pub2_data__A36,CD015326,65,C,-0.061142,0.904483,False,16,11043,10.1002/14651858.CD015326.pub2,1,26.34730538922156,False,0,20.259481037924154,Moderate
CD015326_pub2_data__A35,CD015326,65,C,-0.104379,0.848751,False,14,5518,10.1002/14651858.CD015326.pub2,1,26.34730538922156,False,0,20.259481037924154,Moderate
CD015326_pub2_data__A3,CD015326,65,C,0.016744,0.979511,False,10,3212,10.1002/14651858.CD015326.pub2,1,26.34730538922156,False,0,20.259481037924154,Moderate
CD014573_data__A4,CD014573,65,C,-0.003947,0.998425,False,1,204700,10.1002/14651858.CD014573,4,57.48502994011976,False,0,26.447105788423155,Moderate
CD015476_pub2_data__A13,CD015476,65,C,0.359103,0.584459,False,10,10501,10.1002/14651858.CD015476.pub2,0,9.68063872255489,False,0,11.21756487025948,Moderate
CD006689_pub3_data__A13,CD006689,65,C,-0.100258,0.672141,False,13,5373,10.1002/14651858.CD006689.pub3,2,39.12175648702595,False,0,24.640718562874255,Moderate
CD006689_pub3_data__A11,CD006689,65,C,0.077544,0.621501,False,15,6133,10.1002/14651858.CD006689.pub3,2,39.12175648702595,False,0,24.640718562874255,Moderate
CD006689_pub3_data__A8,CD006689,65,C,-0.156383,0.329337,False,12,4335,10.1002/14651858.CD006689.pub3,2,39.12175648702595,False,0,24.640718562874255,Moderate
CD004372_pub3_data__A1,CD004372,65,C,0.017518,0.992177,False,2,156,10.1002/14651858.CD004372.pub3,4,57.48502994011976,False,0,23.293413173652695,Moderate
CD015046_pub2_data__A2,CD015046,65,C,1.526056,0.187971,False,1,118,10.1002/14651858.CD015046.pub2,0,9.68063872255489,False,0,10.32934131736527,Moderate
CD015046_pub2_data__A12,CD015046,65,C,1.201266,0.470395,False,1,39,10.1002/14651858.CD015046.pub2,0,9.68063872255489,False,0,10.32934131736527,Moderate
CD011204_pub3_data__A6,CD011204,65,C,1.217813,0.000432,True,8,3968,10.1002/14651858.CD011204.pub3,0,9.68063872255489,False,0,9.121756487025948,Moderate
CD006689_pub3_data__A14,CD006689,65,C,-0.117479,0.511154,False,17,6887,10.1002/14651858.CD006689.pub3,2,39.12175648702595,False,0,24.640718562874255,Moderate
CD014573_data__A3,CD014573,65,C,0.095119,0.962068,False,1,54519,10.1002/14651858.CD014573,4,57.48502994011976,False,0,26.447105788423155,Moderate
CD015331_pub2_data__A57,CD015331,65,C,-0.198039,0.56728,False,35,2185,10.1002/14651858.CD015331.pub2,2,39.12175648702595,False,0,25.64870259481038,Moderate
CD005495_pub5_data__A1,CD005495,65,C,-0.073344,0.704962,False,110,13337,10.1002/14651858.CD005495.pub5,35,99.20159680638723,False,0,43.82235528942116,Moderate
CD015046_pub2_data__A11,CD015046,65,C,-0.405465,0.677568,False,1,39,10.1002/14651858.CD015046.pub2,0,9.68063872255489,False,0,10.32934131736527,Moderate
CD013158_pub2_data__A5,CD013158,65,C,-0.286984,0.586889,False,2,506,10.1002/14651858.CD013158.pub2,4,57.48502994011976,False,0,25.02994011976048,Moderate
CD013158_pub2_data__A4,CD013158,65,C,-0.638967,0.516462,False,2,506,10.1002/14651858.CD013158.pub2,4,57.48502994011976,False,0,25.02994011976048,Moderate
CD013105_pub2_data__A2,CD013105,65,C,0.156114,0.59576,False,15,1591,10.1002/14651858.CD013105.pub2,1,26.34730538922156,False,0,13.992015968063875,Moderate
CD014160_pub2_data__A5,CD014160,65,C,-0.05196,0.979407,False,1,76,10.1002/14651858.CD014160.pub2,1,26.34730538922156,True,0,32.5748502994012,Moderate
CD014160_pub2_data__A4,CD014160,65,C,-0.05196,0.979407,False,1,76,10.1002/14651858.CD014160.pub2,1,26.34730538922156,True,0,32.5748502994012,Moderate
CD014160_pub2_data__A3,CD014160,65,C,-0.05196,0.979407,False,1,76,10.1002/14651858.CD014160.pub2,1,26.34730538922156,True,0,32.5748502994012,Moderate
CD014160_pub2_data__A2,CD014160,65,C,-0.026253,0.988321,False,2,104,10.1002/14651858.CD014160.pub2,1,26.34730538922156,True,0,32.5748502994012,Moderate
CD007896_pub4_data__A4,CD007896,65,C,0.894362,0.0,True,318,65543,10.1002/14651858.CD007896.pub4,0,9.68063872255489,False,0,5.209580838323354,Moderate
CD007896_pub4_data__A3,CD007896,65,C,-0.453647,2.6e-05,True,358,74401,10.1002/14651858.CD007896.pub4,0,9.68063872255489,False,0,5.209580838323354,Moderate
CD007896_pub4_data__A2,CD007896,65,C,-0.390886,7.6e-05,True,425,77931,10.1002/14651858.CD007896.pub4,0,9.68063872255489,False,0,5.209580838323354,Moderate
CD007896_pub4_data__A1,CD007896,65,C,-0.390886,7.6e-05,True,425,77931,10.1002/14651858.CD007896.pub4,0,9.68063872255489,False,0,5.209580838323354,Moderate
CD014160_pub2_data__A1,CD014160,65,C,-0.05196,0.979407,False,1,76,10.1002/14651858.CD014160.pub2,1,26.34730538922156,True,0,32.5748502994012,Moderate
CD015046_pub2_data__A10,CD015046,65,C,1.201266,0.470395,False,1,39,10.1002/14651858.CD015046.pub2,0,9.68063872255489,False,0,10.32934131736527,Moderate
CD013038_pub3_data__A6,CD013038,65,C,-0.083104,0.863412,False,2,435,10.1002/14651858.CD013038.pub3,6,68.76247504990019,False,0,33.46307385229541,Moderate
CD013023_pub2_data__A5,CD013023,65,C,-1.131949,0.493554,False,1,60,10.1002/14651858.CD013023.pub2,2,39.12175648702595,False,0,17.684630738522955,Moderate
CD012997_pub3_data__A4,CD012997,65,C,-0.504253,0.722428,False,2,145,10.1002/14651858.CD012997.pub3,0,9.68063872255489,False,0,5.209580838323354,Moderate
CD012997_pub3_data__A3,CD012997,65,C,0.935196,0.472346,False,2,145,10.1002/14651858.CD012997.pub3,0,9.68063872255489,False,0,5.209580838323354,Moderate
CD013105_pub2_data__A1,CD013105,65,C,-0.168529,0.232504,False,20,2028,10.1002/14651858.CD013105.pub2,1,26.34730538922156,False,0,13.992015968063875,Moderate
CD013078_pub2_data__A8,CD013078,65,C,0.137201,0.889156,False,1,35,10.1002/14651858.CD013078.pub2,0,9.68063872255489,False,0,8.013972055888225,Moderate
CD013078_pub2_data__A7,CD013078,65,C,0.0,1.0,False,1,40,10.1002/14651858.CD013078.pub2,0,9.68063872255489,False,0,8.013972055888225,Moderate
CD011192_pub4_data__A27,CD011192,65,C,-0.880573,0.107487,False,1,494,10.1002/14651858.CD011192.pub4,0,9.68063872255489,False,0,12.584830339321359,Moderate
CD011192_pub4_data__A26,CD011192,65,C,-0.21049,0.304484,False,1,1355,10.1002/14651858.CD011192.pub4,0,9.68063872255489,False,0,12.584830339321359,Moderate
CD015046_pub2_data__A7,CD015046,65,C,1.201266,0.470395,False,1,39,10.1002/14651858.CD015046.pub2,0,9.68063872255489,False,0,10.32934131736527,Moderate
CD015046_pub2_data__A6,CD015046,65,C,-0.693147,0.585005,False,1,39,10.1002/14651858.CD015046.pub2,0,9.68063872255489,False,0,10.32934131736527,Moderate
CD004406_pub6_data__A3,CD004406,65,C,0.006954,0.933045,False,11,3062,10.1002/14651858.CD004406.pub6,2,39.12175648702595,False,0,20.289421157684632,Moderate
CD015060_pub2_data__A4,CD015060,65,C,-0.940388,0.641031,False,1,72,10.1002/14651858.CD015060.pub2,3,49.101796407185624,False,0,20.97804391217565,Moderate
CD015046_pub2_data__A9,CD015046,65,C,0.523248,0.591648,False,1,39,10.1002/14651858.CD015046.pub2,0,9.68063872255489,False,0,10.32934131736527,Moderate
CD015046_pub2_data__A8,CD015046,65,C,1.201266,0.470395,False,1,39,10.1002/14651858.CD015046.pub2,0,9.68063872255489,False,0,10.32934131736527,Moderate
CD011218_pub2_data__A4,CD011218,65,C,0.485508,0.443785,False,1,41,10.1002/14651858.CD011218.pub2,4,57.48502994011976,False,0,24.331337325349303,Moderate
CD011192_pub4_data__A9,CD011192,65,C,-0.408428,0.655151,False,1,1355,10.1002/14651858.CD011192.pub4,0,9.68063872255489,False,0,12.584830339321359,Moderate
CD013823_pub2_data__A9,CD013823,65,C,-0.101304,0.954786,False,2,144,10.1002/14651858.CD013823.pub2,15,91.81636726546905,False,0,43.18363273453093,Moderate
CD013823_pub2_data__A8,CD013823,65,C,-0.200295,0.673248,False,2,274,10.1002/14651858.CD013823.pub2,15,91.81636726546905,False,0,43.18363273453093,Moderate
CD013823_pub2_data__A6,CD013823,65,C,0.028855,0.987075,False,2,272,10.1002/14651858.CD013823.pub2,15,91.81636726546905,False,0,43.18363273453093,Moderate
CD013823_pub2_data__A4,CD013823,65,C,-0.038546,0.92833,False,2,340,10.1002/14651858.CD013823.pub2,15,91.81636726546905,False,0,43.18363273453093,Moderate
CD013823_pub2_data__A3,CD013823,65,C,0.490026,0.394694,False,2,334,10.1002/14651858.CD013823.pub2,15,91.81636726546905,False,0,43.18363273453093,Moderate
CD013827_pub2_data__A5,CD013827,65,C,-0.155027,0.280218,False,18,3882,10.1002/14651858.CD013827.pub2,5,63.57285429141717,False,0,32.47504990019961,Moderate
CD009752_pub3_data__A23,CD009752,65,C,0.0,1.0,False,1,20,10.1002/14651858.CD009752.pub3,1,26.34730538922156,True,0,39.42115768463074,Moderate
CD013731_pub2_data__A4,CD013731,65,C,3.78419,1e-06,False,1,129,10.1002/14651858.CD013731.pub2,6,68.76247504990019,False,0,28.842315369261474,Moderate
CD013729_pub2_data__A9,CD013729,65,C,0.0,1.0,False,1,92,10.1002/14651858.CD013729.pub2,3,49.101796407185624,False,0,26.097804391217565,Moderate
CD013729_pub2_data__A8,CD013729,65,C,0.0,1.0,False,1,92,10.1002/14651858.CD013729.pub2,3,49.101796407185624,False,0,26.097804391217565,Moderate
CD005495_pub5_data__A5,CD005495,65,C,-0.01381,0.981483,False,12,1056,10.1002/14651858.CD005495.pub5,35,99.20159680638723,False,0,43.82235528942116,Moderate
CD005495_pub5_data__A4,CD005495,65,C,-0.053191,0.80193,False,92,10986,10.1002/14651858.CD005495.pub5,35,99.20159680638723,False,0,43.82235528942116,Moderate
CD013078_pub2_data__A5,CD013078,65,C,0.0,1.0,False,1,40,10.1002/14651858.CD013078.pub2,0,9.68063872255489,False,0,8.013972055888225,Moderate
CD007130_pub5_data__A1,CD007130,65,C,0.183066,0.559341,False,14,1647,10.1002/14651858.CD007130.pub5,51,99.60079840319361,False,0,45.79840319361277,Moderate
CD007110_pub4_data__A4,CD007110,65,C,-0.002708,0.998789,False,2,688,10.1002/14651858.CD007110.pub4,2,39.12175648702595,False,0,16.98602794411178,Moderate
CD014935_pub2_data__A7,CD014935,65,C,0.412823,0.636971,False,3,123,10.1002/14651858.CD014935.pub2,1,26.34730538922156,False,0,16.497005988023954,Moderate
CD014935_pub2_data__A6,CD014935,65,C,0.091964,0.933704,False,3,123,10.1002/14651858.CD014935.pub2,1,26.34730538922156,False,0,16.497005988023954,Moderate
CD014935_pub2_data__A5,CD014935,65,C,0.232379,0.819354,False,3,123,10.1002/14651858.CD014935.pub2,1,26.34730538922156,False,0,16.497005988023954,Moderate
CD005495_pub5_data__A3,CD005495,65,C,9.4e-05,0.999819,False,24,5764,10.1002/14651858.CD005495.pub5,35,99.20159680638723,False,0,43.82235528942116,Moderate
CD013038_pub3_data__A7,CD013038,65,C,0.147023,0.676357,False,2,436,10.1002/14651858.CD013038.pub3,6,68.76247504990019,False,0,33.46307385229541,Moderate
CD013057_pub3_data__A2,CD013057,65,C,-1.123614,0.495424,False,1,80,10.1002/14651858.CD013057.pub3,0,9.68063872255489,False,0,4.171656686626747,Moderate
CD015849_pub2_data__A1,CD015849,65,C,-0.187762,2.5e-05,True,41,39333,10.1002/14651858.CD015849.pub2,4,57.48502994011976,False,0,32.83433133732535,Moderate
CD013857_pub2_data__A3,CD013857,65,C,0.0,1.0,False,1,50,10.1002/14651858.CD013857.pub2,1,26.34730538922156,False,0,11.247504990019962,Moderate
CD013857_pub2_data__A2,CD013857,65,C,-1.185624,0.319836,False,1,50,10.1002/14651858.CD013857.pub2,1,26.34730538922156,False,0,11.247504990019962,Moderate
CD013857_pub2_data__A1,CD013857,65,C,0.0,1.0,False,1,50,10.1002/14651858.CD013857.pub2,1,26.34730538922156,False,0,11.247504990019962,Moderate
CD015331_pub2_data__A45,CD015331,65,C,-0.068047,0.656143,False,15,1416,10.1002/14651858.CD015331.pub2,2,39.12175648702595,False,0,25.64870259481038,Moderate
CD008771_pub3_data__A9,CD008771,65,C,-0.013756,0.993855,False,2,127,10.1002/14651858.CD008771.pub3,2,39.12175648702595,False,0,24.361277445109785,Moderate
CD013078_pub2_data__A6,CD013078,65,C,0.0,1.0,False,1,40,10.1002/14651858.CD013078.pub2,0,9.68063872255489,False,0,8.013972055888225,Moderate
CD008771_pub3_data__A8,CD008771,65,C,0.038219,0.9829,False,2,196,10.1002/14651858.CD008771.pub3,2,39.12175648702595,False,0,24.361277445109785,Moderate
CD008771_pub3_data__A6,CD008771,65,C,0.044125,0.982463,False,1,135,10.1002/14651858.CD008771.pub3,2,39.12175648702595,False,0,24.361277445109785,Moderate
CD008771_pub3_data__A5,CD008771,65,C,-0.007603,0.996597,False,2,201,10.1002/14651858.CD008771.pub3,2,39.12175648702595,False,0,24.361277445109785,Moderate
CD010136_pub4_data__A9,CD010136,65,C,0.143101,0.943629,False,1,41,10.1002/14651858.CD010136.pub4,9,79.84031936127745,True,0,59.28143712574851,Moderate
CD010136_pub4_data__A8,CD010136,65,C,0.143101,0.943629,False,1,41,10.1002/14651858.CD010136.pub4,9,79.84031936127745,True,0,59.28143712574851,Moderate
CD009531_pub3_data__A2,CD009531,65,C,-0.273206,0.043952,True,31,3722,10.1002/14651858.CD009531.pub3,9,79.84031936127745,False,0,38.72255489021957,Moderate
CD011192_pub4_data__A23,CD011192,65,C,-0.211482,0.425516,False,1,1355,10.1002/14651858.CD011192.pub4,0,9.68063872255489,False,0,12.584830339321359,Moderate
CD011192_pub4_data__A21,CD011192,65,C,-0.07486,0.604508,False,1,1355,10.1002/14651858.CD011192.pub4,0,9.68063872255489,False,0,12.584830339321359,Moderate
CD011192_pub4_data__A2,CD011192,65,C,-0.19587,0.258201,False,1,1355,10.1002/14651858.CD011192.pub4,0,9.68063872255489,False,0,12.584830339321359,Moderate
CD011192_pub4_data__A19,CD011192,65,C,0.080043,0.84297,False,1,1355,10.1002/14651858.CD011192.pub4,0,9.68063872255489,False,0,12.584830339321359,Moderate
CD016168_data__A16,CD016168,65,C,-1.08796,0.549349,False,2,325,10.1002/14651858.CD016168,0,9.68063872255489,False,0,12.355289421157686,Moderate
CD011192_pub4_data__A18,CD011192,65,C,0.133531,0.797502,False,1,1355,10.1002/14651858.CD011192.pub4,0,9.68063872255489,False,0,12.584830339321359,Moderate
CD011192_pub4_data__A17,CD011192,65,C,-0.165006,0.317976,False,1,1355,10.1002/14651858.CD011192.pub4,0,9.68063872255489,False,0,12.584830339321359,Moderate
CD011192_pub4_data__A16,CD011192,65,C,-0.079159,0.545869,False,1,1355,10.1002/14651858.CD011192.pub4,0,9.68063872255489,False,0,12.584830339321359,Moderate
CD011192_pub4_data__A15,CD011192,65,C,0.099525,0.484665,False,1,1355,10.1002/14651858.CD011192.pub4,0,9.68063872255489,False,0,12.584830339321359,Moderate
CD011192_pub4_data__A8,CD011192,65,C,0.359664,0.468219,False,1,1355,10.1002/14651858.CD011192.pub4,0,9.68063872255489,False,0,12.584830339321359,Moderate
CD011192_pub4_data__A7,CD011192,65,C,-0.226115,0.736897,False,1,1355,10.1002/14651858.CD011192.pub4,0,9.68063872255489,False,0,12.584830339321359,Moderate
CD011192_pub4_data__A5,CD011192,65,C,-0.036143,0.845757,False,1,1355,10.1002/14651858.CD011192.pub4,0,9.68063872255489,False,0,12.584830339321359,Moderate
CD011192_pub4_data__A4,CD011192,65,C,-0.00148,0.998821,False,1,1355,10.1002/14651858.CD011192.pub4,0,9.68063872255489,False,0,12.584830339321359,Moderate
CD011192_pub4_data__A3,CD011192,65,C,-0.089619,0.600861,False,1,1355,10.1002/14651858.CD011192.pub4,0,9.68063872255489,False,0,12.584830339321359,Moderate
CD010136_pub4_data__A7,CD010136,65,C,0.072369,0.968015,False,2,61,10.1002/14651858.CD010136.pub4,9,79.84031936127745,True,0,59.28143712574851,Moderate
CD010136_pub4_data__A6,CD010136,65,C,0.072369,0.968015,False,2,61,10.1002/14651858.CD010136.pub4,9,79.84031936127745,True,0,59.28143712574851,Moderate
CD010136_pub4_data__A5,CD010136,65,C,0.117309,0.948198,False,2,62,10.1002/14651858.CD010136.pub4,9,79.84031936127745,True,0,59.28143712574851,Moderate
CD010136_pub4_data__A4,CD010136,65,C,0.143101,0.943629,False,1,41,10.1002/14651858.CD010136.pub4,9,79.84031936127745,True,0,59.28143712574851,Moderate
CD010136_pub4_data__A3,CD010136,65,C,0.072369,0.968015,False,2,61,10.1002/14651858.CD010136.pub4,9,79.84031936127745,True,0,59.28143712574851,Moderate
CD016168_data__A19,CD016168,65,C,-0.718045,0.55985,False,1,244,10.1002/14651858.CD016168,0,9.68063872255489,False,0,12.355289421157686,Moderate
CD016168_data__A18,CD016168,65,C,-1.107668,0.469602,False,2,325,10.1002/14651858.CD016168,0,9.68063872255489,False,0,12.355289421157686,Moderate
CD016168_data__A17,CD016168,65,C,0.549883,0.75009,False,2,326,10.1002/14651858.CD016168,0,9.68063872255489,False,0,12.355289421157686,Moderate
CD016168_data__A4,CD016168,65,C,-1.355501,0.450144,False,2,610,10.1002/14651858.CD016168,0,9.68063872255489,False,0,12.355289421157686,Moderate
CD009788_pub3_data__A9,CD009788,65,C,-0.008755,0.991192,False,7,1266,10.1002/14651858.CD009788.pub3,2,39.12175648702595,False,0,21.60678642714571,Moderate
CD009752_pub3_data__A9,CD009752,65,C,0.497168,0.545239,False,5,582,10.1002/14651858.CD009752.pub3,1,26.34730538922156,True,0,39.42115768463074,Moderate
CD016168_data__A7,CD016168,65,C,-0.343719,0.43976,False,2,424,10.1002/14651858.CD016168,0,9.68063872255489,False,0,12.355289421157686,Moderate
CD013595_pub2_data__A1,CD013595,64,C,0.552635,0.001332,True,23,12666,10.1002/14651858.CD013595.pub2,6,68.76247504990019,False,0,32.75449101796407,Moderate
CD011305_pub3_data__A15,CD011305,64,C,-0.074271,0.939069,False,5,457,10.1002/14651858.CD011305.pub3,6,68.76247504990019,False,0,36.21756487025948,Moderate
CD011218_pub2_data__A3,CD011218,64,C,0.465713,0.193226,False,2,950,10.1002/14651858.CD011218.pub2,4,57.48502994011976,False,0,24.331337325349303,Moderate
CD015518_data__A3,CD015518,64,C,-0.098479,0.837974,False,18,1869,10.1002/14651858.CD015518,3,49.101796407185624,False,0,24.890219560878243,Moderate
CD015517_data__A9,CD015517,64,C,0.006858,0.994984,False,4,513,10.1002/14651858.CD015517,1,26.34730538922156,False,0,15.788423153692616,Moderate
CD015517_data__A7,CD015517,64,C,0.009113,0.994438,False,3,465,10.1002/14651858.CD015517,1,26.34730538922156,False,0,15.788423153692616,Moderate
CD015517_data__A5,CD015517,64,C,0.146064,0.762463,False,14,1324,10.1002/14651858.CD015517,1,26.34730538922156,False,0,15.788423153692616,Moderate
CD004184_pub3_data__A3,CD004184,64,C,-0.216771,0.235344,False,14,3082,10.1002/14651858.CD004184.pub3,6,68.76247504990019,False,0,32.75449101796407,Moderate
CD015084_pub2_data__A6,CD015084,64,C,0.550578,0.116306,False,6,316,10.1002/14651858.CD015084.pub2,6,68.76247504990019,False,0,30.209580838323348,Moderate
CD013111_pub2_data__A7,CD013111,64,C,0.109199,0.916041,False,1,59,10.1002/14651858.CD013111.pub2,2,39.12175648702595,True,0,39.790419161676645,Moderate
CD013111_pub2_data__A6,CD013111,64,C,0.336472,0.611206,False,1,54,10.1002/14651858.CD013111.pub2,2,39.12175648702595,True,0,39.790419161676645,Moderate
CD013111_pub2_data__A5,CD013111,64,C,-0.227048,0.807404,False,2,183,10.1002/14651858.CD013111.pub2,2,39.12175648702595,True,0,39.790419161676645,Moderate
CD005343_pub7_data__A2,CD005343,64,C,-0.060526,0.926463,False,10,1391,10.1002/14651858.CD005343.pub7,3,49.101796407185624,False,0,26.986027944111775,Moderate
CD013844_pub2_data__A8,CD013844,64,C,-0.141573,0.858727,False,7,544,10.1002/14651858.CD013844.pub2,4,57.48502994011976,False,0,28.952095808383234,Moderate
CD013844_pub2_data__A7,CD013844,64,C,-0.259672,0.275625,False,9,8308,10.1002/14651858.CD013844.pub2,4,57.48502994011976,False,0,28.952095808383234,Moderate
CD013038_pub3_data__A9,CD013038,64,C,-0.044438,0.967566,False,4,1008,10.1002/14651858.CD013038.pub3,6,68.76247504990019,False,0,33.46307385229541,Moderate
CD013057_pub3_data__A1,CD013057,64,C,0.150081,0.711416,False,2,297,10.1002/14651858.CD013057.pub3,0,9.68063872255489,False,0,4.171656686626747,Moderate
CD015824_pub2_data__A9,CD015824,64,C,-0.166446,0.280037,False,10,2171,10.1002/14651858.CD015824.pub2,1,26.34730538922156,False,0,15.179640718562876,Moderate
CD013844_pub2_data__A4,CD013844,64,C,-0.191745,0.25341,False,8,2424,10.1002/14651858.CD013844.pub2,4,57.48502994011976,False,0,28.952095808383234,Moderate
CD013844_pub2_data__A10,CD013844,64,C,-0.328743,0.658714,False,8,576,10.1002/14651858.CD013844.pub2,4,57.48502994011976,False,0,28.952095808383234,Moderate
CD013038_pub3_data__A4,CD013038,64,C,-0.021612,0.984208,False,4,736,10.1002/14651858.CD013038.pub3,6,68.76247504990019,False,0,33.46307385229541,Moderate
CD013038_pub3_data__A3,CD013038,64,C,-0.044627,0.972789,False,3,977,10.1002/14651858.CD013038.pub3,6,68.76247504990019,False,0,33.46307385229541,Moderate
CD013038_pub3_data__A2,CD013038,64,C,-0.049867,0.969646,False,3,662,10.1002/14651858.CD013038.pub3,6,68.76247504990019,False,0,33.46307385229541,Moderate
CD013038_pub3_data__A11,CD013038,64,C,-0.044438,0.967566,False,4,1008,10.1002/14651858.CD013038.pub3,6,68.76247504990019,False,0,33.46307385229541,Moderate
CD013038_pub3_data__A1,CD013038,64,C,-0.049867,0.969646,False,3,662,10.1002/14651858.CD013038.pub3,6,68.76247504990019,False,0,33.46307385229541,Moderate
CD013197_pub2_data__A1,CD013197,64,C,0.328977,0.453427,False,14,1548,10.1002/14651858.CD013197.pub2,2,39.12175648702595,False,0,23.77245508982036,Moderate
CD013166_pub3_data__A4,CD013166,64,C,0.001854,0.998648,False,4,252,10.1002/14651858.CD013166.pub3,1,26.34730538922156,False,0,11.876247504990022,Moderate
CD013166_pub3_data__A3,CD013166,64,C,0.073708,0.796172,False,39,2723,10.1002/14651858.CD013166.pub3,1,26.34730538922156,False,0,11.876247504990022,Moderate
CD013823_pub2_data__A7,CD013823,64,C,0.095315,0.941983,False,3,424,10.1002/14651858.CD013823.pub2,15,91.81636726546905,False,0,43.18363273453093,Moderate
CD013823_pub2_data__A5,CD013823,64,C,0.095323,0.941981,False,3,412,10.1002/14651858.CD013823.pub2,15,91.81636726546905,False,0,43.18363273453093,Moderate
CD013853_pub2_data__A1,CD013853,64,C,0.062762,0.875254,False,12,487,10.1002/14651858.CD013853.pub2,7,73.05389221556887,False,0,31.926147704590818,Moderate
CD015849_pub2_data__A14,CD015849,64,C,0.886116,0.011131,True,9,1393,10.1002/14651858.CD015849.pub2,4,57.48502994011976,False,0,32.83433133732535,Moderate
CD015084_pub2_data__A2,CD015084,64,C,1.00384,0.154706,False,6,219,10.1002/14651858.CD015084.pub2,6,68.76247504990019,False,0,30.209580838323348,Moderate
CD011305_pub3_data__A3,CD011305,64,C,0.029398,0.964169,False,5,457,10.1002/14651858.CD011305.pub3,6,68.76247504990019,False,0,36.21756487025948,Moderate
CD002243_pub5_data__A20,CD002243,64,C,-0.066852,0.892678,False,17,3220,10.1002/14651858.CD002243.pub5,0,9.68063872255489,False,0,12.355289421157686,Moderate
CD015520_data__A2,CD015520,64,C,-0.23468,0.566046,False,25,1830,10.1002/14651858.CD015520,1,26.34730538922156,False,0,16.497005988023954,Moderate
CD006913_pub3_data__A5,CD006913,64,C,-0.165329,0.232219,False,37,3505,10.1002/14651858.CD006913.pub3,3,49.101796407185624,False,0,29.171656686626747,Moderate
CD015519_pub2_data__A9,CD015519,64,C,0.521017,0.709255,False,2,128,10.1002/14651858.CD015519.pub2,2,39.12175648702595,False,0,20.289421157684632,Moderate
CD015519_pub2_data__A8,CD015519,64,C,0.070452,0.971998,False,1,141,10.1002/14651858.CD015519.pub2,2,39.12175648702595,False,0,20.289421157684632,Moderate
CD015519_pub2_data__A7,CD015519,64,C,0.026492,0.989467,False,1,150,10.1002/14651858.CD015519.pub2,2,39.12175648702595,False,0,20.289421157684632,Moderate
CD015519_pub2_data__A6,CD015519,64,C,0.070452,0.971998,False,1,141,10.1002/14651858.CD015519.pub2,2,39.12175648702595,False,0,20.289421157684632,Moderate
CD015519_pub2_data__A5,CD015519,64,C,0.013336,0.994037,False,2,198,10.1002/14651858.CD015519.pub2,2,39.12175648702595,False,0,20.289421157684632,Moderate
CD013158_pub2_data__A2,CD013158,64,C,-0.132334,0.631721,False,3,562,10.1002/14651858.CD013158.pub2,4,57.48502994011976,False,0,25.02994011976048,Moderate
CD013158_pub2_data__A1,CD013158,64,C,0.153643,0.796638,False,3,562,10.1002/14651858.CD013158.pub2,4,57.48502994011976,False,0,25.02994011976048,Moderate
CD013111_pub2_data__A8,CD013111,64,C,0.764606,0.54191,False,1,59,10.1002/14651858.CD013111.pub2,2,39.12175648702595,True,0,39.790419161676645,Moderate
CD013232_pub2_data__A11,CD013232,64,C,0.094706,0.449011,False,61,3571,10.1002/14651858.CD013232.pub2,4,57.48502994011976,False,0,31.477045908183634,Moderate
CD013197_pub2_data__A7,CD013197,64,C,-0.071918,0.71266,False,11,1232,10.1002/14651858.CD013197.pub2,2,39.12175648702595,False,0,23.77245508982036,Moderate
CD013197_pub2_data__A6,CD013197,64,C,-0.332672,0.237792,False,11,1210,10.1002/14651858.CD013197.pub2,2,39.12175648702595,False,0,23.77245508982036,Moderate
CD013197_pub2_data__A5,CD013197,64,C,-0.086005,0.724792,False,16,1764,10.1002/14651858.CD013197.pub2,2,39.12175648702595,False,0,23.77245508982036,Moderate
CD013197_pub2_data__A4,CD013197,64,C,-0.00308,0.989576,False,21,2478,10.1002/14651858.CD013197.pub2,2,39.12175648702595,False,0,23.77245508982036,Moderate
CD013038_pub3_data__A5,CD013038,64,C,-0.021612,0.984208,False,4,736,10.1002/14651858.CD013038.pub3,6,68.76247504990019,False,0,33.46307385229541,Moderate
CD014574_pub2_data__A6,CD014574,64,C,0.781072,0.335105,False,2,91,10.1002/14651858.CD014574.pub2,2,39.12175648702595,False,0,25.059880239520957,Moderate
CD014574_pub2_data__A5,CD014574,64,C,0.055084,0.871965,False,6,286,10.1002/14651858.CD014574.pub2,2,39.12175648702595,False,0,25.059880239520957,Moderate
CD014574_pub2_data__A26,CD014574,64,C,0.317433,0.73005,False,2,99,10.1002/14651858.CD014574.pub2,2,39.12175648702595,False,0,25.059880239520957,Moderate
CD013823_pub2_data__A2,CD013823,64,C,-2.200008,0.090683,False,2,272,10.1002/14651858.CD013823.pub2,15,91.81636726546905,False,0,43.18363273453093,Moderate
CD013823_pub2_data__A12,CD013823,64,C,-0.29996,0.549311,False,2,141,10.1002/14651858.CD013823.pub2,15,91.81636726546905,False,0,43.18363273453093,Moderate
CD013823_pub2_data__A1,CD013823,64,C,0.291932,0.481776,False,2,284,10.1002/14651858.CD013823.pub2,15,91.81636726546905,False,0,43.18363273453093,Moderate
CD013821_pub2_data__A9,CD013821,64,C,0.319687,0.209253,False,15,14171,10.1002/14651858.CD013821.pub2,8,76.14770459081836,False,0,36.417165668662676,Moderate
CD014574_pub2_data__A17,CD014574,64,C,-0.709974,0.431849,False,2,95,10.1002/14651858.CD014574.pub2,2,39.12175648702595,False,0,25.059880239520957,Moderate
CD015855_data__A5,CD015855,64,C,0.85992,0.114167,False,6,427,10.1002/14651858.CD015855,0,9.68063872255489,False,0,8.013972055888225,Moderate
CD012925_pub2_data__A1,CD012925,64,C,-0.004837,0.991709,False,19,57431,10.1002/14651858.CD012925.pub2,8,76.14770459081836,False,0,35.0998003992016,Moderate
CD015855_data__A2,CD015855,64,C,0.432696,0.269109,False,13,441,10.1002/14651858.CD015855,0,9.68063872255489,False,0,8.013972055888225,Moderate
CD015855_data__A1,CD015855,64,C,-0.161134,0.656384,False,14,495,10.1002/14651858.CD015855,0,9.68063872255489,False,0,8.013972055888225,Moderate
CD014573_data__A2,CD014573,64,C,0.010073,0.992596,False,4,184963,10.1002/14651858.CD014573,4,57.48502994011976,False,0,26.447105788423155,Moderate
CD014573_data__A1,CD014573,64,C,-0.034124,0.979108,False,3,256628,10.1002/14651858.CD014573,4,57.48502994011976,False,0,26.447105788423155,Moderate
CD015519_pub2_data__A4,CD015519,64,C,0.070452,0.971998,False,1,141,10.1002/14651858.CD015519.pub2,2,39.12175648702595,False,0,20.289421157684632,Moderate
CD006919_pub5_data__A6,CD006919,64,C,0.011668,0.977118,False,14,1289,10.1002/14651858.CD006919.pub5,3,49.101796407185624,False,0,26.097804391217565,Moderate
CD015462_pub2_data__A9,CD015462,64,C,0.028701,0.979237,False,4,206,10.1002/14651858.CD015462.pub2,6,68.76247504990019,True,0,55.439121756487026,Moderate
CD015462_pub2_data__A5,CD015462,64,C,0.435334,0.648485,False,3,481,10.1002/14651858.CD015462.pub2,6,68.76247504990019,True,0,55.439121756487026,Moderate
CD014999_pub2_data__A2,CD014999,64,C,-0.386463,0.211621,False,4,685,10.1002/14651858.CD014999.pub2,0,9.68063872255489,False,0,6.57684630738523,Moderate
CD014999_pub2_data__A1,CD014999,64,C,-0.655866,0.292118,False,4,685,10.1002/14651858.CD014999.pub2,0,9.68063872255489,False,0,6.57684630738523,Moderate
CD004376_pub4_data__A1,CD004376,64,C,-1.844701,0.0,True,234,22625,10.1002/14651858.CD004376.pub4,31,98.60279441117764,False,0,42.14570858283433,Moderate
CD015101_data__A3,CD015101,64,C,-0.202598,0.816036,False,6,400,10.1002/14651858.CD015101,1,26.34730538922156,False,0,11.876247504990022,Moderate
CD014999_pub2_data__A5,CD014999,64,C,-0.746679,0.240957,False,4,663,10.1002/14651858.CD014999.pub2,0,9.68063872255489,False,0,6.57684630738523,Moderate
CD012693_pub3_data__A6,CD012693,64,C,-0.04468,0.778353,False,17,6230,10.1002/14651858.CD012693.pub3,12,86.42714570858283,False,0,44.141716566866265,Moderate
CD010001_pub4_data__A6,CD010001,64,C,0.082225,0.70637,False,23,2411,10.1002/14651858.CD010001.pub4,1,26.34730538922156,False,0,13.243512974051898,Moderate
CD013255_pub2_data__A5,CD013255,64,C,-0.081819,0.892444,False,10,1792,10.1002/14651858.CD013255.pub2,4,57.48502994011976,False,0,25.69860279441118,Moderate
CD013255_pub2_data__A4,CD013255,64,C,-0.11068,0.836425,False,12,2011,10.1002/14651858.CD013255.pub2,4,57.48502994011976,False,0,25.69860279441118,Moderate
CD014580_pub2_data__A5,CD014580,64,C,0.486268,0.514785,False,3,881,10.1002/14651858.CD014580.pub2,0,9.68063872255489,False,0,8.013972055888225,Moderate
CD014623_pub2_data__A6,CD014623,64,C,0.090206,0.877068,False,2,78,10.1002/14651858.CD014623.pub2,0,9.68063872255489,False,0,7.325349301397207,Moderate
CD015875_data__A24,CD015875,64,C,0.386819,0.627622,False,3,201,10.1002/14651858.CD015875,3,49.101796407185624,False,0,29.3812375249501,Moderate
CD012712_pub2_data__A2,CD012712,64,C,-0.829392,0.0,True,97,15172,10.1002/14651858.CD012712.pub2,10,82.83433133732535,True,0,61.427145708582835,Moderate
CD015875_data__A22,CD015875,64,C,0.719694,0.375494,False,5,244,10.1002/14651858.CD015875,3,49.101796407185624,False,0,29.3812375249501,Moderate
CD014574_pub2_data__A9,CD014574,64,C,0.883042,0.285186,False,2,95,10.1002/14651858.CD014574.pub2,2,39.12175648702595,False,0,25.059880239520957,Moderate
CD014574_pub2_data__A8,CD014574,64,C,0.628504,0.374015,False,2,95,10.1002/14651858.CD014574.pub2,2,39.12175648702595,False,0,25.059880239520957,Moderate
CD013821_pub2_data__A5,CD013821,64,C,-0.903955,0.433832,False,4,1196,10.1002/14651858.CD013821.pub2,8,76.14770459081836,False,0,36.417165668662676,Moderate
CD013821_pub2_data__A11,CD013821,64,C,0.374437,0.733593,False,4,1384,10.1002/14651858.CD013821.pub2,8,76.14770459081836,False,0,36.417165668662676,Moderate
CD015802_pub2_data__A1,CD015802,64,C,-0.5355,0.302284,False,3,392,10.1002/14651858.CD015802.pub2,8,76.14770459081836,False,0,31.167664670658684,Moderate
CD015790_pub2_data__A8,CD015790,64,C,0.047562,0.965199,False,4,640,10.1002/14651858.CD015790.pub2,0,9.68063872255489,False,0,10.658682634730539,Moderate
CD015790_pub2_data__A5,CD015790,64,C,0.180624,0.629766,False,2,255,10.1002/14651858.CD015790.pub2,0,9.68063872255489,False,0,10.658682634730539,Moderate
CD015790_pub2_data__A2,CD015790,64,C,0.004378,0.997331,False,3,459,10.1002/14651858.CD015790.pub2,0,9.68063872255489,False,0,10.658682634730539,Moderate
CD015790_pub2_data__A12,CD015790,64,C,-0.126001,0.908348,False,4,515,10.1002/14651858.CD015790.pub2,0,9.68063872255489,False,0,10.658682634730539,Moderate
CD015790_pub2_data__A11,CD015790,64,C,-0.123962,0.909717,False,4,400,10.1002/14651858.CD015790.pub2,0,9.68063872255489,False,0,10.658682634730539,Moderate
CD015790_pub2_data__A10,CD015790,64,C,0.187183,0.88659,False,3,452,10.1002/14651858.CD015790.pub2,0,9.68063872255489,False,0,10.658682634730539,Moderate
CD015790_pub2_data__A1,CD015790,64,C,0.063259,0.961415,False,3,568,10.1002/14651858.CD015790.pub2,0,9.68063872255489,False,0,10.658682634730539,Moderate
CD013278_pub3_data__A6,CD013278,64,C,-0.006289,0.974546,False,13,1924,10.1002/14651858.CD013278.pub3,4,57.48502994011976,True,0,52.40518962075848,Moderate
CD015875_data__A8,CD015875,64,C,0.165706,0.735808,False,3,384,10.1002/14651858.CD015875,3,49.101796407185624,False,0,29.3812375249501,Moderate
CD015875_data__A6,CD015875,64,C,-0.041079,0.97504,False,3,531,10.1002/14651858.CD015875,3,49.101796407185624,False,0,29.3812375249501,Moderate
CD014741_pub2_data__A2,CD014741,64,C,-0.016397,0.903526,False,17,12657,10.1002/14651858.CD014741.pub2,3,49.101796407185624,False,0,24.281437125748504,Moderate
CD012693_pub3_data__A2,CD012693,64,C,-0.277201,0.228853,False,20,6196,10.1002/14651858.CD012693.pub3,12,86.42714570858283,False,0,44.141716566866265,Moderate
CD012693_pub3_data__A16,CD012693,64,C,-0.020044,0.963043,False,22,8112,10.1002/14651858.CD012693.pub3,12,86.42714570858283,False,0,44.141716566866265,Moderate
CD012693_pub3_data__A15,CD012693,64,C,0.02,0.962297,False,23,6882,10.1002/14651858.CD012693.pub3,12,86.42714570858283,False,0,44.141716566866265,Moderate
CD007674_pub3_data__A7,CD007674,64,C,-0.225146,0.491616,False,39,2708,10.1002/14651858.CD007674.pub3,0,9.68063872255489,False,0,8.013972055888225,Moderate
CD007674_pub3_data__A5,CD007674,64,C,0.085467,0.534822,False,41,2710,10.1002/14651858.CD007674.pub3,0,9.68063872255489,False,0,8.013972055888225,Moderate
CD007674_pub3_data__A1,CD007674,64,C,-0.16115,0.557352,False,55,3295,10.1002/14651858.CD007674.pub3,0,9.68063872255489,False,0,8.013972055888225,Moderate
CD013810_pub2_data__A2,CD013810,64,C,-0.030198,0.977841,False,4,1274,10.1002/14651858.CD013810.pub2,0,9.68063872255489,False,0,11.497005988023954,Moderate
CD013821_pub2_data__A6,CD013821,64,C,-0.253932,0.078237,False,22,34244,10.1002/14651858.CD013821.pub2,8,76.14770459081836,False,0,36.417165668662676,Moderate
CD014999_pub2_data__A4,CD014999,64,C,-0.709532,0.302646,False,3,444,10.1002/14651858.CD014999.pub2,0,9.68063872255489,False,0,6.57684630738523,Moderate
CD014999_pub2_data__A3,CD014999,64,C,-0.351511,0.273785,False,4,685,10.1002/14651858.CD014999.pub2,0,9.68063872255489,False,0,6.57684630738523,Moderate
CD013468_pub2_data__A1,CD013468,64,C,0.51317,0.156164,False,24,1184,10.1002/14651858.CD013468.pub2,6,68.76247504990019,False,0,28.213572854291414,Moderate
CD015526_pub2_data__A1,CD015526,64,C,-2.311277,0.391579,False,2,37,10.1002/14651858.CD015526.pub2,1,26.34730538922156,False,0,11.876247504990022,Moderate
CD014965_pub2_data__A3,CD014965,64,C,0.668097,0.067291,False,11,608,10.1002/14651858.CD014965.pub2,4,57.48502994011976,False,0,32.25548902195609,Moderate
CD015530_pub2_data__A7,CD015530,64,C,1.493793,0.0,False,1,2548,10.1002/14651858.CD015530.pub2,3,49.101796407185624,False,0,24.890219560878243,Moderate
CD015530_pub2_data__A6,CD015530,64,C,-0.244288,0.252238,False,1,562,10.1002/14651858.CD015530.pub2,3,49.101796407185624,False,0,24.890219560878243,Moderate
CD015530_pub2_data__A4,CD015530,64,C,-0.313758,0.103003,False,1,562,10.1002/14651858.CD015530.pub2,3,49.101796407185624,False,0,24.890219560878243,Moderate
CD015530_pub2_data__A10,CD015530,64,C,1.095013,0.0,False,1,552,10.1002/14651858.CD015530.pub2,3,49.101796407185624,False,0,24.890219560878243,Moderate
CD015123_pub2_data__A6,CD015123,64,C,0.005886,0.986513,False,3,3001,10.1002/14651858.CD015123.pub2,0,9.68063872255489,False,0,9.121756487025948,Moderate
CD015123_pub2_data__A5,CD015123,64,C,-0.13937,0.678851,False,4,3205,10.1002/14651858.CD015123.pub2,0,9.68063872255489,False,0,9.121756487025948,Moderate
CD015123_pub2_data__A4,CD015123,64,C,0.066895,0.579755,False,4,3232,10.1002/14651858.CD015123.pub2,0,9.68063872255489,False,0,9.121756487025948,Moderate
CD001396_pub4_data__A13,CD001396,64,C,0.872399,0.057995,False,10,1022,10.1002/14651858.CD001396.pub4,5,63.57285429141717,False,0,33.72255489021957,Moderate
CD001396_pub4_data__A12,CD001396,64,C,0.721878,0.002529,True,19,2681,10.1002/14651858.CD001396.pub4,5,63.57285429141717,False,0,33.72255489021957,Moderate
CD008995_pub3_data__A2,CD008995,64,C,0.014631,0.956686,False,2,377,10.1002/14651858.CD008995.pub3,4,57.48502994011976,False,0,24.331337325349303,Moderate
CD015123_pub2_data__A10,CD015123,64,C,-0.252159,0.563913,False,2,2110,10.1002/14651858.CD015123.pub2,0,9.68063872255489,False,0,9.121756487025948,Moderate
CD014755_pub2_data__A1,CD014755,64,C,0.221669,0.767051,False,2,125,10.1002/14651858.CD014755.pub2,1,26.34730538922156,False,0,15.179640718562876,Moderate
CD012609_pub2_data__A6,CD012609,64,C,-0.332175,0.548437,False,2,355,10.1002/14651858.CD012609.pub2,2,39.12175648702595,False,0,18.353293413173652,Moderate
CD012594_pub2_data__A1,CD012594,64,C,0.48293,0.351872,False,2,268,10.1002/14651858.CD012594.pub2,14,90.31936127744511,False,0,36.19760479041916,Moderate
CD014741_pub2_data__A6,CD014741,64,C,-0.093182,0.454076,False,28,14971,10.1002/14651858.CD014741.pub2,3,49.101796407185624,False,0,24.281437125748504,Moderate
CD004736_pub6_data__A41,CD004736,64,C,-0.096824,0.06627,False,20,24801,10.1002/14651858.CD004736.pub6,14,90.31936127744511,False,0,46.10778443113773,Moderate
CD004736_pub6_data__A40,CD004736,64,C,-0.096727,0.063988,False,23,33671,10.1002/14651858.CD004736.pub6,14,90.31936127744511,False,0,46.10778443113773,Moderate
CD004736_pub6_data__A37,CD004736,64,C,-0.204298,0.555605,False,32,24735,10.1002/14651858.CD004736.pub6,14,90.31936127744511,False,0,46.10778443113773,Moderate
CD015252_pub2_data__A2,CD015252,64,C,-0.469367,0.206467,False,9,1897,10.1002/14651858.CD015252.pub2,10,82.83433133732535,False,0,37.77445109780439,Moderate
CD015229_pub2_data__A6,CD015229,64,C,-37.245413,0.011156,True,10,464,10.1002/14651858.CD015229.pub2,1,26.34730538922156,False,0,13.992015968063875,Moderate
CD012693_pub3_data__A5,CD012693,64,C,-0.262187,0.08497,False,22,7872,10.1002/14651858.CD012693.pub3,12,86.42714570858283,False,0,44.141716566866265,Moderate
CD010861_pub3_data__A9,CD010861,64,C,0.244264,0.66781,False,12,2878,10.1002/14651858.CD010861.pub3,6,68.76247504990019,False,0,35.439121756487026,Moderate
CD010861_pub3_data__A8,CD010861,64,C,0.103445,0.811718,False,4,1518,10.1002/14651858.CD010861.pub3,6,68.76247504990019,False,0,35.439121756487026,Moderate
CD013303_pub2_data__A12,CD013303,64,C,0.570654,0.06722,False,4,873,10.1002/14651858.CD013303.pub2,20,96.50698602794411,False,0,47.70459081836328,Moderate
CD013810_pub2_data__A12,CD013810,64,C,-0.029612,0.981917,False,3,758,10.1002/14651858.CD013810.pub2,0,9.68063872255489,False,0,11.497005988023954,Moderate
CD013810_pub2_data__A1,CD013810,64,C,-0.030198,0.977841,False,4,1274,10.1002/14651858.CD013810.pub2,0,9.68063872255489,False,0,11.497005988023954,Moderate
CD014769_pub2_data__A20,CD014769,64,C,0.04763,0.269026,False,11,69385,10.1002/14651858.CD014769.pub2,4,57.48502994011976,True,0,52.40518962075848,Moderate
CD014769_pub2_data__A12,CD014769,64,C,-0.203835,0.090472,False,11,60165,10.1002/14651858.CD014769.pub2,4,57.48502994011976,True,0,52.40518962075848,Moderate
CD015219_pub2_data__A8,CD015219,64,C,0.332357,0.053338,False,16,4561,10.1002/14651858.CD015219.pub2,8,76.14770459081836,True,0,57.80439121756487,Moderate
CD004736_pub6_data__A49,CD004736,64,C,-0.129925,0.551147,False,10,14898,10.1002/14651858.CD004736.pub6,14,90.31936127744511,False,0,46.10778443113773,Moderate
CD004736_pub6_data__A48,CD004736,64,C,-0.121837,0.548229,False,20,16976,10.1002/14651858.CD004736.pub6,14,90.31936127744511,False,0,46.10778443113773,Moderate
CD013445_pub2_data__A31,CD013445,64,C,0.217604,0.439631,False,16,1827,10.1002/14651858.CD013445.pub2,15,91.81636726546905,False,0,46.387225548902194,Moderate
CD013462_pub3_data__A4,CD013462,64,C,0.211766,0.344574,False,13,1924,10.1002/14651858.CD013462.pub3,0,9.68063872255489,False,0,7.325349301397207,Moderate
CD013462_pub3_data__A2,CD013462,64,C,0.277032,0.22358,False,29,4585,10.1002/14651858.CD013462.pub3,0,9.68063872255489,False,0,7.325349301397207,Moderate
CD015530_pub2_data__A8,CD015530,64,C,2.949173,0.0,False,1,552,10.1002/14651858.CD015530.pub2,3,49.101796407185624,False,0,24.890219560878243,Moderate
CD013707_pub2_data__A10,CD013707,64,C,-0.579839,0.58958,False,2,84,10.1002/14651858.CD013707.pub2,1,26.34730538922156,False,0,16.497005988023954,Moderate
CD011624_pub3_data__A24,CD011624,64,C,-0.05033,0.96314,False,4,1727,10.1002/14651858.CD011624.pub3,8,76.14770459081836,False,0,40.23952095808383,Moderate
CD011624_pub3_data__A23,CD011624,64,C,-0.066888,0.959137,False,3,1667,10.1002/14651858.CD011624.pub3,8,76.14770459081836,False,0,40.23952095808383,Moderate
CD011624_pub3_data__A12,CD011624,64,C,-0.066525,0.951307,False,4,1718,10.1002/14651858.CD011624.pub3,8,76.14770459081836,False,0,40.23952095808383,Moderate
CD011624_pub3_data__A33,CD011624,64,C,-0.070999,0.956705,False,3,1556,10.1002/14651858.CD011624.pub3,8,76.14770459081836,False,0,40.23952095808383,Moderate
CD008973_pub3_data__A5,CD008973,64,C,-0.449014,0.445001,False,11,1091,10.1002/14651858.CD008973.pub3,3,49.101796407185624,False,0,23.78243512974052,Moderate
CD011624_pub3_data__A3,CD011624,64,C,-0.070999,0.956705,False,3,1556,10.1002/14651858.CD011624.pub3,8,76.14770459081836,False,0,40.23952095808383,Moderate
CD011624_pub3_data__A27,CD011624,64,C,-0.05033,0.96314,False,4,1727,10.1002/14651858.CD011624.pub3,8,76.14770459081836,False,0,40.23952095808383,Moderate
CD011624_pub3_data__A26,CD011624,64,C,-0.05033,0.96314,False,4,1727,10.1002/14651858.CD011624.pub3,8,76.14770459081836,False,0,40.23952095808383,Moderate
CD012429_pub2_data__A26,CD012429,64,C,1.223775,0.447675,False,1,22,10.1002/14651858.CD012429.pub2,0,9.68063872255489,False,0,13.053892215568862,Moderate
CD014802_pub2_data__A1,CD014802,64,C,0.130772,0.605579,False,2,508,10.1002/14651858.CD014802.pub2,0,9.68063872255489,False,0,10.658682634730539,Moderate
CD015711_pub2_data__A5,CD015711,64,C,-0.749498,0.521808,False,2,200,10.1002/14651858.CD015711.pub2,3,49.101796407185624,False,0,22.345309381237527,Moderate
CD015701_pub2_data__A6,CD015701,64,C,0.372464,0.253907,False,2,777,10.1002/14651858.CD015701.pub2,0,9.68063872255489,False,0,6.57684630738523,Moderate
CD015701_pub2_data__A4,CD015701,64,C,0.103968,0.600307,False,2,876,10.1002/14651858.CD015701.pub2,0,9.68063872255489,False,0,6.57684630738523,Moderate
CD003519_pub5_data__A15,CD003519,64,C,63.728298,0.004688,True,6,264,10.1002/14651858.CD003519.pub5,1,26.34730538922156,False,0,19.640718562874255,Moderate
CD003962_pub3_data__A15,CD003962,64,C,0.306425,0.251892,False,6,962,10.1002/14651858.CD003962.pub3,13,88.32335329341318,False,0,44.041916167664674,Moderate
CD012503_pub3_data__A1,CD012503,64,C,0.162354,0.077806,False,102,39981,10.1002/14651858.CD012503.pub3,0,9.68063872255489,False,0,5.908183632734531,Moderate
CD012429_pub2_data__A25,CD012429,64,C,-2.411784,0.136433,False,1,22,10.1002/14651858.CD012429.pub2,0,9.68063872255489,False,0,13.053892215568862,Moderate
CD012429_pub2_data__A24,CD012429,64,C,0.635989,0.706787,False,1,22,10.1002/14651858.CD012429.pub2,0,9.68063872255489,False,0,13.053892215568862,Moderate
CD013303_pub2_data__A14,CD013303,64,C,-0.192699,0.860603,False,4,554,10.1002/14651858.CD013303.pub2,20,96.50698602794411,False,0,47.70459081836328,Moderate
CD013329_pub2_data__A9,CD013329,64,C,-0.08589,0.965819,False,1,232,10.1002/14651858.CD013329.pub2,8,76.14770459081836,False,0,36.417165668662676,Moderate
CD013329_pub2_data__A8,CD013329,64,C,-0.0381,0.984873,False,1,104,10.1002/14651858.CD013329.pub2,8,76.14770459081836,False,0,36.417165668662676,Moderate
CD013329_pub2_data__A7,CD013329,64,C,-0.0381,0.984873,False,1,104,10.1002/14651858.CD013329.pub2,8,76.14770459081836,False,0,36.417165668662676,Moderate
CD013329_pub2_data__A6,CD013329,64,C,-0.0381,0.984873,False,1,104,10.1002/14651858.CD013329.pub2,8,76.14770459081836,False,0,36.417165668662676,Moderate
CD013329_pub2_data__A5,CD013329,64,C,-0.0381,0.984873,False,1,104,10.1002/14651858.CD013329.pub2,8,76.14770459081836,False,0,36.417165668662676,Moderate
CD013329_pub2_data__A4,CD013329,64,C,-0.08589,0.965819,False,1,232,10.1002/14651858.CD013329.pub2,8,76.14770459081836,False,0,36.417165668662676,Moderate
CD013329_pub2_data__A3,CD013329,64,C,-0.08589,0.965819,False,1,232,10.1002/14651858.CD013329.pub2,8,76.14770459081836,False,0,36.417165668662676,Moderate
CD013329_pub2_data__A2,CD013329,64,C,-0.08589,0.965819,False,1,232,10.1002/14651858.CD013329.pub2,8,76.14770459081836,False,0,36.417165668662676,Moderate
CD011624_pub3_data__A5,CD011624,64,C,-0.065317,0.960095,False,3,1662,10.1002/14651858.CD011624.pub3,8,76.14770459081836,False,0,40.23952095808383,Moderate
CD015432_pub2_data__A9,CD015432,64,C,-0.056494,0.795697,False,17,1268,10.1002/14651858.CD015432.pub2,5,63.57285429141717,False,0,32.774451097804395,Moderate
CD015432_pub2_data__A14,CD015432,64,C,0.173383,0.34227,False,14,1797,10.1002/14651858.CD015432.pub2,5,63.57285429141717,False,0,32.774451097804395,Moderate
CD013445_pub2_data__A21,CD013445,64,C,-0.018534,0.944634,False,20,2350,10.1002/14651858.CD013445.pub2,15,91.81636726546905,False,0,46.387225548902194,Moderate
CD013445_pub2_data__A20,CD013445,64,C,0.077379,0.767536,False,23,2276,10.1002/14651858.CD013445.pub2,15,91.81636726546905,False,0,46.387225548902194,Moderate
CD013445_pub2_data__A2,CD013445,64,C,-0.172784,0.389986,False,34,3649,10.1002/14651858.CD013445.pub2,15,91.81636726546905,False,0,46.387225548902194,Moderate
CD013445_pub2_data__A7,CD013445,64,C,-0.097614,0.795859,False,29,3158,10.1002/14651858.CD013445.pub2,15,91.81636726546905,False,0,46.387225548902194,Moderate
CD013445_pub2_data__A4,CD013445,64,C,-0.169755,0.671014,False,26,2804,10.1002/14651858.CD013445.pub2,15,91.81636726546905,False,0,46.387225548902194,Moderate
CD009752_pub3_data__A12,CD009752,64,C,0.702904,0.437042,False,3,201,10.1002/14651858.CD009752.pub3,1,26.34730538922156,True,0,39.42115768463074,Moderate
CD013329_pub2_data__A11,CD013329,64,C,-0.08589,0.965819,False,1,232,10.1002/14651858.CD013329.pub2,8,76.14770459081836,False,0,36.417165668662676,Moderate
CD013329_pub2_data__A10,CD013329,64,C,-0.08589,0.965819,False,1,232,10.1002/14651858.CD013329.pub2,8,76.14770459081836,False,0,36.417165668662676,Moderate
CD013329_pub2_data__A1,CD013329,64,C,-0.08589,0.965819,False,1,232,10.1002/14651858.CD013329.pub2,8,76.14770459081836,False,0,36.417165668662676,Moderate
CD013303_pub2_data__A23,CD013303,64,C,-0.111073,0.919179,False,4,552,10.1002/14651858.CD013303.pub2,20,96.50698602794411,False,0,47.70459081836328,Moderate
CD013332_pub2_data__A2,CD013332,64,C,-0.250202,0.060618,False,22,10948,10.1002/14651858.CD013332.pub2,1,26.34730538922156,False,0,11.876247504990022,Moderate
CD013331_pub2_data__A5,CD013331,64,C,-1.363589,0.232231,False,2,104,10.1002/14651858.CD013331.pub2,6,68.76247504990019,False,0,30.209580838323348,Moderate
CD004736_pub6_data__A26,CD004736,64,C,-0.178655,0.134637,False,22,20276,10.1002/14651858.CD004736.pub6,14,90.31936127744511,False,0,46.10778443113773,Moderate
CD004736_pub6_data__A24,CD004736,64,C,-0.170216,0.137709,False,22,21797,10.1002/14651858.CD004736.pub6,14,90.31936127744511,False,0,46.10778443113773,Moderate
CD004736_pub6_data__A23,CD004736,64,C,-0.080915,0.183001,False,24,21481,10.1002/14651858.CD004736.pub6,14,90.31936127744511,False,0,46.10778443113773,Moderate
CD013303_pub2_data__A16,CD013303,64,C,-0.116127,0.929595,False,3,712,10.1002/14651858.CD013303.pub2,20,96.50698602794411,False,0,47.70459081836328,Moderate
CD002203_pub5_data__A2,CD002203,64,C,0.032311,0.954895,False,13,1164,10.1002/14651858.CD002203.pub5,0,9.68063872255489,True,0,33.532934131736525,Moderate
CD016001_data__A23,CD016001,64,C,-4.487441,0.066644,False,4,204,10.1002/14651858.CD016001,0,9.68063872255489,False,0,12.584830339321359,Moderate
CD016002_data__A22,CD016002,64,C,-0.150965,0.61154,False,4,632,10.1002/14651858.CD016002,1,26.34730538922156,False,0,19.640718562874255,Moderate
CD016002_data__A21,CD016002,64,C,1.871058,0.410138,False,4,208,10.1002/14651858.CD016002,1,26.34730538922156,False,0,19.640718562874255,Moderate
CD012335_pub2_data__A8,CD012335,64,C,-0.356488,0.253235,False,2,740,10.1002/14651858.CD012335.pub2,0,9.68063872255489,False,0,10.658682634730539,Moderate
CD011624_pub3_data__A4,CD011624,64,C,-0.069003,0.957919,False,3,1559,10.1002/14651858.CD011624.pub3,8,76.14770459081836,False,0,40.23952095808383,Moderate
CD007079_pub4_data__A5,CD007079,64,C,-0.072195,0.393,False,11,25283,10.1002/14651858.CD007079.pub4,0,9.68063872255489,False,0,11.65668662674651,Moderate
CD015532_data__A12,CD015532,64,C,0.199061,0.627528,False,8,1162,10.1002/14651858.CD015532,3,49.101796407185624,False,0,27.5748502994012,Moderate
CD015530_pub2_data__A9,CD015530,64,C,0.648862,2.1e-05,False,1,2548,10.1002/14651858.CD015530.pub2,3,49.101796407185624,False,0,24.890219560878243,Moderate
CD002243_pub5_data__A14,CD002243,64,C,-0.086403,0.831779,False,25,8069,10.1002/14651858.CD002243.pub5,0,9.68063872255489,False,0,12.355289421157686,Moderate
CD013445_pub2_data__A23,CD013445,64,C,-0.165404,0.522494,False,25,2536,10.1002/14651858.CD013445.pub2,15,91.81636726546905,False,0,46.387225548902194,Moderate
CD009752_pub3_data__A5,CD009752,64,C,0.080351,0.864463,False,3,348,10.1002/14651858.CD009752.pub3,1,26.34730538922156,True,0,39.42115768463074,Moderate
CD008873_pub5_data__A2,CD008873,64,C,-0.967009,0.323343,False,4,2811,10.1002/14651858.CD008873.pub5,18,95.50898203592814,False,0,45.54890219560878,Moderate
CD008873_pub5_data__A13,CD008873,64,C,-0.590976,0.315971,False,4,1882,10.1002/14651858.CD008873.pub5,18,95.50898203592814,False,0,45.54890219560878,Moderate
CD008873_pub5_data__A11,CD008873,64,C,-0.509892,0.645919,False,4,2559,10.1002/14651858.CD008873.pub5,18,95.50898203592814,False,0,45.54890219560878,Moderate
CD008873_pub5_data__A7,CD008873,64,C,-0.312872,0.443749,False,3,2430,10.1002/14651858.CD008873.pub5,18,95.50898203592814,False,0,45.54890219560878,Moderate
CD008873_pub5_data__A6,CD008873,64,C,-0.088979,0.68916,False,4,1768,10.1002/14651858.CD008873.pub5,18,95.50898203592814,False,0,45.54890219560878,Moderate
CD015145_pub2_data__A16,CD015145,64,C,-8.166173,0.023378,True,10,635,10.1002/14651858.CD015145.pub2,1,26.34730538922156,False,0,18.47305389221557,Moderate
CD013342_pub2_data__A5,CD013342,64,C,0.183664,0.587516,False,18,1259,10.1002/14651858.CD013342.pub2,9,79.84031936127745,False,0,38.39321357285429,Moderate
CD012152_pub4_data__A5,CD012152,64,C,-0.167456,0.3064,False,2,2548,10.1002/14651858.CD012152.pub4,11,84.83033932135729,False,0,43.53293413173653,Moderate
CD014820_pub2_data__A9,CD014820,64,C,-0.104873,0.208966,False,37,14976,10.1002/14651858.CD014820.pub2,1,26.34730538922156,False,0,15.788423153692616,Moderate
CD014820_pub2_data__A8,CD014820,64,C,-0.155566,0.266969,False,45,10524,10.1002/14651858.CD014820.pub2,1,26.34730538922156,False,0,15.788423153692616,Moderate
CD014820_pub2_data__A7,CD014820,64,C,-0.155158,0.246933,False,58,12753,10.1002/14651858.CD014820.pub2,1,26.34730538922156,False,0,15.788423153692616,Moderate
CD014820_pub2_data__A6,CD014820,64,C,-0.054791,0.695957,False,59,9153,10.1002/14651858.CD014820.pub2,1,26.34730538922156,False,0,15.788423153692616,Moderate
CD014820_pub2_data__A10,CD014820,64,C,-0.237803,0.125788,False,21,4566,10.1002/14651858.CD014820.pub2,1,26.34730538922156,False,0,15.788423153692616,Moderate
CD014802_pub2_data__A8,CD014802,64,C,0.288103,0.461415,False,2,601,10.1002/14651858.CD014802.pub2,0,9.68063872255489,False,0,10.658682634730539,Moderate
CD012152_pub4_data__A19,CD012152,64,C,0.124526,0.577157,False,2,2323,10.1002/14651858.CD012152.pub4,11,84.83033932135729,False,0,43.53293413173653,Moderate
CD012152_pub4_data__A14,CD012152,64,C,-0.152691,0.334162,False,2,2548,10.1002/14651858.CD012152.pub4,11,84.83033932135729,False,0,43.53293413173653,Moderate
CD016002_data__A20,CD016002,64,C,3.905064,0.171167,False,3,211,10.1002/14651858.CD016002,1,26.34730538922156,False,0,19.640718562874255,Moderate
CD016002_data__A19,CD016002,64,C,1.441277,0.512102,False,5,249,10.1002/14651858.CD016002,1,26.34730538922156,False,0,19.640718562874255,Moderate
CD014802_pub2_data__A12,CD014802,64,C,0.388809,0.298505,False,2,595,10.1002/14651858.CD014802.pub2,0,9.68063872255489,False,0,10.658682634730539,Moderate
CD003962_pub3_data__A1,CD003962,64,C,0.872154,0.039424,True,13,1057,10.1002/14651858.CD003962.pub3,13,88.32335329341318,False,0,44.041916167664674,Moderate
CD012152_pub4_data__A12,CD012152,64,C,-0.360743,0.383054,False,2,308,10.1002/14651858.CD012152.pub4,11,84.83033932135729,False,0,43.53293413173653,Moderate
CD012152_pub4_data__A1,CD012152,64,C,-0.249071,0.231807,False,2,2548,10.1002/14651858.CD012152.pub4,11,84.83033932135729,False,0,43.53293413173653,Moderate
CD001396_pub4_data__A8,CD001396,64,C,1.181796,0.000369,True,14,2050,10.1002/14651858.CD001396.pub4,5,63.57285429141717,False,0,33.72255489021957,Moderate
CD006140_pub3_data__A9,CD006140,64,C,0.198453,0.536951,False,12,2294,10.1002/14651858.CD006140.pub3,0,9.68063872255489,False,0,12.355289421157686,Moderate
CD006140_pub3_data__A8,CD006140,64,C,0.775257,0.001656,True,11,2070,10.1002/14651858.CD006140.pub3,0,9.68063872255489,False,0,12.355289421157686,Moderate
CD003451_pub3_data__A2,CD003451,64,C,-0.186105,0.5813,False,37,1251,10.1002/14651858.CD003451.pub3,9,79.84031936127745,False,0,33.97205588822356,Moderate
CD015592_pub3_data__A2,CD015592,64,C,0.563992,0.153912,False,3,1279,10.1002/14651858.CD015592.pub3,1,26.34730538922156,False,0,12.574850299401199,Moderate
CD013358_pub2_data__A14,CD013358,64,C,-0.068927,0.883394,False,19,1312,10.1002/14651858.CD013358.pub2,2,39.12175648702595,False,0,24.13173652694611,Moderate
CD013358_pub2_data__A13,CD013358,64,C,-0.059986,0.907006,False,16,1052,10.1002/14651858.CD013358.pub2,2,39.12175648702595,False,0,24.13173652694611,Moderate
CD013358_pub2_data__A1,CD013358,64,C,-0.078215,0.736976,False,28,1991,10.1002/14651858.CD013358.pub2,2,39.12175648702595,False,0,24.13173652694611,Moderate
CD015588_pub2_data__A54,CD015588,64,C,-0.390839,0.495343,False,13,16673,10.1002/14651858.CD015588.pub2,17,94.61077844311377,False,0,47.74451097804391,Moderate
CD015145_pub2_data__A12,CD015145,64,C,-11.541754,0.01011,True,11,804,10.1002/14651858.CD015145.pub2,1,26.34730538922156,False,0,18.47305389221557,Moderate
CD015145_pub2_data__A10,CD015145,64,C,-11.250353,0.006932,True,12,910,10.1002/14651858.CD015145.pub2,1,26.34730538922156,False,0,18.47305389221557,Moderate
CD013445_pub2_data__A10,CD013445,64,C,-0.106275,0.799432,False,13,1574,10.1002/14651858.CD013445.pub2,15,91.81636726546905,False,0,46.387225548902194,Moderate
CD014937_pub2_data__A22,CD014937,64,C,-0.456845,0.027788,True,32,4658,10.1002/14651858.CD014937.pub2,3,49.101796407185624,False,0,28.353293413173652,Moderate
CD014937_pub2_data__A21,CD014937,64,C,-0.275724,0.102977,False,44,6702,10.1002/14651858.CD014937.pub2,3,49.101796407185624,False,0,28.353293413173652,Moderate
CD014937_pub2_data__A19,CD014937,64,C,-0.456845,0.027788,True,32,4658,10.1002/14651858.CD014937.pub2,3,49.101796407185624,False,0,28.353293413173652,Moderate
CD014937_pub2_data__A17,CD014937,64,C,-0.359757,0.128658,False,23,3408,10.1002/14651858.CD014937.pub2,3,49.101796407185624,False,0,28.353293413173652,Moderate
CD008873_pub5_data__A10,CD008873,64,C,-0.670517,0.620981,False,3,1599,10.1002/14651858.CD008873.pub5,18,95.50898203592814,False,0,45.54890219560878,Moderate
CD008873_pub5_data__A1,CD008873,64,C,-0.650938,0.250388,False,3,1513,10.1002/14651858.CD008873.pub5,18,95.50898203592814,False,0,45.54890219560878,Moderate
CD008771_pub3_data__A7,CD008771,64,C,0.005642,0.996567,False,3,262,10.1002/14651858.CD008771.pub3,2,39.12175648702595,False,0,24.361277445109785,Moderate
CD015584_pub2_data__A5,CD015584,64,C,0.014147,0.957682,False,13,1175,10.1002/14651858.CD015584.pub2,1,26.34730538922156,False,0,15.788423153692616,Moderate
CD006182_pub3_data__A2,CD006182,64,C,0.076459,0.489127,False,15,2292,10.1002/14651858.CD006182.pub3,1,26.34730538922156,False,0,15.179640718562876,Moderate
CD012067_pub3_data__A19,CD012067,64,C,1.443166,0.006581,True,6,414,10.1002/14651858.CD012067.pub3,0,9.68063872255489,False,0,12.86427145708583,Moderate
CD012067_pub3_data__A18,CD012067,64,C,0.373759,0.226463,False,12,1345,10.1002/14651858.CD012067.pub3,0,9.68063872255489,False,0,12.86427145708583,Moderate
CD012067_pub3_data__A17,CD012067,64,C,1.07306,0.000506,True,10,2316,10.1002/14651858.CD012067.pub3,0,9.68063872255489,False,0,12.86427145708583,Moderate
CD012079_pub2_data__A18,CD012079,64,C,-0.068244,0.905142,False,11,1974,10.1002/14651858.CD012079.pub2,12,86.42714570858283,False,0,43.56287425149701,Moderate
CD012079_pub2_data__A17,CD012079,64,C,0.080463,0.863575,False,19,2095,10.1002/14651858.CD012079.pub2,12,86.42714570858283,False,0,43.56287425149701,Moderate
CD012067_pub3_data__A5,CD012067,64,C,-0.077234,0.75193,False,29,5824,10.1002/14651858.CD012067.pub3,0,9.68063872255489,False,0,12.86427145708583,Moderate
CD012152_pub4_data__A13,CD012152,64,C,-0.33222,0.402768,False,2,308,10.1002/14651858.CD012152.pub4,11,84.83033932135729,False,0,43.53293413173653,Moderate
CD010861_pub3_data__A3,CD010861,64,C,0.486018,0.306211,False,17,3264,10.1002/14651858.CD010861.pub3,6,68.76247504990019,False,0,35.439121756487026,Moderate
CD013729_pub2_data__A4,CD013729,64,C,-0.015855,0.990329,False,3,719,10.1002/14651858.CD013729.pub2,3,49.101796407185624,False,0,26.097804391217565,Moderate
CD013729_pub2_data__A3,CD013729,64,C,0.457443,0.711205,False,3,888,10.1002/14651858.CD013729.pub2,3,49.101796407185624,False,0,26.097804391217565,Moderate
CD013729_pub2_data__A2,CD013729,64,C,0.012725,0.990678,False,4,985,10.1002/14651858.CD013729.pub2,3,49.101796407185624,False,0,26.097804391217565,Moderate
CD011806_pub2_data__A14,CD011806,64,C,-0.018099,0.986805,False,4,319,10.1002/14651858.CD011806.pub2,13,88.32335329341318,False,0,43.45309381237525,Moderate
CD011806_pub2_data__A13,CD011806,64,C,-0.046298,0.971879,False,3,263,10.1002/14651858.CD011806.pub2,13,88.32335329341318,False,0,43.45309381237525,Moderate
CD011806_pub2_data__A12,CD011806,64,C,-0.046298,0.971879,False,3,263,10.1002/14651858.CD011806.pub2,13,88.32335329341318,False,0,43.45309381237525,Moderate
CD011806_pub2_data__A7,CD011806,64,C,0.095115,0.864704,False,12,1251,10.1002/14651858.CD011806.pub2,13,88.32335329341318,False,0,43.45309381237525,Moderate
CD011806_pub2_data__A6,CD011806,64,C,0.095115,0.864704,False,12,1251,10.1002/14651858.CD011806.pub2,13,88.32335329341318,False,0,43.45309381237525,Moderate
CD011806_pub2_data__A4,CD011806,64,C,0.025762,0.981242,False,4,315,10.1002/14651858.CD011806.pub2,13,88.32335329341318,False,0,43.45309381237525,Moderate
CD011806_pub2_data__A8,CD011806,64,C,-0.136303,0.901357,False,4,382,10.1002/14651858.CD011806.pub2,13,88.32335329341318,False,0,43.45309381237525,Moderate
CD008771_pub3_data__A14,CD008771,64,C,0.005642,0.996567,False,3,262,10.1002/14651858.CD008771.pub3,2,39.12175648702595,False,0,24.361277445109785,Moderate
CD016064_data__A3,CD016064,64,C,-0.05623,0.806419,False,77,39736,10.1002/14651858.CD016064,2,39.12175648702595,False,0,20.289421157684632,Moderate
CD016064_data__A2,CD016064,64,C,-0.069044,0.672424,False,152,65936,10.1002/14651858.CD016064,2,39.12175648702595,False,0,20.289421157684632,Moderate
CD016064_data__A1,CD016064,64,C,-0.066284,0.645116,False,196,71665,10.1002/14651858.CD016064,2,39.12175648702595,False,0,20.289421157684632,Moderate
CD016058_pub2_data__A7,CD016058,64,C,0.633067,0.692487,False,3,239,10.1002/14651858.CD016058.pub2,0,9.68063872255489,False,0,8.013972055888225,Moderate
CD016058_pub2_data__A6,CD016058,64,C,-1.490282,0.472619,False,3,239,10.1002/14651858.CD016058.pub2,0,9.68063872255489,False,0,8.013972055888225,Moderate
CD012067_pub3_data__A4,CD012067,64,C,-0.265674,0.392521,False,31,3850,10.1002/14651858.CD012067.pub3,0,9.68063872255489,False,0,12.86427145708583,Moderate
CD012067_pub3_data__A3,CD012067,64,C,-0.13341,0.597166,False,29,6139,10.1002/14651858.CD012067.pub3,0,9.68063872255489,False,0,12.86427145708583,Moderate
CD012067_pub3_data__A2,CD012067,64,C,0.06984,0.580747,False,37,4514,10.1002/14651858.CD012067.pub3,0,9.68063872255489,False,0,12.86427145708583,Moderate
CD013763_pub3_data__A8,CD013763,64,C,-0.98276,0.000258,True,15,964,10.1002/14651858.CD013763.pub3,10,82.83433133732535,True,0,60.17964071856287,Moderate
CD013763_pub3_data__A14,CD013763,64,C,-1.27078,0.005789,True,7,440,10.1002/14651858.CD013763.pub3,10,82.83433133732535,True,0,60.17964071856287,Moderate
CD013377_pub2_data__A4,CD013377,64,C,0.936534,0.184556,False,3,702,10.1002/14651858.CD013377.pub2,9,79.84031936127745,False,0,33.97205588822356,Moderate
CD007388_pub3_data__A15,CD007388,64,C,-0.134862,0.687046,False,4,1637,10.1002/14651858.CD007388.pub3,6,68.76247504990019,False,0,35.28942115768463,Moderate
CD007388_pub3_data__A11,CD007388,64,C,0.2718,0.66972,False,3,584,10.1002/14651858.CD007388.pub3,6,68.76247504990019,False,0,35.28942115768463,Moderate
CD007388_pub3_data__A10,CD007388,64,C,-0.188053,0.663257,False,4,439,10.1002/14651858.CD007388.pub3,6,68.76247504990019,False,0,35.28942115768463,Moderate
CD007388_pub3_data__A8,CD007388,64,C,-0.001208,0.999014,False,4,466,10.1002/14651858.CD007388.pub3,6,68.76247504990019,False,0,35.28942115768463,Moderate
CD014889_pub2_data__A1,CD014889,64,C,-0.927447,0.030808,True,6,390,10.1002/14651858.CD014889.pub2,2,39.12175648702595,False,0,17.684630738522955,Moderate
CD015584_pub2_data__A4,CD015584,64,C,0.201166,0.403416,False,16,1651,10.1002/14651858.CD015584.pub2,1,26.34730538922156,False,0,15.788423153692616,Moderate
CD010145_pub2_data__A17,CD010145,64,C,0.204607,0.756445,False,2,88,10.1002/14651858.CD010145.pub2,2,39.12175648702595,False,0,24.361277445109785,Moderate
CD006273_pub4_data__A1,CD006273,64,C,1.444095,0.196443,False,4,384,10.1002/14651858.CD006273.pub4,4,57.48502994011976,False,0,23.293413173652695,Moderate
CD008552_pub8_data__A6,CD008552,64,C,-0.1796,0.561517,False,43,10388,10.1002/14651858.CD008552.pub8,14,90.31936127744511,False,0,39.5808383233533,Moderate
CD012067_pub3_data__A10,CD012067,64,C,-0.140133,0.302474,False,17,4926,10.1002/14651858.CD012067.pub3,0,9.68063872255489,False,0,12.86427145708583,Moderate
CD016064_data__A7,CD016064,64,C,-0.084472,0.856672,False,19,3598,10.1002/14651858.CD016064,2,39.12175648702595,False,0,20.289421157684632,Moderate
CD016064_data__A6,CD016064,64,C,-0.040076,0.90958,False,33,14681,10.1002/14651858.CD016064,2,39.12175648702595,False,0,20.289421157684632,Moderate
CD004736_pub6_data__A16,CD004736,64,C,-0.11001,0.225526,False,13,33831,10.1002/14651858.CD004736.pub6,14,90.31936127744511,False,0,46.10778443113773,Moderate
CD009752_pub3_data__A14,CD009752,64,C,0.0,1.0,False,4,202,10.1002/14651858.CD009752.pub3,1,26.34730538922156,True,0,39.42115768463074,Moderate
CD013421_pub2_data__A1,CD013421,64,C,-0.891204,0.0,True,52,5556,10.1002/14651858.CD013421.pub2,3,49.101796407185624,False,0,23.093812375249502,Moderate
CD010145_pub2_data__A16,CD010145,64,C,-0.302782,0.644139,False,2,88,10.1002/14651858.CD010145.pub2,2,39.12175648702595,False,0,24.361277445109785,Moderate
CD014891_pub2_data__A2,CD014891,64,C,0.056931,0.88359,False,2,254,10.1002/14651858.CD014891.pub2,17,94.61077844311377,False,0,45.778443113772454,Moderate
CD008552_pub8_data__A5,CD008552,64,C,-0.183737,0.552571,False,43,10398,10.1002/14651858.CD008552.pub8,14,90.31936127744511,False,0,39.5808383233533,Moderate
CD008552_pub8_data__A4,CD008552,64,C,-0.147132,0.691676,False,30,6823,10.1002/14651858.CD008552.pub8,14,90.31936127744511,False,0,39.5808383233533,Moderate
CD008552_pub8_data__A3,CD008552,64,C,-0.180153,0.616521,False,32,7467,10.1002/14651858.CD008552.pub8,14,90.31936127744511,False,0,39.5808383233533,Moderate
CD008552_pub8_data__A2,CD008552,64,C,-0.137057,0.775734,False,18,4716,10.1002/14651858.CD008552.pub8,14,90.31936127744511,False,0,39.5808383233533,Moderate
CD008552_pub8_data__A1,CD008552,64,C,-0.206824,0.494226,False,45,10526,10.1002/14651858.CD008552.pub8,14,90.31936127744511,False,0,39.5808383233533,Moderate
CD008493_pub5_data__A5,CD008493,64,C,0.044532,0.535018,False,15,15854,10.1002/14651858.CD008493.pub5,2,39.12175648702595,False,0,19.79041916167665,Moderate
CD008628_pub3_data__A1,CD008628,64,C,-0.03288,0.957945,False,11,778,10.1002/14651858.CD008628.pub3,14,90.31936127744511,False,0,42.08582834331338,Moderate
CD014889_pub2_data__A4,CD014889,64,C,-1.369406,0.005691,True,6,390,10.1002/14651858.CD014889.pub2,2,39.12175648702595,False,0,17.684630738522955,Moderate
CD008771_pub3_data__A13,CD008771,64,C,0.023237,0.983164,False,4,242,10.1002/14651858.CD008771.pub3,2,39.12175648702595,False,0,24.361277445109785,Moderate
CD008771_pub3_data__A12,CD008771,64,C,0.024669,0.982046,False,4,285,10.1002/14651858.CD008771.pub3,2,39.12175648702595,False,0,24.361277445109785,Moderate
CD010145_pub2_data__A10,CD010145,64,C,0.364472,0.534187,False,4,348,10.1002/14651858.CD010145.pub2,2,39.12175648702595,False,0,24.361277445109785,Moderate
CD010856_pub3_data__A8,CD010856,64,C,-0.394806,0.508446,False,12,21991,10.1002/14651858.CD010856.pub3,16,93.21357285429141,False,0,43.74251497005989,Moderate
CD008552_pub8_data__A7,CD008552,64,C,-0.310568,0.560387,False,15,1976,10.1002/14651858.CD008552.pub8,14,90.31936127744511,False,0,39.5808383233533,Moderate
CD008709_pub4_data__A5,CD008709,64,C,-0.249924,0.121365,False,30,3822,10.1002/14651858.CD008709.pub4,12,86.42714570858283,False,0,42.86427145708583,Moderate
CD011806_pub2_data__A2,CD011806,64,C,-0.481745,0.094787,False,7,497,10.1002/14651858.CD011806.pub2,13,88.32335329341318,False,0,43.45309381237525,Moderate
CD011806_pub2_data__A19,CD011806,64,C,-0.279632,0.780252,False,4,368,10.1002/14651858.CD011806.pub2,13,88.32335329341318,False,0,43.45309381237525,Moderate
CD014891_pub2_data__A1,CD014891,64,C,0.211743,0.585596,False,2,254,10.1002/14651858.CD014891.pub2,17,94.61077844311377,False,0,45.778443113772454,Moderate
CD008709_pub4_data__A19,CD008709,64,C,-0.034865,0.953239,False,12,1115,10.1002/14651858.CD008709.pub4,12,86.42714570858283,False,0,42.86427145708583,Moderate
CD009752_pub3_data__A17,CD009752,64,C,-0.038158,0.972269,False,4,250,10.1002/14651858.CD009752.pub3,1,26.34730538922156,True,0,39.42115768463074,Moderate
CD009752_pub3_data__A7,CD009752,64,C,-0.497054,0.690899,False,3,303,10.1002/14651858.CD009752.pub3,1,26.34730538922156,True,0,39.42115768463074,Moderate
CD015517_data__A4,CD015517,64,C,-0.181909,0.655265,False,25,2659,10.1002/14651858.CD015517,1,26.34730538922156,False,0,15.788423153692616,Moderate
CD010163_pub3_data__A3,CD010163,64,C,-0.275706,0.757501,False,2,100,10.1002/14651858.CD010163.pub3,3,49.101796407185624,False,0,20.34930139720559,Moderate
CD015495_data__A2,CD015495,64,C,0.540193,0.058919,False,16,3066,10.1002/14651858.CD015495,6,68.76247504990019,False,0,28.213572854291414,Moderate
CD004406_pub6_data__A6,CD004406,64,C,0.137149,0.734482,False,7,940,10.1002/14651858.CD004406.pub6,2,39.12175648702595,False,0,20.289421157684632,Moderate
CD004406_pub6_data__A4,CD004406,64,C,-0.112173,0.269242,False,11,3606,10.1002/14651858.CD004406.pub6,2,39.12175648702595,False,0,20.289421157684632,Moderate
CD015038_pub2_data__A13,CD015038,64,C,0.011254,0.98556,False,11,3192,10.1002/14651858.CD015038.pub2,6,68.76247504990019,False,0,35.12974051896207,Moderate
CD015084_pub2_data__A1,CD015084,64,C,0.626801,0.134127,False,6,282,10.1002/14651858.CD015084.pub2,6,68.76247504990019,False,0,30.209580838323348,Moderate
CD015066_pub2_data__A2,CD015066,64,C,2.010738,0.126639,False,2,321,10.1002/14651858.CD015066.pub2,6,68.76247504990019,False,0,27.804391217564866,Moderate
CD016168_data__A6,CD016168,64,C,-0.194185,0.858948,False,3,854,10.1002/14651858.CD016168,0,9.68063872255489,False,0,12.355289421157686,Moderate
CD016168_data__A2,CD016168,64,C,0.354435,0.150467,False,4,2772,10.1002/14651858.CD016168,0,9.68063872255489,False,0,12.355289421157686,Moderate
CD010001_pub4_data__A5,CD010001,64,C,0.452079,0.039251,True,33,2698,10.1002/14651858.CD010001.pub4,1,26.34730538922156,False,0,13.243512974051898,Moderate
CD010001_pub4_data__A2,CD010001,64,C,0.811262,1e-06,True,43,3812,10.1002/14651858.CD010001.pub4,1,26.34730538922156,False,0,13.243512974051898,Moderate
CD000547_pub3_data__A3,CD000547,64,C,-0.007209,0.986245,False,24,1570,10.1002/14651858.CD000547.pub3,4,57.48502994011976,False,0,29.451097804391217,Moderate
CD009752_pub3_data__A8,CD009752,64,C,-0.242543,0.554794,False,3,360,10.1002/14651858.CD009752.pub3,1,26.34730538922156,True,0,39.42115768463074,Moderate
CD004992_pub4_data__A7,CD004992,63,C,0.0,1.0,False,3,180,10.1002/14651858.CD004992.pub4,8,76.14770459081836,False,0,35.0998003992016,Moderate
CD004992_pub4_data__A8,CD004992,63,C,0.0,1.0,False,3,180,10.1002/14651858.CD004992.pub4,8,76.14770459081836,False,0,35.0998003992016,Moderate
CD015331_pub2_data__A44,CD015331,63,C,0.016789,0.918224,False,11,1121,10.1002/14651858.CD015331.pub2,2,39.12175648702595,False,0,25.64870259481038,Moderate
CD007872_pub4_data__A11,CD007872,63,C,-0.117722,0.79791,False,1,15066,10.1002/14651858.CD007872.pub4,2,39.12175648702595,False,0,23.77245508982036,Moderate
CD007872_pub4_data__A13,CD007872,63,C,-0.01156,0.818324,False,1,14644,10.1002/14651858.CD007872.pub4,2,39.12175648702595,False,0,23.77245508982036,Moderate
CD007872_pub4_data__A15,CD007872,63,C,-0.00585,0.997367,False,2,18957,10.1002/14651858.CD007872.pub4,2,39.12175648702595,False,0,23.77245508982036,Moderate
CD007872_pub4_data__A17,CD007872,63,C,-0.004753,0.99786,False,2,18759,10.1002/14651858.CD007872.pub4,2,39.12175648702595,False,0,23.77245508982036,Moderate
CD007872_pub4_data__A18,CD007872,63,C,-0.004753,0.99786,False,2,18759,10.1002/14651858.CD007872.pub4,2,39.12175648702595,False,0,23.77245508982036,Moderate
CD007872_pub4_data__A20,CD007872,63,C,-0.059292,0.973723,False,2,3708,10.1002/14651858.CD007872.pub4,2,39.12175648702595,False,0,23.77245508982036,Moderate
CD007872_pub4_data__A21,CD007872,63,C,-0.125163,0.951593,False,1,15,10.1002/14651858.CD007872.pub4,2,39.12175648702595,False,0,23.77245508982036,Moderate
CD009508_pub2_data__A2,CD009508,63,C,-0.047498,0.915447,False,21,1387,10.1002/14651858.CD009508.pub2,7,73.05389221556887,False,0,30.558882235528944,Moderate
CD011305_pub3_data__A18,CD011305,63,C,0.006667,0.997345,False,1,299,10.1002/14651858.CD011305.pub3,6,68.76247504990019,False,0,36.21756487025948,Moderate
CD004406_pub6_data__A2,CD004406,63,C,-0.500739,0.004669,True,15,3903,10.1002/14651858.CD004406.pub6,2,39.12175648702595,False,0,20.289421157684632,Moderate
CD009244_pub3_data__A3,CD009244,63,C,0.04594,0.854579,False,7,343,10.1002/14651858.CD009244.pub3,1,26.34730538922156,False,0,11.876247504990022,Moderate
CD010145_pub2_data__A9,CD010145,63,C,0.427227,0.350865,False,4,343,10.1002/14651858.CD010145.pub2,2,39.12175648702595,False,0,24.361277445109785,Moderate
CD013590_pub2_data__A7,CD013590,63,C,0.794259,0.324404,False,6,678,10.1002/14651858.CD013590.pub2,2,39.12175648702595,False,0,21.60678642714571,Moderate
CD013590_pub2_data__A9,CD013590,63,C,0.0,1.0,False,6,610,10.1002/14651858.CD013590.pub2,2,39.12175648702595,False,0,21.60678642714571,Moderate
CD006404_pub5_data__A4,CD006404,63,C,-0.345682,0.007617,True,31,12043,10.1002/14651858.CD006404.pub5,0,9.68063872255489,False,0,11.996007984031937,Moderate
CD007130_pub5_data__A4,CD007130,63,C,0.323358,0.070275,False,26,2638,10.1002/14651858.CD007130.pub5,51,99.60079840319361,False,0,45.79840319361277,Moderate
CD007130_pub5_data__A5,CD007130,63,C,-0.217713,0.727494,False,11,1290,10.1002/14651858.CD007130.pub5,51,99.60079840319361,False,0,45.79840319361277,Moderate
CD010145_pub2_data__A13,CD010145,63,C,-0.005615,0.974273,False,3,823,10.1002/14651858.CD010145.pub2,2,39.12175648702595,False,0,24.361277445109785,Moderate
CD006475_pub3_data__A1,CD006475,63,C,-0.07921,0.435714,False,13,3858,10.1002/14651858.CD006475.pub3,1,26.34730538922156,False,0,16.497005988023954,Moderate
CD008628_pub3_data__A10,CD008628,63,C,0.912385,0.257025,False,4,219,10.1002/14651858.CD008628.pub3,14,90.31936127744511,False,0,42.08582834331338,Moderate
CD016119_data__A10,CD016119,63,C,-0.206983,0.81058,False,6,3426,10.1002/14651858.CD016119,2,39.12175648702595,False,0,23.942115768463076,Moderate
CD016119_data__A2,CD016119,63,C,0.134,0.448605,False,9,1729,10.1002/14651858.CD016119,2,39.12175648702595,False,0,23.942115768463076,Moderate
CD014872_pub2_data__A2,CD014872,63,C,-0.312641,0.371224,False,34,8815,10.1002/14651858.CD014872.pub2,4,57.48502994011976,False,0,30.339321357285428,Moderate
CD014872_pub2_data__A1,CD014872,63,C,-0.306085,0.374262,False,35,8911,10.1002/14651858.CD014872.pub2,4,57.48502994011976,False,0,30.339321357285428,Moderate
CD012079_pub2_data__A14,CD012079,63,C,0.06423,0.906875,False,14,1685,10.1002/14651858.CD012079.pub2,12,86.42714570858283,False,0,43.56287425149701,Moderate
CD016064_data__A8,CD016064,63,C,-0.070944,0.909107,False,11,2151,10.1002/14651858.CD016064,2,39.12175648702595,False,0,20.289421157684632,Moderate
CD010145_pub2_data__A7,CD010145,63,C,0.119274,0.804015,False,4,349,10.1002/14651858.CD010145.pub2,2,39.12175648702595,False,0,24.361277445109785,Moderate
CD010145_pub2_data__A8,CD010145,63,C,-0.238963,0.458395,False,4,335,10.1002/14651858.CD010145.pub2,2,39.12175648702595,False,0,24.361277445109785,Moderate
CD015584_pub2_data__A2,CD015584,63,C,0.88888,0.001229,True,15,1476,10.1002/14651858.CD015584.pub2,1,26.34730538922156,False,0,15.788423153692616,Moderate
CD014889_pub2_data__A2,CD014889,63,C,-1.408716,0.003609,True,6,390,10.1002/14651858.CD014889.pub2,2,39.12175648702595,False,0,17.684630738522955,Moderate
CD007388_pub3_data__A7,CD007388,63,C,0.120827,0.362076,False,4,1775,10.1002/14651858.CD007388.pub3,6,68.76247504990019,False,0,35.28942115768463,Moderate
CD015145_pub2_data__A7,CD015145,63,C,-10.006735,0.244046,False,5,282,10.1002/14651858.CD015145.pub2,1,26.34730538922156,False,0,18.47305389221557,Moderate
CD006475_pub3_data__A3,CD006475,63,C,-0.079423,0.519517,False,16,5005,10.1002/14651858.CD006475.pub3,1,26.34730538922156,False,0,16.497005988023954,Moderate
CD010861_pub3_data__A17,CD010861,63,C,0.936641,0.039271,True,6,666,10.1002/14651858.CD010861.pub3,6,68.76247504990019,False,0,35.439121756487026,Moderate
CD010861_pub3_data__A18,CD010861,63,C,0.682448,0.019203,True,9,1333,10.1002/14651858.CD010861.pub3,6,68.76247504990019,False,0,35.439121756487026,Moderate
CD012067_pub3_data__A13,CD012067,63,C,0.563911,0.008619,True,16,1294,10.1002/14651858.CD012067.pub3,0,9.68063872255489,False,0,12.86427145708583,Moderate
CD015213_pub2_data__A2,CD015213,63,C,-0.159894,0.57418,False,15,1643,10.1002/14651858.CD015213.pub2,6,68.76247504990019,False,0,34.55089820359281,Moderate
CD015588_pub2_data__A47,CD015588,63,C,-0.067632,0.386555,False,17,16622,10.1002/14651858.CD015588.pub2,17,94.61077844311377,False,0,47.74451097804391,Moderate
CD003331_pub6_data__A7,CD003331,63,C,-0.000177,0.999675,False,22,2699,10.1002/14651858.CD003331.pub6,26,97.90419161676647,False,0,43.80239520958084,Moderate
CD013774_pub2_data__A1,CD013774,63,C,0.025785,0.978398,False,5,3541,10.1002/14651858.CD013774.pub2,8,76.14770459081836,False,0,35.70858283433134,Moderate
CD013774_pub2_data__A8,CD013774,63,C,-0.016746,0.985995,False,5,1489,10.1002/14651858.CD013774.pub2,8,76.14770459081836,False,0,35.70858283433134,Moderate
CD003331_pub6_data__A1,CD003331,63,C,-0.095195,0.515563,False,36,3941,10.1002/14651858.CD003331.pub6,26,97.90419161676647,False,0,43.80239520958084,Moderate
CD010861_pub3_data__A7,CD010861,63,C,1.305386,0.015453,True,14,1843,10.1002/14651858.CD010861.pub3,6,68.76247504990019,False,0,35.439121756487026,Moderate
CD016119_data__A8,CD016119,63,C,0.671108,0.294392,False,5,1165,10.1002/14651858.CD016119,2,39.12175648702595,False,0,23.942115768463076,Moderate
CD014937_pub2_data__A6,CD014937,63,C,-0.173921,0.193038,False,15,1855,10.1002/14651858.CD014937.pub2,3,49.101796407185624,False,0,28.353293413173652,Moderate
CD014937_pub2_data__A7,CD014937,63,C,-0.161801,0.218706,False,16,2430,10.1002/14651858.CD014937.pub2,3,49.101796407185624,False,0,28.353293413173652,Moderate
CD007079_pub4_data__A7,CD007079,63,C,-0.067325,0.882905,False,20,8406,10.1002/14651858.CD007079.pub4,0,9.68063872255489,False,0,11.65668662674651,Moderate
CD015532_data__A14,CD015532,63,C,1.942676,0.185649,False,3,185,10.1002/14651858.CD015532,3,49.101796407185624,False,0,27.5748502994012,Moderate
CD015588_pub2_data__A51,CD015588,63,C,0.001069,0.985512,False,16,39832,10.1002/14651858.CD015588.pub2,17,94.61077844311377,False,0,47.74451097804391,Moderate
CD003414_pub4_data__A4,CD003414,63,C,0.013623,0.818135,False,32,6154,10.1002/14651858.CD003414.pub4,5,63.57285429141717,False,0,28.88223552894212,Moderate
CD003414_pub4_data__A6,CD003414,63,C,-0.144137,0.219503,False,14,3492,10.1002/14651858.CD003414.pub4,5,63.57285429141717,False,0,28.88223552894212,Moderate
CD012079_pub2_data__A6,CD012079,63,C,0.880587,0.016293,True,21,2790,10.1002/14651858.CD012079.pub2,12,86.42714570858283,False,0,43.56287425149701,Moderate
CD012079_pub2_data__A8,CD012079,63,C,0.00614,0.984683,False,40,7318,10.1002/14651858.CD012079.pub2,12,86.42714570858283,False,0,43.56287425149701,Moderate
CD014820_pub2_data__A3,CD014820,63,C,0.157406,0.019426,True,96,14959,10.1002/14651858.CD014820.pub2,1,26.34730538922156,False,0,15.788423153692616,Moderate
CD015213_pub2_data__A4,CD015213,63,C,-0.570291,0.008868,True,33,3701,10.1002/14651858.CD015213.pub2,6,68.76247504990019,False,0,34.55089820359281,Moderate
CD008873_pub5_data__A5,CD008873,63,C,-0.151991,0.571161,False,4,1669,10.1002/14651858.CD008873.pub5,18,95.50898203592814,False,0,45.54890219560878,Moderate
CD009752_pub3_data__A4,CD009752,63,C,0.053712,0.847653,False,4,419,10.1002/14651858.CD009752.pub3,1,26.34730538922156,True,0,39.42115768463074,Moderate
CD002243_pub5_data__A10,CD002243,63,C,-0.036951,0.452974,False,15,8728,10.1002/14651858.CD002243.pub5,0,9.68063872255489,False,0,12.355289421157686,Moderate
CD012429_pub2_data__A15,CD012429,63,C,-1.052387,0.460912,False,3,281,10.1002/14651858.CD012429.pub2,0,9.68063872255489,False,0,13.053892215568862,Moderate
CD012429_pub2_data__A16,CD012429,63,C,-1.052387,0.460912,False,3,281,10.1002/14651858.CD012429.pub2,0,9.68063872255489,False,0,13.053892215568862,Moderate
CD016002_data__A23,CD016002,63,C,-0.210107,0.651539,False,6,797,10.1002/14651858.CD016002,1,26.34730538922156,False,0,19.640718562874255,Moderate
CD016002_data__A16,CD016002,63,C,1.048288,0.024124,True,22,1374,10.1002/14651858.CD016002,1,26.34730538922156,False,0,19.640718562874255,Moderate
CD015331_pub2_data__A72,CD015331,63,C,0.205921,0.742694,False,5,900,10.1002/14651858.CD015331.pub2,2,39.12175648702595,False,0,25.64870259481038,Moderate
CD015331_pub2_data__A73,CD015331,63,C,0.205921,0.742694,False,5,900,10.1002/14651858.CD015331.pub2,2,39.12175648702595,False,0,25.64870259481038,Moderate
CD015213_pub2_data__A6,CD015213,63,C,-0.478121,0.029213,True,25,2968,10.1002/14651858.CD015213.pub2,6,68.76247504990019,False,0,34.55089820359281,Moderate
CD015213_pub2_data__A7,CD015213,63,C,-0.498291,0.029351,True,27,3178,10.1002/14651858.CD015213.pub2,6,68.76247504990019,False,0,34.55089820359281,Moderate
CD015213_pub2_data__A8,CD015213,63,C,-0.147477,0.606353,False,18,2095,10.1002/14651858.CD015213.pub2,6,68.76247504990019,False,0,34.55089820359281,Moderate
CD003833_pub5_data__A5,CD003833,63,C,-0.046433,0.966233,False,4,236,10.1002/14651858.CD003833.pub5,0,9.68063872255489,False,0,6.57684630738523,Moderate
CD003833_pub5_data__A6,CD003833,63,C,-0.357406,0.5964,False,4,251,10.1002/14651858.CD003833.pub5,0,9.68063872255489,False,0,6.57684630738523,Moderate
CD004736_pub6_data__A22,CD004736,63,C,-0.038914,0.570596,False,24,21185,10.1002/14651858.CD004736.pub6,14,90.31936127744511,False,0,46.10778443113773,Moderate
CD012429_pub2_data__A10,CD012429,63,C,-0.770715,0.203503,False,4,303,10.1002/14651858.CD012429.pub2,0,9.68063872255489,False,0,13.053892215568862,Moderate
CD012429_pub2_data__A11,CD012429,63,C,-1.650843,0.064348,False,3,281,10.1002/14651858.CD012429.pub2,0,9.68063872255489,False,0,13.053892215568862,Moderate
CD012429_pub2_data__A12,CD012429,63,C,-2.023748,0.077764,False,3,281,10.1002/14651858.CD012429.pub2,0,9.68063872255489,False,0,13.053892215568862,Moderate
CD012429_pub2_data__A13,CD012429,63,C,0.240202,0.753279,False,3,281,10.1002/14651858.CD012429.pub2,0,9.68063872255489,False,0,13.053892215568862,Moderate
CD012429_pub2_data__A14,CD012429,63,C,-1.836732,0.150731,False,3,281,10.1002/14651858.CD012429.pub2,0,9.68063872255489,False,0,13.053892215568862,Moderate
CD004667_pub6_data__A23,CD004667,63,C,-0.137433,0.150285,False,13,16260,10.1002/14651858.CD004667.pub6,64,99.8003992015968,False,0,48.21357285429142,Moderate
CD004667_pub6_data__A5,CD004667,63,C,0.218165,0.119512,False,48,64488,10.1002/14651858.CD004667.pub6,64,99.8003992015968,False,0,48.21357285429142,Moderate
CD004667_pub6_data__A7,CD004667,63,C,-0.15421,0.381976,False,40,58872,10.1002/14651858.CD004667.pub6,64,99.8003992015968,False,0,48.21357285429142,Moderate
CD009752_pub3_data__A1,CD009752,63,C,-0.269495,0.512156,False,10,990,10.1002/14651858.CD009752.pub3,1,26.34730538922156,True,0,39.42115768463074,Moderate
CD015134_pub2_data__A1,CD015134,63,C,-0.662522,0.040579,True,4,12216,10.1002/14651858.CD015134.pub2,10,82.83433133732535,False,0,36.58682634730539,Moderate
CD015387_pub2_data__A4,CD015387,63,C,-0.337481,0.000363,True,20,5558,10.1002/14651858.CD015387.pub2,3,49.101796407185624,False,0,24.281437125748504,Moderate
CD013456_pub2_data__A10,CD013456,63,C,0.210046,0.811096,False,6,403,10.1002/14651858.CD013456.pub2,16,93.21357285429141,False,0,44.3313373253493,Moderate
CD012429_pub2_data__A6,CD012429,63,C,-0.56547,0.333098,False,3,281,10.1002/14651858.CD012429.pub2,0,9.68063872255489,False,0,13.053892215568862,Moderate
CD012429_pub2_data__A7,CD012429,63,C,-0.146563,0.803348,False,3,281,10.1002/14651858.CD012429.pub2,0,9.68063872255489,False,0,13.053892215568862,Moderate
CD012429_pub2_data__A8,CD012429,63,C,0.623249,0.479311,False,3,281,10.1002/14651858.CD012429.pub2,0,9.68063872255489,False,0,13.053892215568862,Moderate
CD012429_pub2_data__A9,CD012429,63,C,-0.632903,0.232159,False,4,303,10.1002/14651858.CD012429.pub2,0,9.68063872255489,False,0,13.053892215568862,Moderate
CD012429_pub2_data__A17,CD012429,63,C,-1.052387,0.460912,False,3,281,10.1002/14651858.CD012429.pub2,0,9.68063872255489,False,0,13.053892215568862,Moderate
CD012429_pub2_data__A18,CD012429,63,C,-2.183204,0.121733,False,3,281,10.1002/14651858.CD012429.pub2,0,9.68063872255489,False,0,13.053892215568862,Moderate
CD012429_pub2_data__A19,CD012429,63,C,-0.234309,0.771755,False,3,281,10.1002/14651858.CD012429.pub2,0,9.68063872255489,False,0,13.053892215568862,Moderate
CD012429_pub2_data__A21,CD012429,63,C,0.418057,0.617685,False,4,303,10.1002/14651858.CD012429.pub2,0,9.68063872255489,False,0,13.053892215568862,Moderate
CD012429_pub2_data__A22,CD012429,63,C,-0.142657,0.882445,False,3,281,10.1002/14651858.CD012429.pub2,0,9.68063872255489,False,0,13.053892215568862,Moderate
CD012429_pub2_data__A23,CD012429,63,C,0.543249,0.447018,False,3,281,10.1002/14651858.CD012429.pub2,0,9.68063872255489,False,0,13.053892215568862,Moderate
CD015711_pub2_data__A1,CD015711,63,C,0.301387,0.479674,False,3,274,10.1002/14651858.CD015711.pub2,3,49.101796407185624,False,0,22.345309381237527,Moderate
CD015711_pub2_data__A2,CD015711,63,C,-0.817932,0.201264,False,5,422,10.1002/14651858.CD015711.pub2,3,49.101796407185624,False,0,22.345309381237527,Moderate
CD014785_pub2_data__A1,CD014785,63,C,0.225609,0.303726,False,3,1271,10.1002/14651858.CD014785.pub2,24,97.50499001996008,False,0,40.33932135728543,Moderate
CD008940_pub4_data__A5,CD008940,63,C,-0.045177,0.610031,False,31,2513,10.1002/14651858.CD008940.pub4,0,9.68063872255489,False,0,6.57684630738523,Moderate
CD013456_pub2_data__A6,CD013456,63,C,0.257052,0.641514,False,11,1154,10.1002/14651858.CD013456.pub2,16,93.21357285429141,False,0,44.3313373253493,Moderate
CD013445_pub2_data__A30,CD013445,63,C,1.400355,0.01386,True,5,316,10.1002/14651858.CD013445.pub2,15,91.81636726546905,False,0,46.387225548902194,Moderate
CD015786_pub2_data__A6,CD015786,63,C,-1.615093,0.239899,False,2,138,10.1002/14651858.CD015786.pub2,1,26.34730538922156,False,0,13.243512974051898,Moderate
CD015219_pub2_data__A11,CD015219,63,C,0.044253,0.806338,False,12,3317,10.1002/14651858.CD015219.pub2,8,76.14770459081836,True,0,57.80439121756487,Moderate
CD004736_pub6_data__A36,CD004736,63,C,-0.593359,0.023236,True,34,21977,10.1002/14651858.CD004736.pub6,14,90.31936127744511,False,0,46.10778443113773,Moderate
CD008176_pub3_data__A6,CD008176,63,C,-0.053889,0.59903,False,24,5413,10.1002/14651858.CD008176.pub3,13,88.32335329341318,False,0,44.740518962075846,Moderate
CD003519_pub5_data__A3,CD003519,63,C,0.757148,0.0,True,45,5505,10.1002/14651858.CD003519.pub5,1,26.34730538922156,False,0,19.640718562874255,Moderate
CD012429_pub2_data__A20,CD012429,63,C,0.356392,0.509799,False,3,281,10.1002/14651858.CD012429.pub2,0,9.68063872255489,False,0,13.053892215568862,Moderate
CD015254_pub2_data__A5,CD015254,63,C,-1.78377,0.001996,True,7,625,10.1002/14651858.CD015254.pub2,5,63.57285429141717,False,0,32.47504990019961,Moderate
CD014741_pub2_data__A8,CD014741,63,C,-0.101672,0.434311,False,12,11600,10.1002/14651858.CD014741.pub2,3,49.101796407185624,False,0,24.281437125748504,Moderate
CD012586_pub2_data__A8,CD012586,63,C,-0.085036,0.765885,False,50,13009,10.1002/14651858.CD012586.pub2,4,57.48502994011976,False,0,28.243512974051896,Moderate
CD013278_pub3_data__A25,CD013278,63,C,-1.386294,0.224759,False,1,79,10.1002/14651858.CD013278.pub3,4,57.48502994011976,True,0,52.40518962075848,Moderate
CD013278_pub3_data__A26,CD013278,63,C,-0.640503,0.607236,False,1,79,10.1002/14651858.CD013278.pub3,4,57.48502994011976,True,0,52.40518962075848,Moderate
CD013278_pub3_data__A27,CD013278,63,C,-0.665748,0.458024,False,1,79,10.1002/14651858.CD013278.pub3,4,57.48502994011976,True,0,52.40518962075848,Moderate
CD013715_pub2_data__A1,CD013715,63,C,1.380959,0.003512,True,6,353,10.1002/14651858.CD013715.pub2,0,9.68063872255489,False,0,12.754491017964073,Moderate
CD015123_pub2_data__A2,CD015123,63,C,0.098285,0.552999,False,5,1140,10.1002/14651858.CD015123.pub2,0,9.68063872255489,False,0,9.121756487025948,Moderate
CD015448_pub2_data__A6,CD015448,63,C,-0.032264,0.973114,False,5,772,10.1002/14651858.CD015448.pub2,11,84.83033932135729,False,0,37.38522954091817,Moderate
CD010583_pub6_data__A6,CD010583,63,C,-0.166063,0.59821,False,9,2015,10.1002/14651858.CD010583.pub6,2,39.12175648702595,False,0,19.79041916167665,Moderate
CD008940_pub4_data__A1,CD008940,63,C,0.142642,0.238525,False,30,1729,10.1002/14651858.CD008940.pub4,0,9.68063872255489,False,0,6.57684630738523,Moderate
CD008940_pub4_data__A2,CD008940,63,C,0.06052,0.538284,False,30,2846,10.1002/14651858.CD008940.pub4,0,9.68063872255489,False,0,6.57684630738523,Moderate
CD009235_pub4_data__A7,CD009235,63,C,-0.007502,0.986917,False,20,1545,10.1002/14651858.CD009235.pub4,1,26.34730538922156,False,0,19.25149700598803,Moderate
CD004667_pub6_data__A10,CD004667,63,C,-0.102748,0.071331,False,14,17666,10.1002/14651858.CD004667.pub6,64,99.8003992015968,False,0,48.21357285429142,Moderate
CD001396_pub4_data__A20,CD001396,63,C,-0.044848,0.709341,False,18,1766,10.1002/14651858.CD001396.pub4,5,63.57285429141717,False,0,33.72255489021957,Moderate
CD010583_pub6_data__A7,CD010583,63,C,0.250282,0.18239,False,8,1876,10.1002/14651858.CD010583.pub6,2,39.12175648702595,False,0,19.79041916167665,Moderate
CD006913_pub3_data__A9,CD006913,63,C,0.021706,0.928663,False,70,5059,10.1002/14651858.CD006913.pub3,3,49.101796407185624,False,0,29.171656686626747,Moderate
CD006919_pub5_data__A1,CD006919,63,C,0.050334,0.739829,False,14,1744,10.1002/14651858.CD006919.pub5,3,49.101796407185624,False,0,26.097804391217565,Moderate
CD006632_pub3_data__A11,CD006632,63,C,-0.10195,0.915016,False,5,1122,10.1002/14651858.CD006632.pub3,4,57.48502994011976,False,0,29.451097804391217,Moderate
CD006632_pub3_data__A2,CD006632,63,C,-0.154398,0.857664,False,6,7336,10.1002/14651858.CD006632.pub3,4,57.48502994011976,False,0,29.451097804391217,Moderate
CD006632_pub3_data__A8,CD006632,63,C,-0.15524,0.870764,False,5,3795,10.1002/14651858.CD006632.pub3,4,57.48502994011976,False,0,29.451097804391217,Moderate
CD009235_pub4_data__A15,CD009235,63,C,-0.005736,0.985735,False,40,3571,10.1002/14651858.CD009235.pub4,1,26.34730538922156,False,0,19.25149700598803,Moderate
CD007674_pub3_data__A3,CD007674,63,C,0.329495,0.034412,True,42,2723,10.1002/14651858.CD007674.pub3,0,9.68063872255489,False,0,8.013972055888225,Moderate
CD012693_pub3_data__A12,CD012693,63,C,-0.167206,0.473764,False,22,6987,10.1002/14651858.CD012693.pub3,12,86.42714570858283,False,0,44.141716566866265,Moderate
CD008176_pub3_data__A22,CD008176,63,C,-0.179962,0.127905,False,25,2770,10.1002/14651858.CD008176.pub3,13,88.32335329341318,False,0,44.740518962075846,Moderate
CD004736_pub6_data__A61,CD004736,63,C,0.21839,0.624074,False,10,1742,10.1002/14651858.CD004736.pub6,14,90.31936127744511,False,0,46.10778443113773,Moderate
CD014741_pub2_data__A1,CD014741,63,C,0.039177,0.696504,False,22,14689,10.1002/14651858.CD014741.pub2,3,49.101796407185624,False,0,24.281437125748504,Moderate
CD015254_pub2_data__A3,CD015254,63,C,-1.718567,0.001306,True,8,1041,10.1002/14651858.CD015254.pub2,5,63.57285429141717,False,0,32.47504990019961,Moderate
CD015254_pub2_data__A4,CD015254,63,C,-1.704206,0.001003,True,8,1079,10.1002/14651858.CD015254.pub2,5,63.57285429141717,False,0,32.47504990019961,Moderate
CD015326_pub2_data__A13,CD015326,63,C,-0.008984,0.987386,False,13,7651,10.1002/14651858.CD015326.pub2,1,26.34730538922156,False,0,20.259481037924154,Moderate
CD010583_pub6_data__A1,CD010583,63,C,-0.325696,0.413684,False,9,2036,10.1002/14651858.CD010583.pub6,2,39.12175648702595,False,0,19.79041916167665,Moderate
CD010583_pub6_data__A2,CD010583,63,C,-0.601261,0.052352,False,8,1479,10.1002/14651858.CD010583.pub6,2,39.12175648702595,False,0,19.79041916167665,Moderate
CD012693_pub3_data__A3,CD012693,63,C,-0.001062,0.982276,False,26,8901,10.1002/14651858.CD012693.pub3,12,86.42714570858283,False,0,44.141716566866265,Moderate
CD014580_pub2_data__A4,CD014580,63,C,-0.312599,0.561547,False,6,1113,10.1002/14651858.CD014580.pub2,0,9.68063872255489,False,0,8.013972055888225,Moderate
CD013278_pub3_data__A1,CD013278,63,C,0.143065,0.274685,False,18,2297,10.1002/14651858.CD013278.pub3,4,57.48502994011976,True,0,52.40518962075848,Moderate
CD013278_pub3_data__A19,CD013278,63,C,1.53107,0.041412,True,6,878,10.1002/14651858.CD013278.pub3,4,57.48502994011976,True,0,52.40518962075848,Moderate
CD013278_pub3_data__A28,CD013278,63,C,-0.414434,0.653301,False,1,228,10.1002/14651858.CD013278.pub3,4,57.48502994011976,True,0,52.40518962075848,Moderate
CD009235_pub4_data__A18,CD009235,63,C,-0.00626,0.984433,False,40,3572,10.1002/14651858.CD009235.pub4,1,26.34730538922156,False,0,19.25149700598803,Moderate
CD009235_pub4_data__A21,CD009235,63,C,-0.005736,0.985735,False,40,3571,10.1002/14651858.CD009235.pub4,1,26.34730538922156,False,0,19.25149700598803,Moderate
CD011330_pub2_data__A2,CD011330,63,C,0.973834,0.242538,False,5,140,10.1002/14651858.CD011330.pub2,1,26.34730538922156,False,0,13.243512974051898,Moderate
CD011305_pub3_data__A16,CD011305,63,C,0.153094,0.932383,False,2,63,10.1002/14651858.CD011305.pub3,6,68.76247504990019,False,0,36.21756487025948,Moderate
CD006919_pub5_data__A2,CD006919,63,C,0.070701,0.479053,False,27,2994,10.1002/14651858.CD006919.pub5,3,49.101796407185624,False,0,26.097804391217565,Moderate
CD006919_pub5_data__A5,CD006919,63,C,0.092274,0.719812,False,22,2056,10.1002/14651858.CD006919.pub5,3,49.101796407185624,False,0,26.097804391217565,Moderate
CD002243_pub5_data__A9,CD002243,63,C,-0.234532,0.019839,True,22,2041,10.1002/14651858.CD002243.pub5,0,9.68063872255489,False,0,12.355289421157686,Moderate
CD004871_pub5_data__A3,CD004871,63,C,-1.274186,0.02986,True,9,428,10.1002/14651858.CD004871.pub5,6,68.76247504990019,False,0,34.55089820359281,Moderate
CD014574_pub2_data__A3,CD014574,63,C,0.164266,0.76017,False,4,283,10.1002/14651858.CD014574.pub2,2,39.12175648702595,False,0,25.059880239520957,Moderate
CD007872_pub4_data__A3,CD007872,63,C,-0.149183,0.413052,False,2,18897,10.1002/14651858.CD007872.pub4,2,39.12175648702595,False,0,23.77245508982036,Moderate
CD004925_pub4_data__A3,CD004925,63,C,-1.35793,0.00948,True,10,1634,10.1002/14651858.CD004925.pub4,10,82.83433133732535,False,0,36.58682634730539,Moderate
CD007872_pub4_data__A5,CD007872,63,C,-0.017845,0.975306,False,2,15081,10.1002/14651858.CD007872.pub4,2,39.12175648702595,False,0,23.77245508982036,Moderate
CD007872_pub4_data__A6,CD007872,63,C,-0.130413,0.298981,False,1,15066,10.1002/14651858.CD007872.pub4,2,39.12175648702595,False,0,23.77245508982036,Moderate
CD008063_pub3_data__A1,CD008063,63,C,0.01333,0.935813,False,148,24982,10.1002/14651858.CD008063.pub3,16,93.21357285429141,False,0,37.99401197604791,Moderate
CD013105_pub2_data__A3,CD013105,63,C,0.178895,0.335627,False,19,1804,10.1002/14651858.CD013105.pub2,1,26.34730538922156,False,0,13.992015968063875,Moderate
CD012925_pub2_data__A5,CD012925,63,C,-0.048772,0.400492,False,20,97552,10.1002/14651858.CD012925.pub2,8,76.14770459081836,False,0,35.0998003992016,Moderate
CD006913_pub3_data__A12,CD006913,63,C,-0.308567,0.033832,True,61,5205,10.1002/14651858.CD006913.pub3,3,49.101796407185624,False,0,29.171656686626747,Moderate
CD006689_pub3_data__A17,CD006689,63,C,-0.220257,0.065155,False,14,6390,10.1002/14651858.CD006689.pub3,2,39.12175648702595,False,0,24.640718562874255,Moderate
CD011305_pub3_data__A20,CD011305,63,C,0.006667,0.997345,False,1,299,10.1002/14651858.CD011305.pub3,6,68.76247504990019,False,0,36.21756487025948,Moderate
CD011305_pub3_data__A21,CD011305,63,C,0.006667,0.997345,False,1,299,10.1002/14651858.CD011305.pub3,6,68.76247504990019,False,0,36.21756487025948,Moderate
CD011305_pub3_data__A22,CD011305,63,C,-0.143707,0.651664,False,1,299,10.1002/14651858.CD011305.pub3,6,68.76247504990019,False,0,36.21756487025948,Moderate
CD011305_pub3_data__A7,CD011305,63,C,-0.692901,0.688108,False,2,405,10.1002/14651858.CD011305.pub3,6,68.76247504990019,False,0,36.21756487025948,Moderate
CD013042_pub2_data__A3,CD013042,63,C,1.028394,0.009232,True,22,1342,10.1002/14651858.CD013042.pub2,6,68.76247504990019,False,0,31.646706586826344,Moderate
CD015331_pub2_data__A35,CD015331,63,C,-0.39095,0.077621,False,14,1136,10.1002/14651858.CD015331.pub2,2,39.12175648702595,False,0,25.64870259481038,Moderate
CD004992_pub4_data__A3,CD004992,63,C,-1.61614,0.271912,False,2,178,10.1002/14651858.CD004992.pub4,8,76.14770459081836,False,0,35.0998003992016,Moderate
CD005495_pub5_data__A8,CD005495,63,C,-0.182422,0.137001,False,36,4132,10.1002/14651858.CD005495.pub5,35,99.20159680638723,False,0,43.82235528942116,Moderate
CD015331_pub2_data__A46,CD015331,63,C,-0.094959,0.905345,False,7,571,10.1002/14651858.CD015331.pub2,2,39.12175648702595,False,0,25.64870259481038,Moderate
CD004992_pub4_data__A4,CD004992,63,C,0.263081,0.754886,False,3,101,10.1002/14651858.CD004992.pub4,8,76.14770459081836,False,0,35.0998003992016,Moderate
CD015331_pub2_data__A48,CD015331,63,C,-0.193557,0.185998,False,27,2242,10.1002/14651858.CD015331.pub2,2,39.12175648702595,False,0,25.64870259481038,Moderate
CD013042_pub2_data__A1,CD013042,63,C,-0.048401,0.823692,False,87,6544,10.1002/14651858.CD013042.pub2,6,68.76247504990019,False,0,31.646706586826344,Moderate
CD013042_pub2_data__A2,CD013042,63,C,-0.062546,0.789353,False,75,5206,10.1002/14651858.CD013042.pub2,6,68.76247504990019,False,0,31.646706586826344,Moderate
CD015084_pub2_data__A5,CD015084,63,C,1.188025,0.071384,False,4,229,10.1002/14651858.CD015084.pub2,6,68.76247504990019,False,0,30.209580838323348,Moderate
CD006632_pub3_data__A10,CD006632,63,C,-0.212051,0.824855,False,5,2222,10.1002/14651858.CD006632.pub3,4,57.48502994011976,False,0,29.451097804391217,Moderate
CD006689_pub3_data__A6,CD006689,63,C,-0.471074,0.029781,True,13,4616,10.1002/14651858.CD006689.pub3,2,39.12175648702595,False,0,24.640718562874255,Moderate
CD015518_data__A1,CD015518,63,C,-0.057668,0.788945,False,88,7581,10.1002/14651858.CD015518,3,49.101796407185624,False,0,24.890219560878243,Moderate
CD006712_pub3_data__A1,CD006712,63,C,0.032676,0.947935,False,20,1881,10.1002/14651858.CD006712.pub3,3,49.101796407185624,False,0,20.97804391217565,Moderate
CD006689_pub3_data__A12,CD006689,63,C,0.062089,0.560948,False,16,6860,10.1002/14651858.CD006689.pub3,2,39.12175648702595,False,0,24.640718562874255,Moderate
CD015476_pub2_data__A3,CD015476,63,C,0.234006,0.029493,True,17,14319,10.1002/14651858.CD015476.pub2,0,9.68063872255489,False,0,11.21756487025948,Moderate
CD011305_pub3_data__A13,CD011305,63,C,-0.453902,0.053574,False,1,299,10.1002/14651858.CD011305.pub3,6,68.76247504990019,False,0,36.21756487025948,Moderate
CD013595_pub2_data__A5,CD013595,63,C,-0.179161,0.203332,False,5,2518,10.1002/14651858.CD013595.pub2,6,68.76247504990019,False,0,32.75449101796407,Moderate
CD000219_pub5_data__A2,CD000219,63,C,0.602688,0.000502,True,11,3053,10.1002/14651858.CD000219.pub5,7,73.05389221556887,False,0,31.926147704590818,Moderate
CD016168_data__A3,CD016168,63,C,-0.272557,0.256215,False,3,2740,10.1002/14651858.CD016168,0,9.68063872255489,False,0,12.355289421157686,Moderate
CD009788_pub3_data__A11,CD009788,63,C,-0.538927,0.060945,False,5,868,10.1002/14651858.CD009788.pub3,2,39.12175648702595,False,0,21.60678642714571,Moderate
CD013303_pub2_data__A3,CD013303,62,C,0.323416,0.423833,False,13,2130,10.1002/14651858.CD013303.pub2,20,96.50698602794411,False,0,47.70459081836328,Moderate
CD008709_pub4_data__A4,CD008709,62,C,-0.200506,0.407429,False,10,1516,10.1002/14651858.CD008709.pub4,12,86.42714570858283,False,0,42.86427145708583,Moderate
CD014769_pub2_data__A25,CD014769,62,C,0.101249,0.112686,False,8,42454,10.1002/14651858.CD014769.pub2,4,57.48502994011976,True,0,52.40518962075848,Moderate
CD014769_pub2_data__A22,CD014769,62,C,0.054084,0.194473,False,9,43325,10.1002/14651858.CD014769.pub2,4,57.48502994011976,True,0,52.40518962075848,Moderate
CD014769_pub2_data__A18,CD014769,62,C,0.226279,0.619045,False,7,64988,10.1002/14651858.CD014769.pub2,4,57.48502994011976,True,0,52.40518962075848,Moderate
CD014769_pub2_data__A15,CD014769,62,C,-0.175032,0.627495,False,5,28427,10.1002/14651858.CD014769.pub2,4,57.48502994011976,True,0,52.40518962075848,Moderate
CD005187_pub6_data__A4,CD005187,62,C,-0.192128,0.420638,False,6,6599,10.1002/14651858.CD005187.pub6,1,26.34730538922156,False,0,12.574850299401199,Moderate
CD013875_pub2_data__A7,CD013875,62,C,0.282702,0.335593,False,7,676,10.1002/14651858.CD013875.pub2,17,94.61077844311377,False,0,45.778443113772454,Moderate
CD013875_pub2_data__A6,CD013875,62,C,0.282702,0.335593,False,7,676,10.1002/14651858.CD013875.pub2,17,94.61077844311377,False,0,45.778443113772454,Moderate
CD014544_pub2_data__A3,CD014544,62,C,-0.635034,0.261494,False,14,738,10.1002/14651858.CD014544.pub2,8,76.14770459081836,False,0,33.16367265469062,Moderate
CD001396_pub4_data__A9,CD001396,62,C,0.776206,0.005446,True,16,2304,10.1002/14651858.CD001396.pub4,5,63.57285429141717,False,0,33.72255489021957,Moderate
CD013801_pub2_data__A21,CD013801,62,C,1.533034,0.040433,True,5,275,10.1002/14651858.CD013801.pub2,0,9.68063872255489,False,0,12.86427145708583,Moderate
CD014852_pub2_data__A14,CD014852,62,C,-0.280858,0.086147,False,8,5381,10.1002/14651858.CD014852.pub2,4,57.48502994011976,False,0,32.405189620758485,Moderate
CD014852_pub2_data__A13,CD014852,62,C,-0.289797,0.063087,False,9,5416,10.1002/14651858.CD014852.pub2,4,57.48502994011976,False,0,32.405189620758485,Moderate
CD014852_pub2_data__A12,CD014852,62,C,-0.083732,0.409909,False,7,4456,10.1002/14651858.CD014852.pub2,4,57.48502994011976,False,0,32.405189620758485,Moderate
CD014852_pub2_data__A11,CD014852,62,C,-0.375371,0.602575,False,8,678,10.1002/14651858.CD014852.pub2,4,57.48502994011976,False,0,32.405189620758485,Moderate
CD014852_pub2_data__A1,CD014852,62,C,-0.017003,0.77132,False,18,5811,10.1002/14651858.CD014852.pub2,4,57.48502994011976,False,0,32.405189620758485,Moderate
CD015326_pub2_data__A30,CD015326,62,C,-0.138581,0.872153,False,6,2557,10.1002/14651858.CD015326.pub2,1,26.34730538922156,False,0,20.259481037924154,Moderate
CD014852_pub2_data__A19,CD014852,62,C,0.07537,0.512132,False,5,5276,10.1002/14651858.CD014852.pub2,4,57.48502994011976,False,0,32.405189620758485,Moderate
CD014852_pub2_data__A18,CD014852,62,C,-0.091678,0.593756,False,5,1295,10.1002/14651858.CD014852.pub2,4,57.48502994011976,False,0,32.405189620758485,Moderate
CD014852_pub2_data__A15,CD014852,62,C,-0.005201,0.975905,False,5,5121,10.1002/14651858.CD014852.pub2,4,57.48502994011976,False,0,32.405189620758485,Moderate
CD015213_pub2_data__A13,CD015213,62,C,-0.033521,0.969057,False,6,505,10.1002/14651858.CD015213.pub2,6,68.76247504990019,False,0,34.55089820359281,Moderate
CD015213_pub2_data__A11,CD015213,62,C,-0.031856,0.965569,False,8,734,10.1002/14651858.CD015213.pub2,6,68.76247504990019,False,0,34.55089820359281,Moderate
CD007872_pub4_data__A9,CD007872,62,C,-0.887253,0.420505,False,3,18774,10.1002/14651858.CD007872.pub4,2,39.12175648702595,False,0,23.77245508982036,Moderate
CD007872_pub4_data__A8,CD007872,62,C,-0.453122,0.311618,False,3,18972,10.1002/14651858.CD007872.pub4,2,39.12175648702595,False,0,23.77245508982036,Moderate
CD014428_pub2_data__A2,CD014428,62,C,-0.03652,0.953392,False,11,631,10.1002/14651858.CD014428.pub2,1,26.34730538922156,False,0,13.992015968063875,Moderate
CD011305_pub3_data__A11,CD011305,62,C,-0.069975,0.904167,False,3,362,10.1002/14651858.CD011305.pub3,6,68.76247504990019,False,0,36.21756487025948,Moderate
CD011305_pub3_data__A1,CD011305,62,C,0.079659,0.942915,False,4,368,10.1002/14651858.CD011305.pub3,6,68.76247504990019,False,0,36.21756487025948,Moderate
CD012429_pub2_data__A5,CD012429,62,C,0.182566,0.645981,False,3,281,10.1002/14651858.CD012429.pub2,0,9.68063872255489,False,0,13.053892215568862,Moderate
CD015326_pub2_data__A9,CD015326,62,C,-0.002233,0.997928,False,6,1755,10.1002/14651858.CD015326.pub2,1,26.34730538922156,False,0,20.259481037924154,Moderate
CD013166_pub3_data__A1,CD013166,62,C,-0.259407,0.445789,False,36,2326,10.1002/14651858.CD013166.pub3,1,26.34730538922156,False,0,11.876247504990022,Moderate
CD015331_pub2_data__A65,CD015331,62,C,-0.174257,0.744852,False,15,620,10.1002/14651858.CD015331.pub2,2,39.12175648702595,False,0,25.64870259481038,Moderate
CD001396_pub4_data__A6,CD001396,62,C,0.673085,0.00184,True,21,2633,10.1002/14651858.CD001396.pub4,5,63.57285429141717,False,0,33.72255489021957,Moderate
CD012586_pub2_data__A1,CD012586,62,C,-0.025822,0.31709,False,196,46284,10.1002/14651858.CD012586.pub2,4,57.48502994011976,False,0,28.243512974051896,Moderate
CD015014_pub2_data__A35,CD015014,62,C,-0.304993,0.099678,False,13,2366,10.1002/14651858.CD015014.pub2,5,63.57285429141717,False,0,35.249500998003995,Moderate
CD011204_pub3_data__A5,CD011204,62,C,0.971263,5e-06,True,18,7555,10.1002/14651858.CD011204.pub3,0,9.68063872255489,False,0,9.121756487025948,Moderate
CD011305_pub3_data__A5,CD011305,62,C,0.079659,0.942915,False,4,368,10.1002/14651858.CD011305.pub3,6,68.76247504990019,False,0,36.21756487025948,Moderate
CD011305_pub3_data__A2,CD011305,62,C,-0.477702,0.609285,False,4,368,10.1002/14651858.CD011305.pub3,6,68.76247504990019,False,0,36.21756487025948,Moderate
CD006919_pub5_data__A3,CD006919,62,C,0.086924,0.513344,False,26,2626,10.1002/14651858.CD006919.pub5,3,49.101796407185624,False,0,26.097804391217565,Moderate
CD011305_pub3_data__A19,CD011305,62,C,0.103395,0.93748,False,3,362,10.1002/14651858.CD011305.pub3,6,68.76247504990019,False,0,36.21756487025948,Moderate
CD015701_pub2_data__A2,CD015701,62,C,-0.438864,0.030946,True,4,16107,10.1002/14651858.CD015701.pub2,0,9.68063872255489,False,0,6.57684630738523,Moderate
CD003414_pub4_data__A5,CD003414,62,C,0.07471,0.761047,False,6,1257,10.1002/14651858.CD003414.pub4,5,63.57285429141717,False,0,28.88223552894212,Moderate
CD003414_pub4_data__A3,CD003414,62,C,0.07255,0.372507,False,20,4145,10.1002/14651858.CD003414.pub4,5,63.57285429141717,False,0,28.88223552894212,Moderate
CD015326_pub2_data__A29,CD015326,62,C,-0.138581,0.872153,False,6,2557,10.1002/14651858.CD015326.pub2,1,26.34730538922156,False,0,20.259481037924154,Moderate
CD015326_pub2_data__A28,CD015326,62,C,-0.138581,0.872153,False,6,2557,10.1002/14651858.CD015326.pub2,1,26.34730538922156,False,0,20.259481037924154,Moderate
CD015326_pub2_data__A17,CD015326,62,C,0.017332,0.985487,False,5,2074,10.1002/14651858.CD015326.pub2,1,26.34730538922156,False,0,20.259481037924154,Moderate
CD015326_pub2_data__A16,CD015326,62,C,-0.002006,0.998137,False,6,2682,10.1002/14651858.CD015326.pub2,1,26.34730538922156,False,0,20.259481037924154,Moderate
CD015326_pub2_data__A15,CD015326,62,C,0.023446,0.978228,False,6,2740,10.1002/14651858.CD015326.pub2,1,26.34730538922156,False,0,20.259481037924154,Moderate
CD015326_pub2_data__A8,CD015326,62,C,-0.089458,0.896876,False,9,3192,10.1002/14651858.CD015326.pub2,1,26.34730538922156,False,0,20.259481037924154,Moderate
CD015326_pub2_data__A7,CD015326,62,C,-0.001439,0.998342,False,9,989,10.1002/14651858.CD015326.pub2,1,26.34730538922156,False,0,20.259481037924154,Moderate
CD015326_pub2_data__A38,CD015326,62,C,-0.138581,0.872153,False,6,2557,10.1002/14651858.CD015326.pub2,1,26.34730538922156,False,0,20.259481037924154,Moderate
CD015326_pub2_data__A34,CD015326,62,C,0.017332,0.985487,False,5,2074,10.1002/14651858.CD015326.pub2,1,26.34730538922156,False,0,20.259481037924154,Moderate
CD014852_pub2_data__A6,CD014852,62,C,-0.753326,0.155866,False,9,730,10.1002/14651858.CD014852.pub2,4,57.48502994011976,False,0,32.405189620758485,Moderate
CD015849_pub2_data__A22,CD015849,62,C,-0.908503,0.003764,True,6,668,10.1002/14651858.CD015849.pub2,4,57.48502994011976,False,0,32.83433133732535,Moderate
CD001431_pub6_data__A3,CD001431,62,C,0.257195,6e-06,True,353,86492,10.1002/14651858.CD001431.pub6,166,100.0,False,0,42.70459081836327,Moderate
CD007837_pub3_data__A3,CD007837,62,C,-1.691198,0.048703,True,4,249,10.1002/14651858.CD007837.pub3,18,95.50898203592814,False,0,42.34530938123752,Moderate
CD015014_pub2_data__A37,CD015014,62,C,-0.304993,0.099678,False,13,2366,10.1002/14651858.CD015014.pub2,5,63.57285429141717,False,0,35.249500998003995,Moderate
CD015014_pub2_data__A36,CD015014,62,C,-0.304993,0.099678,False,13,2366,10.1002/14651858.CD015014.pub2,5,63.57285429141717,False,0,35.249500998003995,Moderate
CD012623_pub2_data__A2,CD012623,62,C,-0.009519,0.991209,False,6,434,10.1002/14651858.CD012623.pub2,8,76.14770459081836,False,0,30.758483033932137,Moderate
CD013232_pub2_data__A13,CD013232,62,C,0.026391,0.835704,False,26,2125,10.1002/14651858.CD013232.pub2,4,57.48502994011976,False,0,31.477045908183634,Moderate
CD008973_pub3_data__A1,CD008973,62,C,1.877716,0.000335,True,10,834,10.1002/14651858.CD008973.pub3,3,49.101796407185624,False,0,23.78243512974052,Moderate
CD009730_pub3_data__A5,CD009730,62,C,-0.086226,0.629451,False,8,2013,10.1002/14651858.CD009730.pub3,1,26.34730538922156,False,0,17.884231536926148,Moderate
CD004736_pub6_data__A32,CD004736,62,C,-0.270005,0.005442,True,25,21684,10.1002/14651858.CD004736.pub6,14,90.31936127744511,False,0,46.10778443113773,Moderate
CD004736_pub6_data__A31,CD004736,62,C,-0.246327,0.019694,True,23,21278,10.1002/14651858.CD004736.pub6,14,90.31936127744511,False,0,46.10778443113773,Moderate
CD015875_data__A28,CD015875,62,C,2.905698,0.031737,True,4,263,10.1002/14651858.CD015875,3,49.101796407185624,False,0,29.3812375249501,Moderate
CD008973_pub3_data__A6,CD008973,62,C,1.877716,0.000335,True,10,834,10.1002/14651858.CD008973.pub3,3,49.101796407185624,False,0,23.78243512974052,Moderate
CD015014_pub2_data__A44,CD015014,62,C,0.093811,0.913348,False,6,1293,10.1002/14651858.CD015014.pub2,5,63.57285429141717,False,0,35.249500998003995,Moderate
CD015014_pub2_data__A43,CD015014,62,C,-0.055445,0.953725,False,5,3832,10.1002/14651858.CD015014.pub2,5,63.57285429141717,False,0,35.249500998003995,Moderate
CD015014_pub2_data__A42,CD015014,62,C,-0.055445,0.953725,False,5,3832,10.1002/14651858.CD015014.pub2,5,63.57285429141717,False,0,35.249500998003995,Moderate
CD015014_pub2_data__A41,CD015014,62,C,-0.055445,0.953725,False,5,3832,10.1002/14651858.CD015014.pub2,5,63.57285429141717,False,0,35.249500998003995,Moderate
CD015014_pub2_data__A40,CD015014,62,C,-0.055445,0.953725,False,5,3832,10.1002/14651858.CD015014.pub2,5,63.57285429141717,False,0,35.249500998003995,Moderate
CD015014_pub2_data__A31,CD015014,62,C,0.001723,0.998403,False,6,1430,10.1002/14651858.CD015014.pub2,5,63.57285429141717,False,0,35.249500998003995,Moderate
CD012178_pub2_data__A5,CD012178,62,C,-0.104927,0.801083,False,5,666,10.1002/14651858.CD012178.pub2,0,9.68063872255489,False,0,6.57684630738523,Moderate
CD013745_pub2_data__A3,CD013745,62,C,0.045048,0.836891,False,8,3673,10.1002/14651858.CD013745.pub2,1,26.34730538922156,False,0,13.992015968063875,Moderate
CD013748_pub2_data__A2,CD013748,62,C,-0.331512,0.124305,False,16,861,10.1002/14651858.CD013748.pub2,0,9.68063872255489,False,0,7.325349301397207,Moderate
CD013414_pub2_data__A1,CD013414,62,C,-0.008616,0.954706,False,10,10892,10.1002/14651858.CD013414.pub2,8,76.14770459081836,False,0,35.70858283433134,Moderate
CD008973_pub3_data__A8,CD008973,62,C,1.877716,0.000335,True,10,834,10.1002/14651858.CD008973.pub3,3,49.101796407185624,False,0,23.78243512974052,Moderate
CD008973_pub3_data__A7,CD008973,62,C,1.877716,0.000335,True,10,834,10.1002/14651858.CD008973.pub3,3,49.101796407185624,False,0,23.78243512974052,Moderate
CD015331_pub2_data__A27,CD015331,62,C,-0.394411,0.449144,False,16,686,10.1002/14651858.CD015331.pub2,2,39.12175648702595,False,0,25.64870259481038,Moderate
CD015331_pub2_data__A20,CD015331,62,C,-0.095234,0.884683,False,10,634,10.1002/14651858.CD015331.pub2,2,39.12175648702595,False,0,25.64870259481038,Moderate
CD014914_pub2_data__A3,CD014914,62,C,0.725098,0.001662,True,16,3631,10.1002/14651858.CD014914.pub2,6,68.76247504990019,False,0,34.29141716566866,Moderate
CD008564_pub3_data__A6,CD008564,62,C,-0.017805,0.988469,False,1,255,10.1002/14651858.CD008564.pub3,3,49.101796407185624,False,0,25.59880239520958,Moderate
CD015532_data__A1,CD015532,62,C,-0.048423,0.724371,False,22,3304,10.1002/14651858.CD015532,3,49.101796407185624,False,0,27.5748502994012,Moderate
CD004736_pub6_data__A29,CD004736,62,C,-0.40648,0.004315,True,26,35180,10.1002/14651858.CD004736.pub6,14,90.31936127744511,False,0,46.10778443113773,Moderate
CD004736_pub6_data__A25,CD004736,62,C,-0.524553,0.028189,True,24,20491,10.1002/14651858.CD004736.pub6,14,90.31936127744511,False,0,46.10778443113773,Moderate
CD012693_pub3_data__A13,CD012693,62,C,-0.370208,0.007995,True,21,6640,10.1002/14651858.CD012693.pub3,12,86.42714570858283,False,0,44.141716566866265,Moderate
CD012642_pub2_data__A5,CD012642,62,C,0.605852,0.404888,False,11,304,10.1002/14651858.CD012642.pub2,9,79.84031936127745,False,0,37.89421157684632,Moderate
CD004508_pub5_data__A11,CD004508,62,C,0.053984,0.95501,False,5,603,10.1002/14651858.CD004508.pub5,1,26.34730538922156,False,0,18.16367265469062,Moderate
CD014965_pub2_data__A4,CD014965,62,C,-0.173071,0.772996,False,7,487,10.1002/14651858.CD014965.pub2,4,57.48502994011976,False,0,32.25548902195609,Moderate
CD012268_pub2_data__A2,CD012268,62,C,-0.010923,0.987463,False,9,731,10.1002/14651858.CD012268.pub2,4,57.48502994011976,False,0,29.451097804391217,Moderate
CD008145_pub4_data__A7,CD008145,62,C,0.306016,0.749665,False,5,52887,10.1002/14651858.CD008145.pub4,24,97.50499001996008,False,0,43.1437125748503,Moderate
CD008145_pub4_data__A6,CD008145,62,C,-0.151005,0.837115,False,8,7191,10.1002/14651858.CD008145.pub4,24,97.50499001996008,False,0,43.1437125748503,Moderate
CD008145_pub4_data__A5,CD008145,62,C,-0.187389,0.8127,False,7,4357,10.1002/14651858.CD008145.pub4,24,97.50499001996008,False,0,43.1437125748503,Moderate
CD008145_pub4_data__A4,CD008145,62,C,-0.03023,0.969424,False,7,6897,10.1002/14651858.CD008145.pub4,24,97.50499001996008,False,0,43.1437125748503,Moderate
CD013445_pub2_data__A25,CD013445,62,C,-0.962158,0.007424,True,19,1849,10.1002/14651858.CD013445.pub2,15,91.81636726546905,False,0,46.387225548902194,Moderate
CD015532_data__A15,CD015532,62,C,0.114252,0.926242,False,4,412,10.1002/14651858.CD015532,3,49.101796407185624,False,0,27.5748502994012,Moderate
CD016168_data__A1,CD016168,62,C,1.659554,0.033287,True,4,2984,10.1002/14651858.CD016168,0,9.68063872255489,False,0,12.355289421157686,Moderate
CD016148_data__A2,CD016148,62,C,-0.388353,0.039534,True,15,11813,10.1002/14651858.CD016148,3,49.101796407185624,False,0,23.78243512974052,Moderate
CD004508_pub5_data__A8,CD004508,62,C,0.029605,0.975272,False,5,702,10.1002/14651858.CD004508.pub5,1,26.34730538922156,False,0,18.16367265469062,Moderate
CD011468_pub2_data__A1,CD011468,62,C,-1.151706,0.036174,True,5,333,10.1002/14651858.CD011468.pub2,3,49.101796407185624,False,0,20.97804391217565,Moderate
CD015387_pub2_data__A6,CD015387,62,C,-0.509494,0.002239,True,14,3318,10.1002/14651858.CD015387.pub2,3,49.101796407185624,False,0,24.281437125748504,Moderate
CD015532_data__A11,CD015532,62,C,-0.467658,0.701894,False,3,224,10.1002/14651858.CD015532,3,49.101796407185624,False,0,27.5748502994012,Moderate
CD013643_pub2_data__A5,CD013643,62,C,-0.198855,0.774979,False,9,689,10.1002/14651858.CD013643.pub2,3,49.101796407185624,False,0,26.686626746506988,Moderate
CD013643_pub2_data__A3,CD013643,62,C,-0.125458,0.856495,False,9,680,10.1002/14651858.CD013643.pub2,3,49.101796407185624,False,0,26.686626746506988,Moderate
CD013059_pub2_data__A4,CD013059,62,C,0.048554,0.978756,False,2,115,10.1002/14651858.CD013059.pub2,6,68.76247504990019,False,0,28.842315369261474,Moderate
CD000547_pub3_data__A6,CD000547,62,C,-0.798401,0.008997,True,17,2425,10.1002/14651858.CD000547.pub3,4,57.48502994011976,False,0,29.451097804391217,Moderate
CD001837_pub4_data__A2,CD001837,62,C,0.231891,0.002284,True,20,10711,10.1002/14651858.CD001837.pub4,14,90.31936127744511,False,0,37.46506986027944,Moderate
CD007872_pub4_data__A19,CD007872,62,C,0.989349,0.236341,False,3,18774,10.1002/14651858.CD007872.pub4,2,39.12175648702595,False,0,23.77245508982036,Moderate
CD007872_pub4_data__A1,CD007872,62,C,-0.084355,0.382111,False,3,18897,10.1002/14651858.CD007872.pub4,2,39.12175648702595,False,0,23.77245508982036,Moderate
CD012572_pub3_data__A13,CD012572,62,C,1.093681,0.307454,False,3,341,10.1002/14651858.CD012572.pub3,5,63.57285429141717,False,0,32.215568862275454,Moderate
CD000547_pub3_data__A7,CD000547,62,C,0.431596,0.001564,True,63,7171,10.1002/14651858.CD000547.pub3,4,57.48502994011976,False,0,29.451097804391217,Moderate
CD015042_pub2_data__A3,CD015042,62,C,-0.17679,0.219265,False,7,1283,10.1002/14651858.CD015042.pub2,5,63.57285429141717,False,0,26.13772455089821,Moderate
CD009417_pub3_data__A2,CD009417,62,C,0.021507,0.980166,False,6,737,10.1002/14651858.CD009417.pub3,3,49.101796407185624,True,0,44.89021956087825,Moderate
CD015476_pub2_data__A4,CD015476,61,C,0.276416,0.000312,True,20,19678,10.1002/14651858.CD015476.pub2,0,9.68063872255489,False,0,11.21756487025948,Moderate
CD010001_pub4_data__A1,CD010001,61,C,0.433468,8e-06,True,38,4030,10.1002/14651858.CD010001.pub4,1,26.34730538922156,False,0,13.243512974051898,Moderate
CD000219_pub5_data__A6,CD000219,61,C,-0.09906,0.415548,False,6,2200,10.1002/14651858.CD000219.pub5,7,73.05389221556887,False,0,31.926147704590818,Moderate
CD009609_pub3_data__A9,CD009609,61,C,-0.796206,0.051715,False,8,2215,10.1002/14651858.CD009609.pub3,14,90.31936127744511,True,0,61.37724550898204,Moderate
CD009531_pub3_data__A19,CD009531,61,C,0.280789,0.13833,False,8,1187,10.1002/14651858.CD009531.pub3,9,79.84031936127745,False,0,38.72255489021957,Moderate
CD015721_pub2_data__A5,CD015721,61,C,0.191022,0.361188,False,6,2336,10.1002/14651858.CD015721.pub2,3,49.101796407185624,False,0,23.093812375249502,Moderate
CD013294_pub2_data__A1,CD013294,61,C,-0.024986,0.962758,False,15,573,10.1002/14651858.CD013294.pub2,10,82.83433133732535,True,0,59.92015968063872,Moderate
CD007674_pub3_data__A2,CD007674,61,C,0.692673,3.5e-05,True,54,3373,10.1002/14651858.CD007674.pub3,0,9.68063872255489,False,0,8.013972055888225,Moderate
CD013278_pub3_data__A5,CD013278,61,C,-0.75424,0.029612,True,8,1377,10.1002/14651858.CD013278.pub3,4,57.48502994011976,True,0,52.40518962075848,Moderate
CD009535_pub3_data__A15,CD009535,61,C,0.712481,0.47232,False,5,922,10.1002/14651858.CD009535.pub3,5,63.57285429141717,False,0,34.960079840319366,Moderate
CD009535_pub3_data__A14,CD009535,61,C,0.712481,0.47232,False,5,922,10.1002/14651858.CD009535.pub3,5,63.57285429141717,False,0,34.960079840319366,Moderate
CD015033_pub2_data__A2,CD015033,61,C,-1.196586,0.012183,True,14,1059,10.1002/14651858.CD015033.pub2,10,82.83433133732535,False,0,42.01596806387226,Moderate
CD005343_pub7_data__A14,CD005343,61,C,-0.097638,0.89449,False,8,976,10.1002/14651858.CD005343.pub7,3,49.101796407185624,False,0,26.986027944111775,Moderate
CD005343_pub7_data__A13,CD005343,61,C,-0.091667,0.900876,False,8,1040,10.1002/14651858.CD005343.pub7,3,49.101796407185624,False,0,26.986027944111775,Moderate
CD015331_pub2_data__A49,CD015331,61,C,-0.255329,0.006982,True,51,4127,10.1002/14651858.CD015331.pub2,2,39.12175648702595,False,0,25.64870259481038,Moderate
CD013056_pub3_data__A3,CD013056,61,C,-0.73959,0.069114,False,5,787,10.1002/14651858.CD013056.pub3,0,9.68063872255489,False,0,5.209580838323354,Moderate
CD013055_pub3_data__A2,CD013055,61,C,0.805605,0.083804,False,5,824,10.1002/14651858.CD013055.pub3,0,9.68063872255489,False,0,4.171656686626747,Moderate
CD015849_pub2_data__A13,CD015849,61,C,-0.240313,0.136651,False,7,6974,10.1002/14651858.CD015849.pub2,4,57.48502994011976,False,0,32.83433133732535,Moderate
CD014544_pub2_data__A5,CD014544,61,C,-0.595841,0.330361,False,12,518,10.1002/14651858.CD014544.pub2,8,76.14770459081836,False,0,33.16367265469062,Moderate
CD013332_pub2_data__A3,CD013332,61,C,0.017889,0.983405,False,6,3414,10.1002/14651858.CD013332.pub2,1,26.34730538922156,False,0,11.876247504990022,Moderate
CD013331_pub2_data__A1,CD013331,61,C,0.031309,0.94887,False,18,502,10.1002/14651858.CD013331.pub2,6,68.76247504990019,False,0,30.209580838323348,Moderate
CD014678_pub2_data__A8,CD014678,61,C,-1.440419,0.100302,False,5,10462,10.1002/14651858.CD014678.pub2,5,63.57285429141717,False,0,29.57085828343314,Moderate
CD015284_pub2_data__A12,CD015284,61,C,0.018711,0.9812,False,7,794,10.1002/14651858.CD015284.pub2,2,39.12175648702595,False,0,25.309381237524953,Moderate
CD010856_pub3_data__A5,CD010856,61,C,-0.237481,0.782946,False,6,8567,10.1002/14651858.CD010856.pub3,16,93.21357285429141,False,0,43.74251497005989,Moderate
CD010856_pub3_data__A4,CD010856,61,C,-0.231865,0.76953,False,7,9186,10.1002/14651858.CD010856.pub3,16,93.21357285429141,False,0,43.74251497005989,Moderate
CD010856_pub3_data__A2,CD010856,61,C,-0.062917,0.936434,False,7,8479,10.1002/14651858.CD010856.pub3,16,93.21357285429141,False,0,43.74251497005989,Moderate
CD013462_pub3_data__A5,CD013462,61,C,0.217808,0.118141,False,10,1517,10.1002/14651858.CD013462.pub3,0,9.68063872255489,False,0,7.325349301397207,Moderate
CD004736_pub6_data__A57,CD004736,61,C,-0.217731,0.442917,False,9,1335,10.1002/14651858.CD004736.pub6,14,90.31936127744511,False,0,46.10778443113773,Moderate
CD015252_pub2_data__A7,CD015252,61,C,0.678952,0.305756,False,2,170,10.1002/14651858.CD015252.pub2,10,82.83433133732535,False,0,37.77445109780439,Moderate
CD015252_pub2_data__A6,CD015252,61,C,0.649942,0.255223,False,2,450,10.1002/14651858.CD015252.pub2,10,82.83433133732535,False,0,37.77445109780439,Moderate
CD008176_pub3_data__A21,CD008176,61,C,-0.109564,0.480356,False,16,1245,10.1002/14651858.CD008176.pub3,13,88.32335329341318,False,0,44.740518962075846,Moderate
CD015284_pub2_data__A7,CD015284,61,C,-0.115686,0.623235,False,5,702,10.1002/14651858.CD015284.pub2,2,39.12175648702595,False,0,25.309381237524953,Moderate
CD015284_pub2_data__A6,CD015284,61,C,-0.458111,0.268141,False,6,542,10.1002/14651858.CD015284.pub2,2,39.12175648702595,False,0,25.309381237524953,Moderate
CD015284_pub2_data__A5,CD015284,61,C,-0.131023,0.741843,False,9,936,10.1002/14651858.CD015284.pub2,2,39.12175648702595,False,0,25.309381237524953,Moderate
CD004736_pub6_data__A52,CD004736,61,C,-0.145286,0.457194,False,7,14827,10.1002/14651858.CD004736.pub6,14,90.31936127744511,False,0,46.10778443113773,Moderate
CD006689_pub3_data__A15,CD006689,61,C,-0.108989,0.571656,False,9,3516,10.1002/14651858.CD006689.pub3,2,39.12175648702595,False,0,24.640718562874255,Moderate
CD002971_pub6_data__A10,CD002971,61,C,0.014695,0.986357,False,6,2150,10.1002/14651858.CD002971.pub6,0,9.68063872255489,False,0,11.21756487025948,Moderate
CD016002_data__A13,CD016002,61,C,0.076513,0.006883,True,19,1381,10.1002/14651858.CD016002,1,26.34730538922156,False,0,19.640718562874255,Moderate
CD012397_pub2_data__A2,CD012397,61,C,0.375646,0.851057,False,1,1852,10.1002/14651858.CD012397.pub2,4,57.48502994011976,False,0,29.451097804391217,Moderate
CD012397_pub2_data__A12,CD012397,61,C,-1.629539,0.294876,False,1,200,10.1002/14651858.CD012397.pub2,4,57.48502994011976,False,0,29.451097804391217,Moderate
CD013445_pub2_data__A24,CD013445,61,C,-1.054509,0.002656,True,15,1549,10.1002/14651858.CD013445.pub2,15,91.81636726546905,False,0,46.387225548902194,Moderate
CD013445_pub2_data__A22,CD013445,61,C,-0.327954,0.326514,False,9,1278,10.1002/14651858.CD013445.pub2,15,91.81636726546905,False,0,46.387225548902194,Moderate
CD009730_pub3_data__A8,CD009730,61,C,-0.069288,0.817116,False,14,758,10.1002/14651858.CD009730.pub3,1,26.34730538922156,False,0,17.884231536926148,Moderate
CD013445_pub2_data__A12,CD013445,61,C,0.005924,0.993598,False,8,754,10.1002/14651858.CD013445.pub2,15,91.81636726546905,False,0,46.387225548902194,Moderate
CD009022_pub4_data__A1,CD009022,61,C,0.014726,0.986394,False,6,600,10.1002/14651858.CD009022.pub4,0,9.68063872255489,False,0,10.658682634730539,Moderate
CD016148_data__A1,CD016148,61,C,-0.100701,0.236913,False,17,12784,10.1002/14651858.CD016148,3,49.101796407185624,False,0,23.78243512974052,Moderate
CD013456_pub2_data__A2,CD013456,61,C,-0.036123,0.942273,False,17,1354,10.1002/14651858.CD013456.pub2,16,93.21357285429141,False,0,44.3313373253493,Moderate
CD013456_pub2_data__A14,CD013456,61,C,0.058416,0.964694,False,3,341,10.1002/14651858.CD013456.pub2,16,93.21357285429141,False,0,44.3313373253493,Moderate
CD013456_pub2_data__A13,CD013456,61,C,0.522755,0.644166,False,4,342,10.1002/14651858.CD013456.pub2,16,93.21357285429141,False,0,44.3313373253493,Moderate
CD013445_pub2_data__A19,CD013445,61,C,0.911021,6e-06,True,30,2917,10.1002/14651858.CD013445.pub2,15,91.81636726546905,False,0,46.387225548902194,Moderate
CD013445_pub2_data__A16,CD013445,61,C,0.926812,9e-05,True,25,2474,10.1002/14651858.CD013445.pub2,15,91.81636726546905,False,0,46.387225548902194,Moderate
CD013456_pub2_data__A11,CD013456,61,C,-0.089475,0.945676,False,3,399,10.1002/14651858.CD013456.pub2,16,93.21357285429141,False,0,44.3313373253493,Moderate
CD013445_pub2_data__A32,CD013445,61,C,0.320799,0.668833,False,7,567,10.1002/14651858.CD013445.pub2,15,91.81636726546905,False,0,46.387225548902194,Moderate
CD009235_pub4_data__A8,CD009235,61,C,-0.022287,0.975877,False,8,949,10.1002/14651858.CD009235.pub4,1,26.34730538922156,False,0,19.25149700598803,Moderate
CD009022_pub4_data__A10,CD009022,61,C,0.48854,0.366363,False,5,676,10.1002/14651858.CD009022.pub4,0,9.68063872255489,False,0,10.658682634730539,Moderate
CD010856_pub3_data__A9,CD010856,61,C,-0.255072,0.712077,False,9,27961,10.1002/14651858.CD010856.pub3,16,93.21357285429141,False,0,43.74251497005989,Moderate
CD007130_pub5_data__A6,CD007130,61,C,-0.22778,0.743371,False,9,1064,10.1002/14651858.CD007130.pub5,51,99.60079840319361,False,0,45.79840319361277,Moderate
CD004667_pub6_data__A1,CD004667,61,C,0.17577,0.0,True,60,71456,10.1002/14651858.CD004667.pub6,64,99.8003992015968,False,0,48.21357285429142,Moderate
CD014965_pub2_data__A1,CD014965,61,C,0.601531,0.07231,False,28,1844,10.1002/14651858.CD014965.pub2,4,57.48502994011976,False,0,32.25548902195609,Moderate
CD008165_pub5_data__A1,CD008165,61,C,0.02396,0.974036,False,8,947,10.1002/14651858.CD008165.pub5,43,99.40119760479041,False,0,42.46506986027944,Moderate
CD004736_pub6_data__A76,CD004736,61,C,-0.47272,0.092556,False,5,4366,10.1002/14651858.CD004736.pub6,14,90.31936127744511,False,0,46.10778443113773,Moderate
CD015284_pub2_data__A9,CD015284,61,C,0.038238,0.955945,False,9,1292,10.1002/14651858.CD015284.pub2,2,39.12175648702595,False,0,25.309381237524953,Moderate
CD015932_pub2_data__A2,CD015932,61,C,0.043804,0.826904,False,15,2555,10.1002/14651858.CD015932.pub2,0,9.68063872255489,False,0,11.996007984031937,Moderate
CD015894_pub2_data__A2,CD015894,61,C,0.191894,0.795381,False,8,578,10.1002/14651858.CD015894.pub2,1,26.34730538922156,False,0,11.876247504990022,Moderate
CD007079_pub4_data__A8,CD007079,61,C,0.177646,0.823014,False,7,6383,10.1002/14651858.CD007079.pub4,0,9.68063872255489,False,0,11.65668662674651,Moderate
CD015284_pub2_data__A11,CD015284,61,C,0.017623,0.982283,False,7,794,10.1002/14651858.CD015284.pub2,2,39.12175648702595,False,0,25.309381237524953,Moderate
CD015284_pub2_data__A10,CD015284,61,C,0.023923,0.977929,False,6,586,10.1002/14651858.CD015284.pub2,2,39.12175648702595,False,0,25.309381237524953,Moderate
CD004736_pub6_data__A63,CD004736,61,C,-0.378921,0.060309,False,5,4124,10.1002/14651858.CD004736.pub6,14,90.31936127744511,False,0,46.10778443113773,Moderate
CD012397_pub2_data__A10,CD012397,61,C,-1.629539,0.294876,False,1,200,10.1002/14651858.CD012397.pub2,4,57.48502994011976,False,0,29.451097804391217,Moderate
CD010861_pub3_data__A5,CD010861,61,C,-0.169363,0.863469,False,6,1139,10.1002/14651858.CD010861.pub3,6,68.76247504990019,False,0,35.439121756487026,Moderate
CD002243_pub5_data__A17,CD002243,61,C,-0.359372,0.608986,False,9,710,10.1002/14651858.CD002243.pub5,0,9.68063872255489,False,0,12.355289421157686,Moderate
CD004667_pub6_data__A13,CD004667,61,C,0.098162,0.568372,False,7,9437,10.1002/14651858.CD004667.pub6,64,99.8003992015968,False,0,48.21357285429142,Moderate
CD015087_pub2_data__A13,CD015087,61,C,3.046259,0.181041,False,3,177,10.1002/14651858.CD015087.pub2,4,57.48502994011976,False,0,30.618762475049902,Moderate
CD013474_pub2_data__A2,CD013474,61,C,0.087123,0.902947,False,6,1573,10.1002/14651858.CD013474.pub2,1,26.34730538922156,False,0,17.884231536926148,Moderate
CD004736_pub6_data__A27,CD004736,61,C,-0.085543,0.410935,False,9,19806,10.1002/14651858.CD004736.pub6,14,90.31936127744511,False,0,46.10778443113773,Moderate
CD012397_pub2_data__A11,CD012397,61,C,-1.119021,0.336166,False,1,200,10.1002/14651858.CD012397.pub2,4,57.48502994011976,False,0,29.451097804391217,Moderate
CD001703_pub4_data__A13,CD001703,61,C,-0.424571,0.626395,False,6,1401,10.1002/14651858.CD001703.pub4,1,26.34730538922156,False,0,19.80039920159681,Moderate
CD014741_pub2_data__A9,CD014741,61,C,-0.088494,0.80634,False,7,10509,10.1002/14651858.CD014741.pub2,3,49.101796407185624,False,0,24.281437125748504,Moderate
CD008176_pub3_data__A8,CD008176,61,C,-0.434618,0.006815,True,33,10048,10.1002/14651858.CD008176.pub3,13,88.32335329341318,False,0,44.740518962075846,Moderate
CD004736_pub6_data__A62,CD004736,61,C,-0.054476,0.783656,False,8,1547,10.1002/14651858.CD004736.pub6,14,90.31936127744511,False,0,46.10778443113773,Moderate
CD015014_pub2_data__A1,CD015014,61,C,0.053958,0.743725,False,7,1276,10.1002/14651858.CD015014.pub2,5,63.57285429141717,False,0,35.249500998003995,Moderate
CD011305_pub3_data__A17,CD011305,61,C,-0.379683,0.324869,False,4,422,10.1002/14651858.CD011305.pub3,6,68.76247504990019,False,0,36.21756487025948,Moderate
CD013474_pub2_data__A13,CD013474,61,C,-0.108401,0.900105,False,6,1321,10.1002/14651858.CD013474.pub2,1,26.34730538922156,False,0,17.884231536926148,Moderate
CD015014_pub2_data__A2,CD015014,61,C,0.053958,0.743725,False,7,1276,10.1002/14651858.CD015014.pub2,5,63.57285429141717,False,0,35.249500998003995,Moderate
CD004667_pub6_data__A12,CD004667,61,C,-0.236986,0.001788,True,15,17839,10.1002/14651858.CD004667.pub6,64,99.8003992015968,False,0,48.21357285429142,Moderate
CD001396_pub4_data__A16,CD001396,61,C,-0.199729,0.801626,False,7,975,10.1002/14651858.CD001396.pub4,5,63.57285429141717,False,0,33.72255489021957,Moderate
CD001396_pub4_data__A15,CD001396,61,C,-0.333554,0.652798,False,8,1101,10.1002/14651858.CD001396.pub4,5,63.57285429141717,False,0,33.72255489021957,Moderate
CD012993_pub2_data__A5,CD012993,61,C,-0.138711,0.7308,False,8,811,10.1002/14651858.CD012993.pub2,10,82.83433133732535,False,0,37.77445109780439,Moderate
CD004762_pub3_data__A2,CD004762,61,C,0.0,1.0,False,9,598,10.1002/14651858.CD004762.pub3,0,9.68063872255489,False,0,5.908183632734531,Moderate
CD004871_pub5_data__A8,CD004871,61,C,-0.031281,0.964147,False,9,689,10.1002/14651858.CD004871.pub5,6,68.76247504990019,False,0,34.55089820359281,Moderate
CD004871_pub5_data__A4,CD004871,61,C,-0.026468,0.969641,False,9,675,10.1002/14651858.CD004871.pub5,6,68.76247504990019,False,0,34.55089820359281,Moderate
CD012079_pub2_data__A15,CD012079,61,C,0.077317,0.911032,False,9,1365,10.1002/14651858.CD012079.pub2,12,86.42714570858283,False,0,43.56287425149701,Moderate
CD012079_pub2_data__A13,CD012079,61,C,-0.027934,0.969811,False,8,892,10.1002/14651858.CD012079.pub2,12,86.42714570858283,False,0,43.56287425149701,Moderate
CD012079_pub2_data__A12,CD012079,61,C,0.344507,0.250817,False,19,1491,10.1002/14651858.CD012079.pub2,12,86.42714570858283,False,0,43.56287425149701,Moderate
CD014089_data__A10,CD014089,61,C,-2.622108,0.017064,False,1,53,10.1002/14651858.CD014089,2,39.12175648702595,False,0,21.60678642714571,Moderate
CD015849_pub2_data__A25,CD015849,61,C,-0.433404,0.640679,False,5,1002,10.1002/14651858.CD015849.pub2,4,57.48502994011976,False,0,32.83433133732535,Moderate
CD007079_pub4_data__A6,CD007079,61,C,0.059144,0.342055,False,8,15564,10.1002/14651858.CD007079.pub4,0,9.68063872255489,False,0,11.65668662674651,Moderate
CD007079_pub4_data__A17,CD007079,61,C,-0.026828,0.690605,False,8,7340,10.1002/14651858.CD007079.pub4,0,9.68063872255489,False,0,11.65668662674651,Moderate
CD013421_pub2_data__A7,CD013421,61,C,-0.562431,0.461305,False,7,570,10.1002/14651858.CD013421.pub2,3,49.101796407185624,False,0,23.093812375249502,Moderate
CD013421_pub2_data__A6,CD013421,61,C,-0.361748,0.133126,False,8,1065,10.1002/14651858.CD013421.pub2,3,49.101796407185624,False,0,23.093812375249502,Moderate
CD007130_pub5_data__A8,CD007130,61,C,-0.32478,0.685115,False,7,535,10.1002/14651858.CD007130.pub5,51,99.60079840319361,False,0,45.79840319361277,Moderate
CD004736_pub6_data__A67,CD004736,61,C,-0.674174,0.118123,False,5,1058,10.1002/14651858.CD004736.pub6,14,90.31936127744511,False,0,46.10778443113773,Moderate
CD008165_pub5_data__A3,CD008165,61,C,0.025343,0.970675,False,9,2404,10.1002/14651858.CD008165.pub5,43,99.40119760479041,False,0,42.46506986027944,Moderate
CD008165_pub5_data__A2,CD008165,61,C,-0.000354,0.999643,False,7,876,10.1002/14651858.CD008165.pub5,43,99.40119760479041,False,0,42.46506986027944,Moderate
CD015584_pub2_data__A3,CD015584,61,C,0.002754,0.997456,False,6,537,10.1002/14651858.CD015584.pub2,1,26.34730538922156,False,0,15.788423153692616,Moderate
CD015584_pub2_data__A10,CD015584,61,C,-0.036843,0.935867,False,6,780,10.1002/14651858.CD015584.pub2,1,26.34730538922156,False,0,15.788423153692616,Moderate
CD013408_pub2_data__A5,CD013408,61,C,-0.446925,0.257133,False,5,4564,10.1002/14651858.CD013408.pub2,1,26.34730538922156,False,0,18.323353293413177,Moderate
CD006404_pub5_data__A12,CD006404,61,C,-0.010997,0.979062,False,7,1476,10.1002/14651858.CD006404.pub5,0,9.68063872255489,False,0,11.996007984031937,Moderate
CD006404_pub5_data__A11,CD006404,61,C,-0.330496,0.407325,False,5,1115,10.1002/14651858.CD006404.pub5,0,9.68063872255489,False,0,11.996007984031937,Moderate
CD013745_pub2_data__A7,CD013745,61,C,0.113519,0.303849,False,6,5631,10.1002/14651858.CD013745.pub2,1,26.34730538922156,False,0,13.992015968063875,Moderate
CD013745_pub2_data__A6,CD013745,61,C,0.078303,0.543144,False,5,6155,10.1002/14651858.CD013745.pub2,1,26.34730538922156,False,0,13.992015968063875,Moderate
CD013757_pub3_data__A2,CD013757,61,C,-0.366047,0.236551,False,5,3343,10.1002/14651858.CD013757.pub3,6,68.76247504990019,True,0,52.75449101796407,Moderate
CD006475_pub3_data__A7,CD006475,61,C,-0.194146,0.097188,False,12,2857,10.1002/14651858.CD006475.pub3,1,26.34730538922156,False,0,16.497005988023954,Moderate
CD013445_pub2_data__A11,CD013445,61,C,0.043255,0.956451,False,7,795,10.1002/14651858.CD013445.pub2,15,91.81636726546905,False,0,46.387225548902194,Moderate
CD013408_pub2_data__A1,CD013408,61,C,-0.483085,0.060826,False,5,4664,10.1002/14651858.CD013408.pub2,1,26.34730538922156,False,0,18.323353293413177,Moderate
CD013414_pub2_data__A5,CD013414,61,C,-0.06996,0.425477,False,7,7211,10.1002/14651858.CD013414.pub2,8,76.14770459081836,False,0,35.70858283433134,Moderate
CD013414_pub2_data__A3,CD013414,61,C,-0.012743,0.935232,False,6,6473,10.1002/14651858.CD013414.pub2,8,76.14770459081836,False,0,35.70858283433134,Moderate
CD014574_pub2_data__A4,CD014574,61,C,-1.439951,0.025072,True,4,247,10.1002/14651858.CD014574.pub2,2,39.12175648702595,False,0,25.059880239520957,Moderate
CD015122_pub2_data__A9,CD015122,61,C,0.008875,0.991043,False,7,1151,10.1002/14651858.CD015122.pub2,4,57.48502994011976,False,0,32.17564870259481,Moderate
CD015122_pub2_data__A3,CD015122,61,C,0.365268,0.63251,False,7,1241,10.1002/14651858.CD015122.pub2,4,57.48502994011976,False,0,32.17564870259481,Moderate
CD012718_pub2_data__A3,CD012718,61,C,-0.78374,0.223524,False,9,2118,10.1002/14651858.CD012718.pub2,6,68.76247504990019,False,0,32.75449101796407,Moderate
CD006942_pub4_data__A1,CD006942,61,C,-0.077356,0.520093,False,18,3875,10.1002/14651858.CD006942.pub4,0,9.68063872255489,False,0,5.908183632734531,Moderate
CD007079_pub4_data__A11,CD007079,61,C,0.123726,0.897217,False,5,741,10.1002/14651858.CD007079.pub4,0,9.68063872255489,False,0,11.65668662674651,Moderate
CD010856_pub3_data__A1,CD010856,61,C,-0.223191,0.777882,False,7,8617,10.1002/14651858.CD010856.pub3,16,93.21357285429141,False,0,43.74251497005989,Moderate
CD013456_pub2_data__A3,CD013456,61,C,-0.477494,0.281668,False,22,1434,10.1002/14651858.CD013456.pub2,16,93.21357285429141,False,0,44.3313373253493,Moderate
CD007079_pub4_data__A10,CD007079,61,C,-0.271408,0.307822,False,6,1104,10.1002/14651858.CD007079.pub4,0,9.68063872255489,False,0,11.65668662674651,Moderate
CD013474_pub2_data__A4,CD013474,61,C,0.128563,0.815673,False,8,1742,10.1002/14651858.CD013474.pub2,1,26.34730538922156,False,0,17.884231536926148,Moderate
CD013474_pub2_data__A3,CD013474,61,C,0.524252,0.569918,False,5,962,10.1002/14651858.CD013474.pub2,1,26.34730538922156,False,0,17.884231536926148,Moderate
CD008564_pub3_data__A11,CD008564,61,C,0.13201,0.903405,False,4,5246,10.1002/14651858.CD008564.pub3,3,49.101796407185624,False,0,25.59880239520958,Moderate
CD013197_pub2_data__A8,CD013197,61,C,-0.37993,0.542625,False,6,675,10.1002/14651858.CD013197.pub2,2,39.12175648702595,False,0,23.77245508982036,Moderate
CD013111_pub2_data__A4,CD013111,61,C,0.217625,0.748987,False,4,271,10.1002/14651858.CD013111.pub2,2,39.12175648702595,True,0,39.790419161676645,Moderate
CD014585_pub2_data__A5,CD014585,61,C,-1.015441,0.12076,False,5,4394,10.1002/14651858.CD014585.pub2,2,39.12175648702595,False,0,18.353293413173652,Moderate
CD004736_pub6_data__A68,CD004736,61,C,-0.293309,0.226906,False,7,2808,10.1002/14651858.CD004736.pub6,14,90.31936127744511,False,0,46.10778443113773,Moderate
CD013781_pub2_data__A11,CD013781,61,C,0.607332,0.038493,True,27,1288,10.1002/14651858.CD013781.pub2,1,26.34730538922156,False,0,19.80039920159681,Moderate
CD007572_pub4_data__A9,CD007572,61,C,-0.24245,0.263665,False,6,2233,10.1002/14651858.CD007572.pub4,2,39.12175648702595,False,0,21.60678642714571,Moderate
CD007572_pub4_data__A2,CD007572,61,C,-0.624007,0.004287,True,10,2259,10.1002/14651858.CD007572.pub4,2,39.12175648702595,False,0,21.60678642714571,Moderate
CD013773_pub2_data__A3,CD013773,61,C,0.0643,0.935034,False,7,4908,10.1002/14651858.CD013773.pub2,4,57.48502994011976,False,0,23.702594810379242,Moderate
CD013773_pub2_data__A1,CD013773,61,C,-0.062283,0.928031,False,9,4839,10.1002/14651858.CD013773.pub2,4,57.48502994011976,False,0,23.702594810379242,Moderate
CD013781_pub2_data__A27,CD013781,61,C,-0.379205,0.198002,False,9,1819,10.1002/14651858.CD013781.pub2,1,26.34730538922156,False,0,19.80039920159681,Moderate
CD003129_pub2_data__A3,CD003129,61,C,0.0,1.0,False,1,94,10.1002/14651858.CD003129.pub2,3,49.101796407185624,False,0,23.093812375249502,Moderate
CD003129_pub2_data__A2,CD003129,61,C,0.454545,0.133158,False,1,207,10.1002/14651858.CD003129.pub2,3,49.101796407185624,False,0,23.093812375249502,Moderate
CD015584_pub2_data__A9,CD015584,61,C,0.619389,0.082842,False,9,940,10.1002/14651858.CD015584.pub2,1,26.34730538922156,False,0,15.788423153692616,Moderate
CD003129_pub2_data__A4,CD003129,61,C,-0.647832,0.747176,False,1,114,10.1002/14651858.CD003129.pub2,3,49.101796407185624,False,0,23.093812375249502,Moderate
CD013408_pub2_data__A11,CD013408,61,C,0.136181,0.581348,False,5,4653,10.1002/14651858.CD013408.pub2,1,26.34730538922156,False,0,18.323353293413177,Moderate
CD001552_pub3_data__A11,CD001552,61,C,-0.566776,0.260738,False,1,163,10.1002/14651858.CD001552.pub3,6,68.76247504990019,False,0,33.46307385229541,Moderate
CD012850_pub2_data__A15,CD012850,61,C,-0.631218,0.597634,False,2,115,10.1002/14651858.CD012850.pub2,19,96.10778443113772,False,0,47.85429141716567,Moderate
CD012850_pub2_data__A12,CD012850,61,C,-1.784745,0.32276,False,2,79,10.1002/14651858.CD012850.pub2,19,96.10778443113772,False,0,47.85429141716567,Moderate
CD001703_pub4_data__A4,CD001703,61,C,-0.405456,0.641738,False,6,1348,10.1002/14651858.CD001703.pub4,1,26.34730538922156,False,0,19.80039920159681,Moderate
CD001703_pub4_data__A25,CD001703,61,C,0.537899,0.013074,True,18,2143,10.1002/14651858.CD001703.pub4,1,26.34730538922156,False,0,19.80039920159681,Moderate
CD003216_pub3_data__A4,CD003216,61,C,0.035012,0.950582,False,5,380,10.1002/14651858.CD003216.pub3,18,95.50898203592814,False,0,42.34530938123752,Moderate
CD003357_pub5_data__A4,CD003357,61,C,0.456872,0.375764,False,5,573,10.1002/14651858.CD003357.pub5,0,9.68063872255489,False,0,5.908183632734531,Moderate
CD011671_pub3_data__A1,CD011671,61,C,-0.446069,0.003658,True,16,3078,10.1002/14651858.CD011671.pub3,20,96.50698602794411,False,0,44.560878243512974,Moderate
CD015875_data__A2,CD015875,61,C,-1.82118,0.037758,True,11,490,10.1002/14651858.CD015875,3,49.101796407185624,False,0,29.3812375249501,Moderate
CD012850_pub2_data__A3,CD012850,61,C,0.068663,0.880259,False,8,301,10.1002/14651858.CD012850.pub2,19,96.10778443113772,False,0,47.85429141716567,Moderate
CD012850_pub2_data__A28,CD012850,61,C,-0.251559,0.889635,False,2,62,10.1002/14651858.CD012850.pub2,19,96.10778443113772,False,0,47.85429141716567,Moderate
CD012850_pub2_data__A27,CD012850,61,C,-0.66905,0.723013,False,2,60,10.1002/14651858.CD012850.pub2,19,96.10778443113772,False,0,47.85429141716567,Moderate
CD012850_pub2_data__A26,CD012850,61,C,0.0,1.0,False,2,144,10.1002/14651858.CD012850.pub2,19,96.10778443113772,False,0,47.85429141716567,Moderate
CD012850_pub2_data__A25,CD012850,61,C,-0.098958,0.956303,False,2,60,10.1002/14651858.CD012850.pub2,19,96.10778443113772,False,0,47.85429141716567,Moderate
CD012850_pub2_data__A24,CD012850,61,C,-0.131674,0.94152,False,2,97,10.1002/14651858.CD012850.pub2,19,96.10778443113772,False,0,47.85429141716567,Moderate
CD012850_pub2_data__A2,CD012850,61,C,0.48699,0.495257,False,8,249,10.1002/14651858.CD012850.pub2,19,96.10778443113772,False,0,47.85429141716567,Moderate
CD011671_pub3_data__A7,CD011671,61,C,-0.17292,0.472904,False,8,1489,10.1002/14651858.CD011671.pub3,20,96.50698602794411,False,0,44.560878243512974,Moderate
CD001396_pub4_data__A18,CD001396,61,C,-0.179512,0.821699,False,7,788,10.1002/14651858.CD001396.pub4,5,63.57285429141717,False,0,33.72255489021957,Moderate
CD013358_pub2_data__A9,CD013358,61,C,-0.135448,0.864757,False,7,544,10.1002/14651858.CD013358.pub2,2,39.12175648702595,False,0,24.13173652694611,Moderate
CD003331_pub6_data__A3,CD003331,61,C,-0.524014,0.001834,True,24,2283,10.1002/14651858.CD003331.pub6,26,97.90419161676647,False,0,43.80239520958084,Moderate
CD003331_pub6_data__A2,CD003331,61,C,-0.214386,0.164077,False,8,3780,10.1002/14651858.CD003331.pub6,26,97.90419161676647,False,0,43.80239520958084,Moderate
CD014852_pub2_data__A5,CD014852,61,C,-0.11083,0.817155,False,10,846,10.1002/14651858.CD014852.pub2,4,57.48502994011976,False,0,32.405189620758485,Moderate
CD014861_pub2_data__A6,CD014861,61,C,-0.109658,0.882104,False,8,540,10.1002/14651858.CD014861.pub2,1,26.34730538922156,False,0,16.497005988023954,Moderate
CD013078_pub2_data__A2,CD013078,61,C,-0.269213,0.739401,False,7,173,10.1002/14651858.CD013078.pub2,0,9.68063872255489,False,0,8.013972055888225,Moderate
CD013078_pub2_data__A1,CD013078,61,C,-0.327379,0.71188,False,6,129,10.1002/14651858.CD013078.pub2,0,9.68063872255489,False,0,8.013972055888225,Moderate
CD005343_pub7_data__A4,CD005343,61,C,-0.137241,0.843019,False,9,1292,10.1002/14651858.CD005343.pub7,3,49.101796407185624,False,0,26.986027944111775,Moderate
CD005343_pub7_data__A3,CD005343,61,C,-0.003744,0.996528,False,6,1519,10.1002/14651858.CD005343.pub7,3,49.101796407185624,False,0,26.986027944111775,Moderate
CD013474_pub2_data__A7,CD013474,61,C,-0.11977,0.90045,False,5,1255,10.1002/14651858.CD013474.pub2,1,26.34730538922156,False,0,17.884231536926148,Moderate
CD013474_pub2_data__A6,CD013474,61,C,-0.183758,0.803444,False,8,1713,10.1002/14651858.CD013474.pub2,1,26.34730538922156,False,0,17.884231536926148,Moderate
CD006942_pub4_data__A3,CD006942,61,C,0.087367,0.870112,False,5,1106,10.1002/14651858.CD006942.pub4,0,9.68063872255489,False,0,5.908183632734531,Moderate
CD012609_pub2_data__A3,CD012609,61,C,0.117482,0.910831,False,5,591,10.1002/14651858.CD012609.pub2,2,39.12175648702595,False,0,18.353293413173652,Moderate
CD014741_pub2_data__A7,CD014741,61,C,-0.20734,0.67516,False,7,11174,10.1002/14651858.CD014741.pub2,3,49.101796407185624,False,0,24.281437125748504,Moderate
CD014852_pub2_data__A4,CD014852,61,C,0.107218,0.704887,False,12,845,10.1002/14651858.CD014852.pub2,4,57.48502994011976,False,0,32.405189620758485,Moderate
CD003962_pub3_data__A9,CD003962,61,C,-1.279365,0.01185,True,11,753,10.1002/14651858.CD003962.pub3,13,88.32335329341318,False,0,44.041916167664674,Moderate
CD012993_pub2_data__A8,CD012993,61,C,-0.243169,0.349846,False,6,669,10.1002/14651858.CD012993.pub2,10,82.83433133732535,False,0,37.77445109780439,Moderate
CD013827_pub2_data__A1,CD013827,61,C,0.112796,0.310419,False,7,1820,10.1002/14651858.CD013827.pub2,5,63.57285429141717,False,0,32.47504990019961,Moderate
CD013827_pub2_data__A4,CD013827,61,C,-0.245524,0.231262,False,5,914,10.1002/14651858.CD013827.pub2,5,63.57285429141717,False,0,32.47504990019961,Moderate
CD011671_pub3_data__A4,CD011671,61,C,-0.446069,0.003658,True,16,3078,10.1002/14651858.CD011671.pub3,20,96.50698602794411,False,0,44.560878243512974,Moderate
CD011671_pub3_data__A3,CD011671,61,C,-0.446069,0.003658,True,16,3078,10.1002/14651858.CD011671.pub3,20,96.50698602794411,False,0,44.560878243512974,Moderate
CD011671_pub3_data__A2,CD011671,61,C,-0.457753,0.001639,True,17,3078,10.1002/14651858.CD011671.pub3,20,96.50698602794411,False,0,44.560878243512974,Moderate
CD003357_pub5_data__A3,CD003357,61,C,-0.263587,0.334049,False,7,1097,10.1002/14651858.CD003357.pub5,0,9.68063872255489,False,0,5.908183632734531,Moderate
CD006185_pub6_data__A6,CD006185,61,C,-0.036105,0.946013,False,15,736,10.1002/14651858.CD006185.pub6,4,57.48502994011976,False,0,27.135728542914173,Moderate
CD015588_pub2_data__A50,CD015588,61,C,-0.195854,0.789914,False,8,27954,10.1002/14651858.CD015588.pub2,17,94.61077844311377,False,0,47.74451097804391,Moderate
CD015588_pub2_data__A5,CD015588,61,C,-0.077135,0.447805,False,5,9368,10.1002/14651858.CD015588.pub2,17,94.61077844311377,False,0,47.74451097804391,Moderate
CD015588_pub2_data__A49,CD015588,61,C,0.149869,0.184609,False,8,27308,10.1002/14651858.CD015588.pub2,17,94.61077844311377,False,0,47.74451097804391,Moderate
CD015588_pub2_data__A46,CD015588,61,C,-0.828862,0.361028,False,6,811,10.1002/14651858.CD015588.pub2,17,94.61077844311377,False,0,47.74451097804391,Moderate
CD014941_pub2_data__A20,CD014941,61,C,1.644856,0.180845,False,2,605,10.1002/14651858.CD014941.pub2,7,73.05389221556887,False,0,37.70459081836327,Moderate
CD014941_pub2_data__A2,CD014941,61,C,1.644856,0.180845,False,2,605,10.1002/14651858.CD014941.pub2,7,73.05389221556887,False,0,37.70459081836327,Moderate
CD015140_pub2_data__A2,CD015140,61,C,0.008016,0.990774,False,9,1417,10.1002/14651858.CD015140.pub2,0,9.68063872255489,False,0,11.806387225548903,Moderate
CD011626_pub3_data__A7,CD011626,61,C,0.844342,0.09677,False,11,535,10.1002/14651858.CD011626.pub3,2,39.12175648702595,False,0,19.10179640718563,Moderate
CD015588_pub2_data__A25,CD015588,61,C,-0.294887,0.758372,False,5,5823,10.1002/14651858.CD015588.pub2,17,94.61077844311377,False,0,47.74451097804391,Moderate
CD014852_pub2_data__A9,CD014852,61,C,-0.047341,0.942469,False,10,769,10.1002/14651858.CD014852.pub2,4,57.48502994011976,False,0,32.405189620758485,Moderate
CD014852_pub2_data__A8,CD014852,61,C,-0.047341,0.942469,False,10,769,10.1002/14651858.CD014852.pub2,4,57.48502994011976,False,0,32.405189620758485,Moderate
CD015588_pub2_data__A7,CD015588,61,C,0.034215,0.752091,False,5,8883,10.1002/14651858.CD015588.pub2,17,94.61077844311377,False,0,47.74451097804391,Moderate
CD015588_pub2_data__A56,CD015588,61,C,-0.142814,0.868033,False,6,30701,10.1002/14651858.CD015588.pub2,17,94.61077844311377,False,0,47.74451097804391,Moderate
CD014941_pub2_data__A7,CD014941,61,C,0.334221,0.423169,False,2,659,10.1002/14651858.CD014941.pub2,7,73.05389221556887,False,0,37.70459081836327,Moderate
CD014941_pub2_data__A6,CD014941,61,C,1.030029,0.238733,False,2,659,10.1002/14651858.CD014941.pub2,7,73.05389221556887,False,0,37.70459081836327,Moderate
CD014941_pub2_data__A5,CD014941,61,C,1.765431,0.119919,False,2,605,10.1002/14651858.CD014941.pub2,7,73.05389221556887,False,0,37.70459081836327,Moderate
CD014937_pub2_data__A4,CD014937,61,C,-0.382006,0.605369,False,5,1285,10.1002/14651858.CD014937.pub2,3,49.101796407185624,False,0,28.353293413173652,Moderate
CD015145_pub2_data__A17,CD015145,61,C,-4.658341,0.249088,False,4,242,10.1002/14651858.CD015145.pub2,1,26.34730538922156,False,0,18.47305389221557,Moderate
CD015140_pub2_data__A7,CD015140,61,C,0.983366,0.026146,True,12,1873,10.1002/14651858.CD015140.pub2,0,9.68063872255489,False,0,11.806387225548903,Moderate
CD015140_pub2_data__A5,CD015140,61,C,0.010604,0.988519,False,8,886,10.1002/14651858.CD015140.pub2,0,9.68063872255489,False,0,11.806387225548903,Moderate
CD015140_pub2_data__A4,CD015140,61,C,-0.055122,0.936663,False,9,1487,10.1002/14651858.CD015140.pub2,0,9.68063872255489,False,0,11.806387225548903,Moderate
CD006182_pub3_data__A4,CD006182,61,C,0.117622,0.401064,False,9,1451,10.1002/14651858.CD006182.pub3,1,26.34730538922156,False,0,15.179640718562876,Moderate
CD015140_pub2_data__A1,CD015140,61,C,0.017019,0.982877,False,7,1742,10.1002/14651858.CD015140.pub2,0,9.68063872255489,False,0,11.806387225548903,Moderate
CD008176_pub3_data__A1,CD008176,61,C,-0.136518,0.366294,False,26,11604,10.1002/14651858.CD008176.pub3,13,88.32335329341318,False,0,44.740518962075846,Moderate
CD012905_pub2_data__A6,CD012905,61,C,0.981438,0.091927,False,7,975,10.1002/14651858.CD012905.pub2,2,39.12175648702595,False,0,19.79041916167665,Moderate
CD012891_pub2_data__A8,CD012891,61,C,0.623964,0.101803,False,6,655,10.1002/14651858.CD012891.pub2,1,26.34730538922156,False,0,16.497005988023954,Moderate
CD012891_pub2_data__A7,CD012891,61,C,0.558406,0.078456,False,7,933,10.1002/14651858.CD012891.pub2,1,26.34730538922156,False,0,16.497005988023954,Moderate
CD001703_pub4_data__A1,CD001703,61,C,-0.075901,0.918159,False,8,1502,10.1002/14651858.CD001703.pub4,1,26.34730538922156,False,0,19.80039920159681,Moderate
CD012925_pub2_data__A7,CD012925,61,C,0.016192,0.982381,False,8,14070,10.1002/14651858.CD012925.pub2,8,76.14770459081836,False,0,35.0998003992016,Moderate
CD011793_pub3_data__A5,CD011793,61,C,0.00321,0.99653,False,8,767,10.1002/14651858.CD011793.pub3,9,79.84031936127745,False,0,38.982035928143716,Moderate
CD011793_pub3_data__A14,CD011793,61,C,-0.011239,0.987047,False,9,989,10.1002/14651858.CD011793.pub3,9,79.84031936127745,False,0,38.982035928143716,Moderate
CD002203_pub5_data__A20,CD002203,61,C,-0.14444,0.484512,False,5,863,10.1002/14651858.CD002203.pub5,0,9.68063872255489,True,0,33.532934131736525,Moderate
CD015219_pub2_data__A6,CD015219,61,C,0.001166,0.995851,False,6,1715,10.1002/14651858.CD015219.pub2,8,76.14770459081836,True,0,57.80439121756487,Moderate
CD012397_pub2_data__A9,CD012397,61,C,0.513785,0.78096,False,2,295,10.1002/14651858.CD012397.pub2,4,57.48502994011976,False,0,29.451097804391217,Moderate
CD012397_pub2_data__A6,CD012397,61,C,-1.119021,0.336166,False,1,200,10.1002/14651858.CD012397.pub2,4,57.48502994011976,False,0,29.451097804391217,Moderate
CD008176_pub3_data__A26,CD008176,61,C,-0.138074,0.842453,False,9,3024,10.1002/14651858.CD008176.pub3,13,88.32335329341318,False,0,44.740518962075846,Moderate
CD011305_pub3_data__A8,CD011305,61,C,-0.309467,0.272148,False,3,448,10.1002/14651858.CD011305.pub3,6,68.76247504990019,False,0,36.21756487025948,Moderate
CD015520_data__A4,CD015520,61,C,0.00086,0.999136,False,7,517,10.1002/14651858.CD015520,1,26.34730538922156,False,0,16.497005988023954,Moderate
CD015476_pub2_data__A1,CD015476,61,C,0.310375,0.0,True,36,29532,10.1002/14651858.CD015476.pub2,0,9.68063872255489,False,0,11.21756487025948,Moderate
CD010583_pub6_data__A3,CD010583,61,C,0.10115,0.678529,False,9,2036,10.1002/14651858.CD010583.pub6,2,39.12175648702595,False,0,19.79041916167665,Moderate
CD013474_pub2_data__A12,CD013474,61,C,-0.108401,0.900105,False,6,1321,10.1002/14651858.CD013474.pub2,1,26.34730538922156,False,0,17.884231536926148,Moderate
CD013344_pub2_data__A6,CD013344,61,C,-0.075566,0.81323,False,6,743,10.1002/14651858.CD013344.pub2,8,76.14770459081836,False,0,37.80439121756487,Moderate
CD013358_pub2_data__A17,CD013358,61,C,0.322836,0.273271,False,6,661,10.1002/14651858.CD013358.pub2,2,39.12175648702595,False,0,24.13173652694611,Moderate
CD013571_pub2_data__A10,CD013571,61,C,0.036775,0.969439,False,5,1206,10.1002/14651858.CD013571.pub2,16,93.21357285429141,False,0,44.07185628742515,Moderate
CD012429_pub2_data__A1,CD012429,61,C,-0.148857,0.544821,False,16,1421,10.1002/14651858.CD012429.pub2,0,9.68063872255489,False,0,13.053892215568862,Moderate
CD014763_pub2_data__A3,CD014763,61,C,-1.094192,0.107457,False,9,549,10.1002/14651858.CD014763.pub2,13,88.32335329341318,False,0,39.471057884231534,Moderate
CD004736_pub6_data__A44,CD004736,61,C,-0.043753,0.707852,False,8,19737,10.1002/14651858.CD004736.pub6,14,90.31936127744511,False,0,46.10778443113773,Moderate
CD004736_pub6_data__A43,CD004736,61,C,0.020363,0.870919,False,6,18658,10.1002/14651858.CD004736.pub6,14,90.31936127744511,False,0,46.10778443113773,Moderate
CD008176_pub3_data__A3,CD008176,61,C,-0.307711,0.00016,True,50,14790,10.1002/14651858.CD008176.pub3,13,88.32335329341318,False,0,44.740518962075846,Moderate
CD013571_pub2_data__A12,CD013571,61,C,0.033829,0.968812,False,6,1294,10.1002/14651858.CD013571.pub2,16,93.21357285429141,False,0,44.07185628742515,Moderate
CD013591_pub2_data__A1,CD013591,61,C,-0.043376,0.949985,False,9,1901,10.1002/14651858.CD013591.pub2,23,97.1057884231537,False,0,43.48303393213574,Moderate
CD003519_pub5_data__A4,CD003519,61,C,0.858686,0.003038,True,11,1787,10.1002/14651858.CD003519.pub5,1,26.34730538922156,False,0,19.640718562874255,Moderate
CD004871_pub5_data__A12,CD004871,61,C,-0.02445,0.975545,False,7,532,10.1002/14651858.CD004871.pub5,6,68.76247504990019,False,0,34.55089820359281,Moderate
CD004871_pub5_data__A11,CD004871,61,C,-0.031786,0.965766,False,8,635,10.1002/14651858.CD004871.pub5,6,68.76247504990019,False,0,34.55089820359281,Moderate
CD013278_pub3_data__A4,CD013278,61,C,0.420586,0.614498,False,7,1284,10.1002/14651858.CD013278.pub3,4,57.48502994011976,True,0,52.40518962075848,Moderate
CD002115_pub6_data__A11,CD002115,61,C,-0.511102,0.367514,False,7,521,10.1002/14651858.CD002115.pub6,0,9.68063872255489,False,0,9.830339321357286,Moderate
CD014941_pub2_data__A9,CD014941,61,C,-0.01699,0.974096,False,2,659,10.1002/14651858.CD014941.pub2,7,73.05389221556887,False,0,37.70459081836327,Moderate
CD013353_pub2_data__A1,CD013353,61,C,0.0,1.0,False,12,564,10.1002/14651858.CD013353.pub2,8,76.14770459081836,True,0,53.163672654690615,Moderate
CD002203_pub5_data__A13,CD002203,61,C,0.018177,0.956383,False,5,755,10.1002/14651858.CD002203.pub5,0,9.68063872255489,True,0,33.532934131736525,Moderate
CD006027_pub3_data__A4,CD006027,61,C,0.230728,0.254004,False,9,982,10.1002/14651858.CD006027.pub3,1,26.34730538922156,False,0,11.876247504990022,Moderate
CD015721_pub2_data__A3,CD015721,61,C,-0.07235,0.558661,False,6,2336,10.1002/14651858.CD015721.pub2,3,49.101796407185624,False,0,23.093812375249502,Moderate
CD011793_pub3_data__A7,CD011793,61,C,-0.034592,0.971171,False,5,649,10.1002/14651858.CD011793.pub3,9,79.84031936127745,False,0,38.982035928143716,Moderate
CD011793_pub3_data__A6,CD011793,61,C,-0.263478,0.602418,False,8,868,10.1002/14651858.CD011793.pub3,9,79.84031936127745,False,0,38.982035928143716,Moderate
CD015145_pub2_data__A8,CD015145,61,C,-5.269296,0.046207,True,6,384,10.1002/14651858.CD015145.pub2,1,26.34730538922156,False,0,18.47305389221557,Moderate
CD013344_pub2_data__A10,CD013344,61,C,-0.319701,0.454746,False,6,675,10.1002/14651858.CD013344.pub2,8,76.14770459081836,False,0,37.80439121756487,Moderate
CD014852_pub2_data__A10,CD014852,61,C,-0.034404,0.958171,False,10,765,10.1002/14651858.CD014852.pub2,4,57.48502994011976,False,0,32.405189620758485,Moderate
CD012079_pub2_data__A9,CD012079,61,C,-0.007291,0.99158,False,9,2030,10.1002/14651858.CD012079.pub2,12,86.42714570858283,False,0,43.56287425149701,Moderate
CD014541_pub2_data__A27,CD014541,61,C,-0.23336,0.18675,False,6,36170,10.1002/14651858.CD014541.pub2,1,26.34730538922156,False,0,19.9500998003992,Moderate
CD014541_pub2_data__A26,CD014541,61,C,0.688707,0.272188,False,7,40374,10.1002/14651858.CD014541.pub2,1,26.34730538922156,False,0,19.9500998003992,Moderate
CD014541_pub2_data__A19,CD014541,61,C,-0.030146,0.625283,False,5,38080,10.1002/14651858.CD014541.pub2,1,26.34730538922156,False,0,19.9500998003992,Moderate
CD014541_pub2_data__A15,CD014541,61,C,0.496015,0.110752,False,6,25357,10.1002/14651858.CD014541.pub2,1,26.34730538922156,False,0,19.9500998003992,Moderate
CD013474_pub2_data__A1,CD013474,61,C,-0.141883,0.858153,False,7,1634,10.1002/14651858.CD013474.pub2,1,26.34730538922156,False,0,17.884231536926148,Moderate
CD009244_pub3_data__A1,CD009244,61,C,0.091271,0.80324,False,9,5067,10.1002/14651858.CD009244.pub3,1,26.34730538922156,False,0,11.876247504990022,Moderate
CD011305_pub3_data__A12,CD011305,61,C,0.360974,0.315535,False,4,451,10.1002/14651858.CD011305.pub3,6,68.76247504990019,False,0,36.21756487025948,Moderate
CD013571_pub2_data__A11,CD013571,61,C,0.043542,0.963856,False,5,802,10.1002/14651858.CD013571.pub2,16,93.21357285429141,False,0,44.07185628742515,Moderate
CD015038_pub2_data__A14,CD015038,61,C,-0.044465,0.948762,False,9,2410,10.1002/14651858.CD015038.pub2,6,68.76247504990019,False,0,35.12974051896207,Moderate
CD015476_pub2_data__A2,CD015476,61,C,0.329583,8e-06,True,22,21482,10.1002/14651858.CD015476.pub2,0,9.68063872255489,False,0,11.21756487025948,Moderate
CD006689_pub3_data__A4,CD006689,61,C,-0.498676,0.01512,True,16,6277,10.1002/14651858.CD006689.pub3,2,39.12175648702595,False,0,24.640718562874255,Moderate
CD015476_pub2_data__A14,CD015476,61,C,0.043192,0.959889,False,6,6863,10.1002/14651858.CD015476.pub2,0,9.68063872255489,False,0,11.21756487025948,Moderate
CD011204_pub3_data__A9,CD011204,61,C,0.238429,0.188724,False,7,3896,10.1002/14651858.CD011204.pub3,0,9.68063872255489,False,0,9.121756487025948,Moderate
CD011204_pub3_data__A4,CD011204,61,C,0.322655,0.003648,True,22,9710,10.1002/14651858.CD011204.pub3,0,9.68063872255489,False,0,9.121756487025948,Moderate
CD010189_pub3_data__A1,CD010189,61,C,-0.037392,0.965435,False,6,1330,10.1002/14651858.CD010189.pub3,1,26.34730538922156,False,0,15.788423153692616,Moderate
CD010189_pub3_data__A9,CD010189,61,C,-0.020213,0.983203,False,5,662,10.1002/14651858.CD010189.pub3,1,26.34730538922156,False,0,15.788423153692616,Moderate
CD009531_pub3_data__A14,CD009531,61,C,0.22815,0.601491,False,5,1086,10.1002/14651858.CD009531.pub3,9,79.84031936127745,False,0,38.72255489021957,Moderate
CD009531_pub3_data__A11,CD009531,61,C,0.059322,0.935881,False,8,785,10.1002/14651858.CD009531.pub3,9,79.84031936127745,False,0,38.72255489021957,Moderate
CD004406_pub6_data__A7,CD004406,61,C,-0.003931,0.983463,False,10,3113,10.1002/14651858.CD004406.pub6,2,39.12175648702595,False,0,20.289421157684632,Moderate
CD015038_pub2_data__A7,CD015038,61,C,0.43758,0.474364,False,6,1831,10.1002/14651858.CD015038.pub2,6,68.76247504990019,False,0,35.12974051896207,Moderate
CD015476_pub2_data__A8,CD015476,61,C,0.378704,0.586029,False,9,9329,10.1002/14651858.CD015476.pub2,0,9.68063872255489,False,0,11.21756487025948,Moderate
CD015145_pub2_data__A18,CD015145,61,C,-4.658341,0.249088,False,4,242,10.1002/14651858.CD015145.pub2,1,26.34730538922156,False,0,18.47305389221557,Moderate
CD011793_pub3_data__A10,CD011793,61,C,-0.01516,0.982525,False,9,1023,10.1002/14651858.CD011793.pub3,9,79.84031936127745,False,0,38.982035928143716,Moderate
CD011778_pub2_data__A7,CD011778,61,C,0.0,1.0,False,15,552,10.1002/14651858.CD011778.pub2,9,79.84031936127745,False,0,37.18562874251498,Moderate
CD002971_pub6_data__A5,CD002971,61,C,-0.098351,0.887198,False,9,1261,10.1002/14651858.CD002971.pub6,0,9.68063872255489,False,0,11.21756487025948,Moderate
CD002971_pub6_data__A4,CD002971,61,C,-0.0551,0.936583,False,9,1360,10.1002/14651858.CD002971.pub6,0,9.68063872255489,False,0,11.21756487025948,Moderate
CD002971_pub6_data__A3,CD002971,61,C,0.001693,0.991668,False,9,2116,10.1002/14651858.CD002971.pub6,0,9.68063872255489,False,0,11.21756487025948,Moderate
CD002971_pub6_data__A14,CD002971,61,C,0.000628,0.995515,False,6,2339,10.1002/14651858.CD002971.pub6,0,9.68063872255489,False,0,11.21756487025948,Moderate
CD013571_pub2_data__A8,CD013571,61,C,0.050779,0.957804,False,5,1043,10.1002/14651858.CD013571.pub2,16,93.21357285429141,False,0,44.07185628742515,Moderate
CD013571_pub2_data__A3,CD013571,61,C,0.012572,0.988459,False,6,855,10.1002/14651858.CD013571.pub2,16,93.21357285429141,False,0,44.07185628742515,Moderate
CD013059_pub2_data__A2,CD013059,61,C,0.23801,0.432829,False,37,1431,10.1002/14651858.CD013059.pub2,6,68.76247504990019,False,0,28.842315369261474,Moderate
CD013059_pub2_data__A1,CD013059,61,C,-0.195779,0.098012,False,299,10584,10.1002/14651858.CD013059.pub2,6,68.76247504990019,False,0,28.842315369261474,Moderate
CD000219_pub5_data__A4,CD000219,61,C,-0.741655,0.094573,False,7,1650,10.1002/14651858.CD000219.pub5,7,73.05389221556887,False,0,31.926147704590818,Moderate
CD013591_pub2_data__A9,CD013591,61,C,-0.031555,0.970751,False,6,2087,10.1002/14651858.CD013591.pub2,23,97.1057884231537,False,0,43.48303393213574,Moderate
CD010189_pub3_data__A2,CD010189,61,C,-0.04871,0.954975,False,6,1225,10.1002/14651858.CD010189.pub3,1,26.34730538922156,False,0,15.788423153692616,Moderate
CD010189_pub3_data__A10,CD010189,61,C,-0.037392,0.965435,False,6,1330,10.1002/14651858.CD010189.pub3,1,26.34730538922156,False,0,15.788423153692616,Moderate
CD015849_pub2_data__A12,CD015849,61,C,0.831008,0.009043,True,12,4087,10.1002/14651858.CD015849.pub2,4,57.48502994011976,False,0,32.83433133732535,Moderate
CD015849_pub2_data__A11,CD015849,61,C,-0.135592,0.093779,False,8,18190,10.1002/14651858.CD015849.pub2,4,57.48502994011976,False,0,32.83433133732535,Moderate
CD008493_pub5_data__A8,CD008493,61,C,0.000418,0.99965,False,5,4788,10.1002/14651858.CD008493.pub5,2,39.12175648702595,False,0,19.79041916167665,Moderate
CD015476_pub2_data__A9,CD015476,61,C,0.054253,0.94964,False,6,6495,10.1002/14651858.CD015476.pub2,0,9.68063872255489,False,0,11.21756487025948,Moderate
CD011204_pub3_data__A1,CD011204,60,C,0.905255,0.0,True,84,37306,10.1002/14651858.CD011204.pub3,0,9.68063872255489,False,0,9.121756487025948,Moderate
CD006712_pub3_data__A3,CD006712,60,C,0.050286,0.977451,False,2,291,10.1002/14651858.CD006712.pub3,3,49.101796407185624,False,0,20.97804391217565,Moderate
CD013595_pub2_data__A7,CD013595,60,C,0.331587,0.145148,False,3,1644,10.1002/14651858.CD013595.pub2,6,68.76247504990019,False,0,32.75449101796407,Moderate
CD002122_pub3_data__A3,CD002122,60,C,-0.10115,0.453546,False,41,2823,10.1002/14651858.CD002122.pub3,0,9.68063872255489,False,0,7.325349301397207,Moderate
CD015721_pub2_data__A7,CD015721,60,C,0.212794,0.083352,False,5,2037,10.1002/14651858.CD015721.pub2,3,49.101796407185624,False,0,23.093812375249502,Moderate
CD008688_pub3_data__A5,CD008688,60,C,0.463875,0.787503,False,2,486,10.1002/14651858.CD008688.pub3,0,9.68063872255489,False,0,8.013972055888225,Moderate
CD008628_pub3_data__A4,CD008628,60,C,-0.314395,0.607866,False,8,339,10.1002/14651858.CD008628.pub3,14,90.31936127744511,False,0,42.08582834331338,Moderate
CD001431_pub6_data__A1,CD001431,60,C,0.10637,0.015625,True,437,103164,10.1002/14651858.CD001431.pub6,166,100.0,False,0,42.70459081836327,Moderate
CD014541_pub2_data__A14,CD014541,60,C,0.532076,0.128736,False,6,25357,10.1002/14651858.CD014541.pub2,1,26.34730538922156,False,0,19.9500998003992,Moderate
CD014544_pub2_data__A6,CD014544,60,C,1.25371,0.000662,True,24,1357,10.1002/14651858.CD014544.pub2,8,76.14770459081836,False,0,33.16367265469062,Moderate
CD013801_pub2_data__A2,CD013801,60,C,0.75922,0.619302,False,5,252,10.1002/14651858.CD013801.pub2,0,9.68063872255489,False,0,12.86427145708583,Moderate
CD006027_pub3_data__A3,CD006027,60,C,0.109916,0.590132,False,16,2009,10.1002/14651858.CD006027.pub3,1,26.34730538922156,False,0,11.876247504990022,Moderate
CD015721_pub2_data__A4,CD015721,60,C,0.180668,0.110635,False,6,2334,10.1002/14651858.CD015721.pub2,3,49.101796407185624,False,0,23.093812375249502,Moderate
CD015721_pub2_data__A2,CD015721,60,C,0.009844,0.923043,False,6,2336,10.1002/14651858.CD015721.pub2,3,49.101796407185624,False,0,23.093812375249502,Moderate
CD015721_pub2_data__A1,CD015721,60,C,0.088835,0.422922,False,6,2336,10.1002/14651858.CD015721.pub2,3,49.101796407185624,False,0,23.093812375249502,Moderate
CD014941_pub2_data__A18,CD014941,60,C,0.079824,0.814397,False,4,875,10.1002/14651858.CD014941.pub2,7,73.05389221556887,False,0,37.70459081836327,Moderate
CD014941_pub2_data__A16,CD014941,60,C,0.368707,0.201848,False,4,875,10.1002/14651858.CD014941.pub2,7,73.05389221556887,False,0,37.70459081836327,Moderate
CD012079_pub2_data__A4,CD012079,60,C,-0.86442,3e-06,True,22,2327,10.1002/14651858.CD012079.pub2,12,86.42714570858283,False,0,43.56287425149701,Moderate
CD007872_pub4_data__A7,CD007872,60,C,0.003294,0.93764,False,3,18972,10.1002/14651858.CD007872.pub4,2,39.12175648702595,False,0,23.77245508982036,Moderate
CD016002_data__A7,CD016002,60,C,2.285617,0.101617,False,5,215,10.1002/14651858.CD016002,1,26.34730538922156,False,0,19.640718562874255,Moderate
CD012942_pub2_data__A10,CD012942,60,C,0.325133,0.059935,False,6,3514,10.1002/14651858.CD012942.pub2,5,63.57285429141717,False,0,31.3872255489022,Moderate
CD001552_pub3_data__A9,CD001552,60,C,-0.392623,0.635145,False,4,372,10.1002/14651858.CD001552.pub3,6,68.76247504990019,False,0,33.46307385229541,Moderate
CD014844_pub2_data__A1,CD014844,60,C,-0.264829,0.343581,False,6,4371,10.1002/14651858.CD014844.pub2,0,9.68063872255489,False,0,10.32934131736527,Moderate
CD014932_pub2_data__A7,CD014932,60,C,0.167054,0.933983,False,1,59,10.1002/14651858.CD014932.pub2,13,88.32335329341318,False,0,38.78243512974052,Moderate
CD014932_pub2_data__A6,CD014932,60,C,0.0,1.0,False,2,208,10.1002/14651858.CD014932.pub2,13,88.32335329341318,False,0,38.78243512974052,Moderate
CD014844_pub2_data__A11,CD014844,60,C,-0.264829,0.343581,False,6,4371,10.1002/14651858.CD014844.pub2,0,9.68063872255489,False,0,10.32934131736527,Moderate
CD014844_pub2_data__A10,CD014844,60,C,-0.264829,0.343581,False,6,4371,10.1002/14651858.CD014844.pub2,0,9.68063872255489,False,0,10.32934131736527,Moderate
CD013801_pub2_data__A1,CD013801,60,C,0.732936,0.410746,False,7,354,10.1002/14651858.CD013801.pub2,0,9.68063872255489,False,0,12.86427145708583,Moderate
CD006182_pub3_data__A1,CD006182,60,C,0.399223,0.035008,True,28,3326,10.1002/14651858.CD006182.pub3,1,26.34730538922156,False,0,15.179640718562876,Moderate
CD003477_pub5_data__A3,CD003477,60,C,0.127767,0.761461,False,24,838,10.1002/14651858.CD003477.pub5,8,76.14770459081836,False,0,33.91217564870259,Moderate
CD015875_data__A16,CD015875,60,C,3.632766,0.458655,False,7,355,10.1002/14651858.CD015875,3,49.101796407185624,False,0,29.3812375249501,Moderate
CD014844_pub2_data__A12,CD014844,60,C,-0.264829,0.343581,False,6,4371,10.1002/14651858.CD014844.pub2,0,9.68063872255489,False,0,10.32934131736527,Moderate
CD003331_pub6_data__A6,CD003331,60,C,-0.416644,0.176696,False,6,1098,10.1002/14651858.CD003331.pub6,26,97.90419161676647,False,0,43.80239520958084,Moderate
CD006185_pub6_data__A4,CD006185,60,C,-0.068053,0.891596,False,17,857,10.1002/14651858.CD006185.pub6,4,57.48502994011976,False,0,27.135728542914173,Moderate
CD013232_pub2_data__A4,CD013232,60,C,0.148873,0.176081,False,104,8108,10.1002/14651858.CD013232.pub2,4,57.48502994011976,False,0,31.477045908183634,Moderate
CD013827_pub2_data__A3,CD013827,60,C,-0.005817,0.964637,False,7,2320,10.1002/14651858.CD013827.pub2,5,63.57285429141717,False,0,32.47504990019961,Moderate
CD003216_pub3_data__A5,CD003216,60,C,0.027134,0.987903,False,2,204,10.1002/14651858.CD003216.pub3,18,95.50898203592814,False,0,42.34530938123752,Moderate
CD012850_pub2_data__A17,CD012850,60,C,-0.110539,0.720922,False,6,277,10.1002/14651858.CD012850.pub2,19,96.10778443113772,False,0,47.85429141716567,Moderate
CD015875_data__A17,CD015875,60,C,1.070617,0.394585,False,5,258,10.1002/14651858.CD015875,3,49.101796407185624,False,0,29.3812375249501,Moderate
CD001396_pub4_data__A2,CD001396,60,C,0.999155,0.0,True,56,6999,10.1002/14651858.CD001396.pub4,5,63.57285429141717,False,0,33.72255489021957,Moderate
CD001396_pub4_data__A19,CD001396,60,C,0.920384,0.0,True,30,3502,10.1002/14651858.CD001396.pub4,5,63.57285429141717,False,0,33.72255489021957,Moderate
CD003216_pub3_data__A8,CD003216,60,C,3.084528,0.038857,False,1,49,10.1002/14651858.CD003216.pub3,18,95.50898203592814,False,0,42.34530938123752,Moderate
CD003216_pub3_data__A7,CD003216,60,C,0.05757,0.977118,False,1,138,10.1002/14651858.CD003216.pub3,18,95.50898203592814,False,0,42.34530938123752,Moderate
CD013781_pub2_data__A13,CD013781,60,C,-0.58363,0.061605,False,8,1565,10.1002/14651858.CD013781.pub2,1,26.34730538922156,False,0,19.80039920159681,Moderate
CD012850_pub2_data__A1,CD012850,60,C,-0.085273,0.896036,False,6,219,10.1002/14651858.CD012850.pub2,19,96.10778443113772,False,0,47.85429141716567,Moderate
CD004667_pub6_data__A20,CD004667,60,C,-0.088045,0.339924,False,8,12420,10.1002/14651858.CD004667.pub6,64,99.8003992015968,False,0,48.21357285429142,Moderate
CD015875_data__A23,CD015875,60,C,-1.312162,0.464142,False,6,263,10.1002/14651858.CD015875,3,49.101796407185624,False,0,29.3812375249501,Moderate
CD007130_pub5_data__A11,CD007130,60,C,0.029042,0.877988,False,6,986,10.1002/14651858.CD007130.pub5,51,99.60079840319361,False,0,45.79840319361277,Moderate
CD014089_data__A11,CD014089,60,C,0.624681,0.083014,False,6,314,10.1002/14651858.CD014089,2,39.12175648702595,False,0,21.60678642714571,Moderate
CD015331_pub2_data__A34,CD015331,60,C,-0.340202,0.272377,False,8,693,10.1002/14651858.CD015331.pub2,2,39.12175648702595,False,0,25.64870259481038,Moderate
CD008564_pub3_data__A7,CD008564,60,C,0.090046,0.709823,False,5,6567,10.1002/14651858.CD008564.pub3,3,49.101796407185624,False,0,25.59880239520958,Moderate
CD006475_pub3_data__A4,CD006475,60,C,-0.115976,0.243772,False,18,6148,10.1002/14651858.CD006475.pub3,1,26.34730538922156,False,0,16.497005988023954,Moderate
CD009022_pub4_data__A8,CD009022,60,C,1.318224,0.084456,False,5,664,10.1002/14651858.CD009022.pub4,0,9.68063872255489,False,0,10.658682634730539,Moderate
CD014965_pub2_data__A5,CD014965,60,C,0.951587,0.009846,True,10,701,10.1002/14651858.CD014965.pub2,4,57.48502994011976,False,0,32.25548902195609,Moderate
CD016002_data__A14,CD016002,60,C,0.035488,0.198879,False,5,434,10.1002/14651858.CD016002,1,26.34730538922156,False,0,19.640718562874255,Moderate
CD001552_pub3_data__A10,CD001552,60,C,-1.853181,0.12728,False,6,659,10.1002/14651858.CD001552.pub3,6,68.76247504990019,False,0,33.46307385229541,Moderate
CD015101_data__A1,CD015101,60,C,-0.342332,0.410915,False,23,1286,10.1002/14651858.CD015101,1,26.34730538922156,False,0,11.876247504990022,Moderate
CD004736_pub6_data__A3,CD004736,60,C,-1.673591,0.0,True,39,28415,10.1002/14651858.CD004736.pub6,14,90.31936127744511,False,0,46.10778443113773,Moderate
CD012693_pub3_data__A14,CD012693,60,C,0.149778,0.100902,False,26,8875,10.1002/14651858.CD012693.pub3,12,86.42714570858283,False,0,44.141716566866265,Moderate
CD015003_pub2_data__A1,CD015003,60,C,-0.307001,0.121552,False,9,1277,10.1002/14651858.CD015003.pub2,4,57.48502994011976,False,0,25.69860279441118,Moderate
CD008309_pub3_data__A1,CD008309,60,C,0.426391,0.176945,False,12,729,10.1002/14651858.CD008309.pub3,8,76.14770459081836,True,0,59.87025948103792,Moderate
CD008688_pub3_data__A6,CD008688,60,C,-0.331417,0.605446,False,2,486,10.1002/14651858.CD008688.pub3,0,9.68063872255489,False,0,8.013972055888225,Moderate
CD013232_pub2_data__A10,CD013232,60,C,0.164869,0.220042,False,46,4130,10.1002/14651858.CD013232.pub2,4,57.48502994011976,False,0,31.477045908183634,Moderate
CD013051_pub3_data__A1,CD013051,60,C,1.716356,1.6e-05,True,12,1179,10.1002/14651858.CD013051.pub3,0,9.68063872255489,False,0,4.580838323353293,Moderate
CD008349_pub5_data__A14,CD008349,60,C,0.005404,0.991626,False,16,963,10.1002/14651858.CD008349.pub5,5,63.57285429141717,False,0,32.47504990019961,Moderate
CD008309_pub3_data__A5,CD008309,60,C,0.186565,0.630795,False,11,693,10.1002/14651858.CD008309.pub3,8,76.14770459081836,True,0,59.87025948103792,Moderate
CD004736_pub6_data__A39,CD004736,60,C,-0.109628,0.037251,True,21,27127,10.1002/14651858.CD004736.pub6,14,90.31936127744511,False,0,46.10778443113773,Moderate
CD004736_pub6_data__A38,CD004736,60,C,-0.104876,0.045388,True,23,23692,10.1002/14651858.CD004736.pub6,14,90.31936127744511,False,0,46.10778443113773,Moderate
CD012397_pub2_data__A5,CD012397,60,C,0.653805,0.182091,False,2,478,10.1002/14651858.CD012397.pub2,4,57.48502994011976,False,0,29.451097804391217,Moderate
CD012397_pub2_data__A4,CD012397,60,C,0.713158,0.192943,False,2,478,10.1002/14651858.CD012397.pub2,4,57.48502994011976,False,0,29.451097804391217,Moderate
CD012397_pub2_data__A3,CD012397,60,C,-0.133378,0.616311,False,2,478,10.1002/14651858.CD012397.pub2,4,57.48502994011976,False,0,29.451097804391217,Moderate
CD012586_pub2_data__A2,CD012586,60,C,-0.243407,0.000486,True,95,26434,10.1002/14651858.CD012586.pub2,4,57.48502994011976,False,0,28.243512974051896,Moderate
CD015033_pub2_data__A14,CD015033,60,C,-0.003674,0.9942,False,12,798,10.1002/14651858.CD015033.pub2,10,82.83433133732535,False,0,42.01596806387226,Moderate
CD014769_pub2_data__A3,CD014769,60,C,-0.221569,0.343355,False,6,32901,10.1002/14651858.CD014769.pub2,4,57.48502994011976,True,0,52.40518962075848,Moderate
CD014769_pub2_data__A9,CD014769,60,C,-0.144378,0.035631,True,27,122601,10.1002/14651858.CD014769.pub2,4,57.48502994011976,True,0,52.40518962075848,Moderate
CD014769_pub2_data__A6,CD014769,60,C,-0.144378,0.035631,True,27,122601,10.1002/14651858.CD014769.pub2,4,57.48502994011976,True,0,52.40518962075848,Moderate
CD014769_pub2_data__A1,CD014769,60,C,-0.144378,0.035631,True,27,122601,10.1002/14651858.CD014769.pub2,4,57.48502994011976,True,0,52.40518962075848,Moderate
CD014769_pub2_data__A2,CD014769,60,C,-0.144378,0.035631,True,27,122601,10.1002/14651858.CD014769.pub2,4,57.48502994011976,True,0,52.40518962075848,Moderate
CD014769_pub2_data__A11,CD014769,60,C,-0.297206,0.043748,True,8,50954,10.1002/14651858.CD014769.pub2,4,57.48502994011976,True,0,52.40518962075848,Moderate
CD016001_data__A15,CD016001,60,C,19.035079,0.107643,False,6,299,10.1002/14651858.CD016001,0,9.68063872255489,False,0,12.584830339321359,Moderate
CD016001_data__A14,CD016001,60,C,0.018162,0.486486,False,9,352,10.1002/14651858.CD016001,0,9.68063872255489,False,0,12.584830339321359,Moderate
CD015033_pub2_data__A5,CD015033,60,C,0.203432,0.687869,False,13,978,10.1002/14651858.CD015033.pub2,10,82.83433133732535,False,0,42.01596806387226,Moderate
CD015033_pub2_data__A4,CD015033,60,C,-0.007418,0.990522,False,11,695,10.1002/14651858.CD015033.pub2,10,82.83433133732535,False,0,42.01596806387226,Moderate
CD013844_pub2_data__A1,CD013844,60,C,-0.470197,0.324622,False,12,9650,10.1002/14651858.CD013844.pub2,4,57.48502994011976,False,0,28.952095808383234,Moderate
CD003477_pub5_data__A7,CD003477,60,C,0.240103,0.677749,False,13,547,10.1002/14651858.CD003477.pub5,8,76.14770459081836,False,0,33.91217564870259,Moderate
CD014769_pub2_data__A5,CD014769,60,C,-0.144378,0.035631,True,27,122601,10.1002/14651858.CD014769.pub2,4,57.48502994011976,True,0,52.40518962075848,Moderate
CD016168_data__A9,CD016168,59,D,-0.643779,0.722824,False,2,424,10.1002/14651858.CD016168,0,9.68063872255489,False,0,12.355289421157686,Low Stakes
CD015038_pub2_data__A10,CD015038,59,D,-0.234106,0.430981,False,8,2626,10.1002/14651858.CD015038.pub2,6,68.76247504990019,False,0,35.12974051896207,Moderate
CD015064_pub2_data__A1,CD015064,59,D,0.454653,0.020659,True,14,8382,10.1002/14651858.CD015064.pub2,13,88.32335329341318,False,0,35.399201596806385,Moderate
CD006689_pub3_data__A7,CD006689,59,D,-0.218834,0.108533,False,17,4335,10.1002/14651858.CD006689.pub3,2,39.12175648702595,False,0,24.640718562874255,Low Stakes
CD006689_pub3_data__A20,CD006689,59,D,0.621506,0.102784,False,11,6030,10.1002/14651858.CD006689.pub3,2,39.12175648702595,False,0,24.640718562874255,Low Stakes
CD006689_pub3_data__A18,CD006689,59,D,1.017718,0.048331,True,12,6237,10.1002/14651858.CD006689.pub3,2,39.12175648702595,False,0,24.640718562874255,Low Stakes
CD006689_pub3_data__A16,CD006689,59,D,0.139368,0.322656,False,14,5864,10.1002/14651858.CD006689.pub3,2,39.12175648702595,False,0,24.640718562874255,Low Stakes
CD013844_pub2_data__A3,CD013844,59,D,-0.062006,0.773522,False,14,6847,10.1002/14651858.CD013844.pub2,4,57.48502994011976,False,0,28.952095808383234,Low Stakes
CD013835_pub2_data__A2,CD013835,59,D,0.0,1.0,False,2,0,10.1002/14651858.CD013835.pub2,1,26.34730538922156,False,0,10.838323353293415,Low Stakes
CD013853_pub2_data__A6,CD013853,59,D,-1.022802,0.338498,False,4,77,10.1002/14651858.CD013853.pub2,7,73.05389221556887,False,0,31.926147704590818,Moderate
CD013853_pub2_data__A5,CD013853,59,D,-0.011724,0.981036,False,4,178,10.1002/14651858.CD013853.pub2,7,73.05389221556887,False,0,31.926147704590818,Moderate
CD014872_pub2_data__A13,CD014872,59,D,0.809553,0.000881,True,11,3744,10.1002/14651858.CD014872.pub2,4,57.48502994011976,False,0,30.339321357285428,Moderate
CD008688_pub3_data__A4,CD008688,59,D,0.151922,0.646449,False,2,486,10.1002/14651858.CD008688.pub3,0,9.68063872255489,False,0,8.013972055888225,Low Stakes
CD013078_pub2_data__A4,CD013078,59,D,-0.45667,0.736292,False,3,77,10.1002/14651858.CD013078.pub2,0,9.68063872255489,False,0,8.013972055888225,Low Stakes
CD013078_pub2_data__A3,CD013078,59,D,-0.344537,0.757981,False,4,109,10.1002/14651858.CD013078.pub2,0,9.68063872255489,False,0,8.013972055888225,Low Stakes
CD015520_data__A3,CD015520,59,D,-0.16843,0.751726,False,15,805,10.1002/14651858.CD015520,1,26.34730538922156,False,0,16.497005988023954,Low Stakes
CD002303_pub4_data__A2,CD002303,59,D,-0.392583,0.088894,False,7,1637,10.1002/14651858.CD002303.pub4,3,49.101796407185624,False,0,19.940119760479043,Low Stakes
CD015462_pub2_data__A8,CD015462,59,D,0.618301,0.461439,False,4,84,10.1002/14651858.CD015462.pub2,6,68.76247504990019,True,0,55.439121756487026,Red Flag
CD006515_pub2_data__A8,CD006515,59,D,0.076961,0.966036,False,2,50,10.1002/14651858.CD006515.pub2,5,63.57285429141717,False,0,31.886227544910184,Moderate
CD006515_pub2_data__A7,CD006515,59,D,1.860752,0.245699,False,1,25,10.1002/14651858.CD006515.pub2,5,63.57285429141717,False,0,31.886227544910184,Moderate
CD006515_pub2_data__A6,CD006515,59,D,-0.160343,0.937347,False,1,24,10.1002/14651858.CD006515.pub2,5,63.57285429141717,False,0,31.886227544910184,Moderate
CD006515_pub2_data__A5,CD006515,59,D,-0.041592,0.98164,False,2,49,10.1002/14651858.CD006515.pub2,5,63.57285429141717,False,0,31.886227544910184,Moderate
CD012609_pub2_data__A5,CD012609,59,D,-0.101246,0.879878,False,2,437,10.1002/14651858.CD012609.pub2,2,39.12175648702595,False,0,18.353293413173652,Low Stakes
CD015158_pub2_data__A28,CD015158,59,D,0.0,1.0,False,1,0,10.1002/14651858.CD015158.pub2,1,26.34730538922156,False,0,19.9500998003992,Low Stakes
CD015158_pub2_data__A24,CD015158,59,D,0.0,1.0,False,1,0,10.1002/14651858.CD015158.pub2,1,26.34730538922156,False,0,19.9500998003992,Low Stakes
CD015158_pub2_data__A23,CD015158,59,D,0.0,1.0,False,1,0,10.1002/14651858.CD015158.pub2,1,26.34730538922156,False,0,19.9500998003992,Low Stakes
CD015158_pub2_data__A17,CD015158,59,D,0.0,1.0,False,1,0,10.1002/14651858.CD015158.pub2,1,26.34730538922156,False,0,19.9500998003992,Low Stakes
CD007837_pub3_data__A8,CD007837,59,D,0.0,1.0,False,3,90,10.1002/14651858.CD007837.pub3,18,95.50898203592814,False,0,42.34530938123752,Moderate
CD013835_pub2_data__A1,CD013835,59,D,0.0,1.0,False,2,0,10.1002/14651858.CD013835.pub2,1,26.34730538922156,False,0,10.838323353293415,Low Stakes
CD014920_pub2_data__A1,CD014920,59,D,-1.264326,0.517096,False,2,888,10.1002/14651858.CD014920.pub2,1,26.34730538922156,False,0,13.243512974051898,Low Stakes
CD013844_pub2_data__A9,CD013844,59,D,-0.131232,0.891459,False,5,322,10.1002/14651858.CD013844.pub2,4,57.48502994011976,False,0,28.952095808383234,Low Stakes
CD013672_pub2_data__A1,CD013672,59,D,0.630343,0.023293,True,14,2519,10.1002/14651858.CD013672.pub2,0,9.68063872255489,False,0,5.908183632734531,Low Stakes
CD006515_pub2_data__A11,CD006515,59,D,-0.493647,0.470417,False,2,164,10.1002/14651858.CD006515.pub2,5,63.57285429141717,False,0,31.886227544910184,Moderate
CD006515_pub2_data__A10,CD006515,59,D,0.314194,0.624841,False,5,296,10.1002/14651858.CD006515.pub2,5,63.57285429141717,False,0,31.886227544910184,Moderate
CD006515_pub2_data__A1,CD006515,59,D,0.637484,0.579375,False,2,107,10.1002/14651858.CD006515.pub2,5,63.57285429141717,False,0,31.886227544910184,Moderate
CD013456_pub2_data__A4,CD013456,59,D,0.183741,0.74049,False,14,1049,10.1002/14651858.CD013456.pub2,16,93.21357285429141,False,0,44.3313373253493,Moderate
CD011381_pub3_data__A11,CD011381,59,D,-0.131037,0.598491,False,32,32669,10.1002/14651858.CD011381.pub3,16,93.21357285429141,False,0,43.243512974051896,Moderate
CD004184_pub3_data__A6,CD004184,59,D,0.008634,0.975478,False,52,6146,10.1002/14651858.CD004184.pub3,6,68.76247504990019,False,0,32.75449101796407,Moderate
CD004184_pub3_data__A5,CD004184,59,D,0.008634,0.975478,False,52,6146,10.1002/14651858.CD004184.pub3,6,68.76247504990019,False,0,32.75449101796407,Moderate
CD012067_pub3_data__A15,CD012067,59,D,0.092947,0.571907,False,7,3412,10.1002/14651858.CD012067.pub3,0,9.68063872255489,False,0,12.86427145708583,Low Stakes
CD012067_pub3_data__A14,CD012067,59,D,-0.515191,0.409184,False,9,659,10.1002/14651858.CD012067.pub3,0,9.68063872255489,False,0,12.86427145708583,Low Stakes
CD012067_pub3_data__A12,CD012067,59,D,-0.191679,0.732213,False,6,1604,10.1002/14651858.CD012067.pub3,0,9.68063872255489,False,0,12.86427145708583,Low Stakes
CD014040_pub2_data__A3,CD014040,59,D,0.165702,0.123966,False,7,2162,10.1002/14651858.CD014040.pub2,2,39.12175648702595,False,0,20.898203592814372,Low Stakes
CD008564_pub3_data__A2,CD008564,59,D,0.016248,0.512451,False,57,42202,10.1002/14651858.CD008564.pub3,3,49.101796407185624,False,0,25.59880239520958,Low Stakes
CD008688_pub3_data__A8,CD008688,59,D,0.008055,0.995102,False,3,515,10.1002/14651858.CD008688.pub3,0,9.68063872255489,False,0,8.013972055888225,Low Stakes
CD013111_pub2_data__A3,CD013111,59,D,-0.372529,0.451213,False,4,302,10.1002/14651858.CD013111.pub2,2,39.12175648702595,True,0,39.790419161676645,Moderate
CD013111_pub2_data__A2,CD013111,59,D,0.7829,0.052534,False,4,316,10.1002/14651858.CD013111.pub2,2,39.12175648702595,True,0,39.790419161676645,Moderate
CD013042_pub2_data__A6,CD013042,59,D,0.897024,0.051324,False,17,1241,10.1002/14651858.CD013042.pub2,6,68.76247504990019,False,0,31.646706586826344,Moderate
CD015526_pub2_data__A4,CD015526,59,D,-1.186283,0.552508,False,2,37,10.1002/14651858.CD015526.pub2,1,26.34730538922156,False,0,11.876247504990022,Low Stakes
CD014802_pub2_data__A4,CD014802,59,D,-0.338678,0.644047,False,2,595,10.1002/14651858.CD014802.pub2,0,9.68063872255489,False,0,10.658682634730539,Low Stakes
CD013707_pub2_data__A8,CD013707,59,D,-0.402192,0.557388,False,4,169,10.1002/14651858.CD013707.pub2,1,26.34730538922156,False,0,16.497005988023954,Low Stakes
CD013707_pub2_data__A7,CD013707,59,D,0.364414,0.742415,False,3,130,10.1002/14651858.CD013707.pub2,1,26.34730538922156,False,0,16.497005988023954,Low Stakes
CD013707_pub2_data__A6,CD013707,59,D,0.011504,0.993055,False,3,129,10.1002/14651858.CD013707.pub2,1,26.34730538922156,False,0,16.497005988023954,Low Stakes
CD013707_pub2_data__A5,CD013707,59,D,0.055145,0.959927,False,4,189,10.1002/14651858.CD013707.pub2,1,26.34730538922156,False,0,16.497005988023954,Low Stakes
CD004736_pub6_data__A55,CD004736,59,D,-0.932344,0.003181,True,9,4334,10.1002/14651858.CD004736.pub6,14,90.31936127744511,False,0,46.10778443113773,Moderate
CD015252_pub2_data__A4,CD015252,59,D,-0.586809,0.027816,True,12,1251,10.1002/14651858.CD015252.pub2,10,82.83433133732535,False,0,37.77445109780439,Moderate
CD013042_pub2_data__A4,CD013042,59,D,0.307497,0.001386,True,40,4222,10.1002/14651858.CD013042.pub2,6,68.76247504990019,False,0,31.646706586826344,Moderate
CD004871_pub5_data__A9,CD004871,59,D,-0.021228,0.971656,False,12,795,10.1002/14651858.CD004871.pub5,6,68.76247504990019,False,0,34.55089820359281,Moderate
CD003962_pub3_data__A22,CD003962,59,D,0.0,1.0,False,1,200,10.1002/14651858.CD003962.pub3,13,88.32335329341318,False,0,44.041916167664674,Moderate
CD003962_pub3_data__A20,CD003962,59,D,0.826916,0.366163,False,2,330,10.1002/14651858.CD003962.pub3,13,88.32335329341318,False,0,44.041916167664674,Moderate
CD015252_pub2_data__A3,CD015252,59,D,-0.914641,2.6e-05,True,16,2116,10.1002/14651858.CD015252.pub2,10,82.83433133732535,False,0,37.77445109780439,Moderate
CD012693_pub3_data__A19,CD012693,59,D,-0.020882,0.820839,False,6,2275,10.1002/14651858.CD012693.pub3,12,86.42714570858283,False,0,44.141716566866265,Moderate
CD012693_pub3_data__A18,CD012693,59,D,0.041612,0.602448,False,9,3294,10.1002/14651858.CD012693.pub3,12,86.42714570858283,False,0,44.141716566866265,Moderate
CD015112_pub3_data__A2,CD015112,59,D,0.0,1.0,False,1,0,10.1002/14651858.CD015112.pub3,2,39.12175648702595,False,0,16.35728542914172,Low Stakes
CD015112_pub3_data__A1,CD015112,59,D,0.0,1.0,False,1,0,10.1002/14651858.CD015112.pub3,2,39.12175648702595,False,0,16.35728542914172,Low Stakes
CD002203_pub5_data__A7,CD002203,59,D,-0.283604,0.207585,False,7,1405,10.1002/14651858.CD002203.pub5,0,9.68063872255489,True,0,33.532934131736525,Moderate
CD015432_pub2_data__A3,CD015432,59,D,0.025779,0.946556,False,14,813,10.1002/14651858.CD015432.pub2,5,63.57285429141717,False,0,32.774451097804395,Moderate
CD015432_pub2_data__A13,CD015432,59,D,-0.191708,0.366562,False,13,917,10.1002/14651858.CD015432.pub2,5,63.57285429141717,False,0,32.774451097804395,Moderate
CD013294_pub2_data__A8,CD013294,59,D,0.0,1.0,False,3,112,10.1002/14651858.CD013294.pub2,10,82.83433133732535,True,0,59.92015968063872,Red Flag
CD004184_pub3_data__A1,CD004184,59,D,-0.709541,0.563589,False,2,1470,10.1002/14651858.CD004184.pub3,6,68.76247504990019,False,0,32.75449101796407,Moderate
CD003962_pub3_data__A7,CD003962,59,D,0.571604,0.427966,False,7,324,10.1002/14651858.CD003962.pub3,13,88.32335329341318,False,0,44.041916167664674,Moderate
CD003962_pub3_data__A23,CD003962,59,D,0.0,1.0,False,1,84,10.1002/14651858.CD003962.pub3,13,88.32335329341318,False,0,44.041916167664674,Moderate
CD010136_pub4_data__A1,CD010136,59,D,-0.521387,0.565074,False,3,133,10.1002/14651858.CD010136.pub4,9,79.84031936127745,True,0,59.28143712574851,Red Flag
CD015112_pub3_data__A3,CD015112,59,D,0.0,1.0,False,1,0,10.1002/14651858.CD015112.pub3,2,39.12175648702595,False,0,16.35728542914172,Low Stakes
CD014678_pub2_data__A7,CD014678,59,D,0.679425,0.000221,True,17,81613,10.1002/14651858.CD014678.pub2,5,63.57285429141717,False,0,29.57085828343314,Low Stakes
CD015284_pub2_data__A2,CD015284,59,D,0.393314,0.019799,True,17,1910,10.1002/14651858.CD015284.pub2,2,39.12175648702595,False,0,25.309381237524953,Low Stakes
CD012335_pub2_data__A4,CD012335,59,D,0.006776,0.988575,False,2,0,10.1002/14651858.CD012335.pub2,0,9.68063872255489,False,0,10.658682634730539,Low Stakes
CD013445_pub2_data__A28,CD013445,59,D,0.57904,0.002357,True,18,2178,10.1002/14651858.CD013445.pub2,15,91.81636726546905,False,0,46.387225548902194,Moderate
CD011468_pub2_data__A2,CD011468,59,D,-1.98975,0.249066,False,2,133,10.1002/14651858.CD011468.pub2,3,49.101796407185624,False,0,20.97804391217565,Low Stakes
CD012268_pub2_data__A4,CD012268,59,D,0.042098,0.939336,False,14,812,10.1002/14651858.CD012268.pub2,4,57.48502994011976,False,0,29.451097804391217,Low Stakes
CD003962_pub3_data__A11,CD003962,59,D,0.140282,0.884132,False,5,471,10.1002/14651858.CD003962.pub3,13,88.32335329341318,False,0,44.041916167664674,Moderate
CD015894_pub2_data__A1,CD015894,59,D,0.110769,0.840507,False,14,901,10.1002/14651858.CD015894.pub2,1,26.34730538922156,False,0,11.876247504990022,Low Stakes
CD013445_pub2_data__A1,CD013445,59,D,0.91978,0.0,True,39,4088,10.1002/14651858.CD013445.pub2,15,91.81636726546905,False,0,46.387225548902194,Moderate
CD007079_pub4_data__A15,CD007079,59,D,0.065016,0.353908,False,7,6816,10.1002/14651858.CD007079.pub4,0,9.68063872255489,False,0,11.65668662674651,Low Stakes
CD002243_pub5_data__A12,CD002243,59,D,-0.201037,0.023257,True,13,8360,10.1002/14651858.CD002243.pub5,0,9.68063872255489,False,0,12.355289421157686,Low Stakes
CD013414_pub2_data__A8,CD013414,59,D,0.483725,0.052018,False,5,4072,10.1002/14651858.CD013414.pub2,8,76.14770459081836,False,0,35.70858283433134,Moderate
CD013414_pub2_data__A2,CD013414,59,D,0.186553,0.80034,False,8,8751,10.1002/14651858.CD013414.pub2,8,76.14770459081836,False,0,35.70858283433134,Moderate
CD008688_pub3_data__A3,CD008688,59,D,-0.400441,0.709254,False,3,515,10.1002/14651858.CD008688.pub3,0,9.68063872255489,False,0,8.013972055888225,Low Stakes
CD008688_pub3_data__A2,CD008688,59,D,0.125151,0.658642,False,2,486,10.1002/14651858.CD008688.pub3,0,9.68063872255489,False,0,8.013972055888225,Low Stakes
CD011806_pub2_data__A9,CD011806,59,D,0.026752,0.983773,False,3,156,10.1002/14651858.CD011806.pub2,13,88.32335329341318,False,0,43.45309381237525,Moderate
CD011800_pub2_data__A2,CD011800,59,D,0.288753,0.82793,False,3,152,10.1002/14651858.CD011800.pub2,3,49.101796407185624,False,0,23.093812375249502,Low Stakes
CD014089_data__A9,CD014089,59,D,1.875374,0.243998,False,2,35,10.1002/14651858.CD014089,2,39.12175648702595,False,0,21.60678642714571,Low Stakes
CD002112_pub2_data__A5,CD002112,59,D,0.050563,0.870575,False,8,825,10.1002/14651858.CD002112.pub2,0,9.68063872255489,False,0,6.57684630738523,Low Stakes
CD010533_pub3_data__A4,CD010533,59,D,-0.202354,0.213033,False,10,7602,10.1002/14651858.CD010533.pub3,0,9.68063872255489,False,0,7.325349301397207,Low Stakes
CD015877_data__A3,CD015877,59,D,1.958878,0.776005,False,2,65,10.1002/14651858.CD015877,2,39.12175648702595,False,0,16.35728542914172,Low Stakes
CD015877_data__A2,CD015877,59,D,3.406071,0.709145,False,2,65,10.1002/14651858.CD015877,2,39.12175648702595,False,0,16.35728542914172,Low Stakes
CD014585_pub2_data__A1,CD014585,59,D,-0.696741,1.5e-05,True,22,12049,10.1002/14651858.CD014585.pub2,2,39.12175648702595,False,0,18.353293413173652,Low Stakes
CD004736_pub6_data__A69,CD004736,59,D,0.247577,0.33361,False,5,1183,10.1002/14651858.CD004736.pub6,14,90.31936127744511,False,0,46.10778443113773,Moderate
CD012693_pub3_data__A31,CD012693,59,D,-0.035288,0.949248,False,12,512,10.1002/14651858.CD012693.pub3,12,86.42714570858283,False,0,44.141716566866265,Moderate
CD012693_pub3_data__A27,CD012693,59,D,-0.308918,0.417597,False,12,511,10.1002/14651858.CD012693.pub3,12,86.42714570858283,False,0,44.141716566866265,Moderate
CD012152_pub4_data__A30,CD012152,59,D,-0.189669,0.879442,False,2,308,10.1002/14651858.CD012152.pub4,11,84.83033932135729,False,0,43.53293413173653,Moderate
CD013408_pub2_data__A7,CD013408,59,D,-0.285142,0.074482,False,5,3641,10.1002/14651858.CD013408.pub2,1,26.34730538922156,False,0,18.323353293413177,Low Stakes
CD013763_pub3_data__A13,CD013763,59,D,-1.212807,2e-06,True,21,1111,10.1002/14651858.CD013763.pub3,10,82.83433133732535,True,0,60.17964071856287,Red Flag
CD009752_pub3_data__A19,CD009752,59,D,0.0,1.0,False,3,98,10.1002/14651858.CD009752.pub3,1,26.34730538922156,True,0,39.42115768463074,Moderate
CD009752_pub3_data__A16,CD009752,59,D,-0.05098,0.969172,False,3,190,10.1002/14651858.CD009752.pub3,1,26.34730538922156,True,0,39.42115768463074,Moderate
CD003129_pub2_data__A5,CD003129,59,D,0.361179,0.442697,False,2,270,10.1002/14651858.CD003129.pub2,3,49.101796407185624,False,0,23.093812375249502,Low Stakes
CD013408_pub2_data__A17,CD013408,59,D,0.343111,0.078442,False,5,1230,10.1002/14651858.CD013408.pub2,1,26.34730538922156,False,0,18.323353293413177,Low Stakes
CD012152_pub4_data__A2,CD012152,59,D,-0.524946,0.693126,False,2,1554,10.1002/14651858.CD012152.pub4,11,84.83033932135729,False,0,43.53293413173653,Moderate
CD013342_pub2_data__A4,CD013342,59,D,0.170054,0.648507,False,14,821,10.1002/14651858.CD013342.pub2,9,79.84031936127745,False,0,38.39321357285429,Moderate
CD015711_pub2_data__A4,CD015711,59,D,0.159385,0.920744,False,2,200,10.1002/14651858.CD015711.pub2,3,49.101796407185624,False,0,22.345309381237527,Low Stakes
CD011806_pub2_data__A10,CD011806,59,D,0.026752,0.983773,False,3,156,10.1002/14651858.CD011806.pub2,13,88.32335329341318,False,0,43.45309381237525,Moderate
CD011800_pub2_data__A1,CD011800,59,D,0.813887,0.532122,False,3,160,10.1002/14651858.CD011800.pub2,3,49.101796407185624,False,0,23.093812375249502,Low Stakes
CD008771_pub3_data__A11,CD008771,59,D,0.157714,0.906071,False,3,96,10.1002/14651858.CD008771.pub3,2,39.12175648702595,False,0,24.361277445109785,Low Stakes
CD015711_pub2_data__A3,CD015711,59,D,0.51585,0.767075,False,2,200,10.1002/14651858.CD015711.pub2,3,49.101796407185624,False,0,22.345309381237527,Low Stakes
CD013294_pub2_data__A13,CD013294,59,D,-0.093189,0.932641,False,4,147,10.1002/14651858.CD013294.pub2,10,82.83433133732535,True,0,59.92015968063872,Red Flag
CD013294_pub2_data__A7,CD013294,59,D,-0.040401,0.971005,False,4,94,10.1002/14651858.CD013294.pub2,10,82.83433133732535,True,0,59.92015968063872,Red Flag
CD013294_pub2_data__A3,CD013294,59,D,-0.316659,0.643365,False,3,106,10.1002/14651858.CD013294.pub2,10,82.83433133732535,True,0,59.92015968063872,Red Flag
CD013294_pub2_data__A2,CD013294,59,D,-0.974772,0.394925,False,3,105,10.1002/14651858.CD013294.pub2,10,82.83433133732535,True,0,59.92015968063872,Red Flag
CD016002_data__A6,CD016002,59,D,-1.032346,0.299157,False,5,140,10.1002/14651858.CD016002,1,26.34730538922156,False,0,19.640718562874255,Low Stakes
CD012942_pub2_data__A6,CD012942,59,D,0.47189,1e-05,True,44,14413,10.1002/14651858.CD012942.pub2,5,63.57285429141717,False,0,31.3872255489022,Moderate
CD012925_pub2_data__A6,CD012925,59,D,0.037219,0.741738,False,9,7934,10.1002/14651858.CD012925.pub2,8,76.14770459081836,False,0,35.0998003992016,Moderate
CD015849_pub2_data__A4,CD015849,59,D,-0.098034,0.862998,False,13,8787,10.1002/14651858.CD015849.pub2,4,57.48502994011976,False,0,32.83433133732535,Moderate
CD012152_pub4_data__A28,CD012152,59,D,-0.362318,0.505664,False,2,1544,10.1002/14651858.CD012152.pub4,11,84.83033932135729,False,0,43.53293413173653,Moderate
CD012152_pub4_data__A26,CD012152,59,D,-0.914468,0.335412,False,2,616,10.1002/14651858.CD012152.pub4,11,84.83033932135729,False,0,43.53293413173653,Moderate
CD012152_pub4_data__A23,CD012152,59,D,-0.025105,0.941736,False,2,1546,10.1002/14651858.CD012152.pub4,11,84.83033932135729,False,0,43.53293413173653,Moderate
CD014920_pub2_data__A4,CD014920,59,D,-0.32066,0.639458,False,2,888,10.1002/14651858.CD014920.pub2,1,26.34730538922156,False,0,13.243512974051898,Low Stakes
CD013344_pub2_data__A2,CD013344,59,D,-0.74428,0.162574,False,13,2338,10.1002/14651858.CD013344.pub2,8,76.14770459081836,False,0,37.80439121756487,Moderate
CD012152_pub4_data__A9,CD012152,59,D,-0.051135,0.863531,False,2,1553,10.1002/14651858.CD012152.pub4,11,84.83033932135729,False,0,43.53293413173653,Moderate
CD012152_pub4_data__A6,CD012152,59,D,-0.196184,0.788983,False,2,2548,10.1002/14651858.CD012152.pub4,11,84.83033932135729,False,0,43.53293413173653,Moderate
CD012850_pub2_data__A14,CD012850,59,D,-1.169689,0.269553,False,2,80,10.1002/14651858.CD012850.pub2,19,96.10778443113772,False,0,47.85429141716567,Moderate
CD015875_data__A27,CD015875,59,D,-0.159995,0.400297,False,3,133,10.1002/14651858.CD015875,3,49.101796407185624,False,0,29.3812375249501,Low Stakes
CD010145_pub2_data__A14,CD010145,59,D,0.339667,0.666372,False,3,167,10.1002/14651858.CD010145.pub2,2,39.12175648702595,False,0,24.361277445109785,Low Stakes
CD003216_pub3_data__A6,CD003216,59,D,0.469319,0.607527,False,3,282,10.1002/14651858.CD003216.pub3,18,95.50898203592814,False,0,42.34530938123752,Moderate
CD008973_pub3_data__A4,CD008973,59,D,2.991044,0.202726,False,2,280,10.1002/14651858.CD008973.pub3,3,49.101796407185624,False,0,23.78243512974052,Low Stakes
CD015875_data__A25,CD015875,59,D,-0.000518,0.991809,False,3,139,10.1002/14651858.CD015875,3,49.101796407185624,False,0,29.3812375249501,Low Stakes
CD012152_pub4_data__A4,CD012152,59,D,0.567306,0.532442,False,2,1194,10.1002/14651858.CD012152.pub4,11,84.83033932135729,False,0,43.53293413173653,Moderate
CD003451_pub3_data__A4,CD003451,59,D,0.069964,0.957513,False,3,197,10.1002/14651858.CD003451.pub3,9,79.84031936127745,False,0,33.97205588822356,Moderate
CD003451_pub3_data__A3,CD003451,59,D,-0.281471,0.576022,False,17,607,10.1002/14651858.CD003451.pub3,9,79.84031936127745,False,0,33.97205588822356,Moderate
CD003451_pub3_data__A1,CD003451,59,D,-0.129757,0.752404,False,25,866,10.1002/14651858.CD003451.pub3,9,79.84031936127745,False,0,33.97205588822356,Moderate
CD014941_pub2_data__A4,CD014941,59,D,1.124686,0.144703,False,2,605,10.1002/14651858.CD014941.pub2,7,73.05389221556887,False,0,37.70459081836327,Moderate
CD014941_pub2_data__A1,CD014941,59,D,1.237851,0.10045,False,2,605,10.1002/14651858.CD014941.pub2,7,73.05389221556887,False,0,37.70459081836327,Moderate
CD008771_pub3_data__A4,CD008771,59,D,0.071046,0.948922,False,4,93,10.1002/14651858.CD008771.pub3,2,39.12175648702595,False,0,24.361277445109785,Low Stakes
CD015140_pub2_data__A3,CD015140,59,D,-0.064837,0.920953,False,11,1487,10.1002/14651858.CD015140.pub2,0,9.68063872255489,False,0,11.806387225548903,Low Stakes
CD015855_data__A8,CD015855,59,D,-0.044032,0.958998,False,3,154,10.1002/14651858.CD015855,0,9.68063872255489,False,0,8.013972055888225,Low Stakes
CD015875_data__A20,CD015875,59,D,0.023336,0.978376,False,4,143,10.1002/14651858.CD015875,3,49.101796407185624,False,0,29.3812375249501,Low Stakes
CD015875_data__A19,CD015875,59,D,-0.045441,0.402878,False,4,148,10.1002/14651858.CD015875,3,49.101796407185624,False,0,29.3812375249501,Low Stakes
CD015124_pub2_data__A1,CD015124,59,D,-0.052315,0.926794,False,25,1,10.1002/14651858.CD015124.pub2,1,26.34730538922156,False,0,10.608782435129742,Low Stakes
CD011671_pub3_data__A10,CD011671,59,D,-0.231791,0.435146,False,5,1860,10.1002/14651858.CD011671.pub3,20,96.50698602794411,False,0,44.560878243512974,Moderate
CD014941_pub2_data__A3,CD014941,59,D,0.46123,0.249351,False,2,659,10.1002/14651858.CD014941.pub2,7,73.05389221556887,False,0,37.70459081836327,Moderate
CD014941_pub2_data__A21,CD014941,59,D,0.46123,0.249351,False,2,659,10.1002/14651858.CD014941.pub2,7,73.05389221556887,False,0,37.70459081836327,Moderate
CD014941_pub2_data__A19,CD014941,59,D,1.237851,0.10045,False,2,605,10.1002/14651858.CD014941.pub2,7,73.05389221556887,False,0,37.70459081836327,Moderate
CD004667_pub6_data__A14,CD004667,59,D,-0.089493,0.189002,False,11,14407,10.1002/14651858.CD004667.pub6,64,99.8003992015968,False,0,48.21357285429142,Moderate
CD001321_pub7_data__A3,CD001321,59,D,-0.030277,0.842549,False,8,1187,10.1002/14651858.CD001321.pub7,9,79.84031936127745,False,0,33.97205588822356,Moderate
CD015849_pub2_data__A8,CD015849,59,D,-0.07463,0.858453,False,11,2276,10.1002/14651858.CD015849.pub2,4,57.48502994011976,False,0,32.83433133732535,Moderate
CD015849_pub2_data__A6,CD015849,59,D,-0.181905,0.376207,False,21,37913,10.1002/14651858.CD015849.pub2,4,57.48502994011976,False,0,32.83433133732535,Moderate
CD003962_pub3_data__A17,CD003962,59,D,0.410795,0.73243,False,2,312,10.1002/14651858.CD003962.pub3,13,88.32335329341318,False,0,44.041916167664674,Moderate
CD003962_pub3_data__A16,CD003962,59,D,-1.383358,0.438139,False,2,130,10.1002/14651858.CD003962.pub3,13,88.32335329341318,False,0,44.041916167664674,Moderate
CD008309_pub3_data__A2,CD008309,59,D,-1.015273,0.00017,True,18,1185,10.1002/14651858.CD008309.pub3,8,76.14770459081836,True,0,59.87025948103792,Red Flag
CD010163_pub3_data__A1,CD010163,59,D,0.499057,0.75314,False,2,100,10.1002/14651858.CD010163.pub3,3,49.101796407185624,False,0,20.34930139720559,Low Stakes
CD015476_pub2_data__A6,CD015476,59,D,0.420951,0.000186,True,12,10936,10.1002/14651858.CD015476.pub2,0,9.68063872255489,False,0,11.21756487025948,Low Stakes
CD015476_pub2_data__A5,CD015476,59,D,0.285464,0.012225,True,11,6432,10.1002/14651858.CD015476.pub2,0,9.68063872255489,False,0,11.21756487025948,Low Stakes
CD002971_pub6_data__A2,CD002971,59,D,0.165339,0.236881,False,7,1611,10.1002/14651858.CD002971.pub6,0,9.68063872255489,False,0,11.21756487025948,Low Stakes
CD006689_pub3_data__A9,CD006689,59,D,0.023993,0.883344,False,14,3738,10.1002/14651858.CD006689.pub3,2,39.12175648702595,False,0,24.640718562874255,Low Stakes
CD013571_pub2_data__A4,CD013571,59,D,-0.170759,0.387443,False,5,757,10.1002/14651858.CD013571.pub2,16,93.21357285429141,False,0,44.07185628742515,Moderate
CD013595_pub2_data__A6,CD013595,59,D,0.13346,0.558032,False,5,2492,10.1002/14651858.CD013595.pub2,6,68.76247504990019,False,0,32.75449101796407,Moderate
CD013595_pub2_data__A3,CD013595,59,D,0.107555,0.515919,False,9,3477,10.1002/14651858.CD013595.pub2,6,68.76247504990019,False,0,32.75449101796407,Moderate
CD009508_pub2_data__A4,CD009508,59,D,0.53202,0.16598,False,6,599,10.1002/14651858.CD009508.pub2,7,73.05389221556887,False,0,30.558882235528944,Moderate
CD015038_pub2_data__A4,CD015038,59,D,-1.451107,0.028886,True,9,2606,10.1002/14651858.CD015038.pub2,6,68.76247504990019,False,0,35.12974051896207,Moderate
CD016168_data__A8,CD016168,59,D,1.499173,0.524787,False,2,401,10.1002/14651858.CD016168,0,9.68063872255489,False,0,12.355289421157686,Low Stakes
CD009788_pub3_data__A3,CD009788,59,D,2.623531,0.000134,False,1,76,10.1002/14651858.CD009788.pub3,2,39.12175648702595,False,0,21.60678642714571,Low Stakes
CD009788_pub3_data__A4,CD009788,59,D,-0.06614,0.973655,False,1,362,10.1002/14651858.CD009788.pub3,2,39.12175648702595,False,0,21.60678642714571,Low Stakes
CD009788_pub3_data__A5,CD009788,59,D,-0.08029,0.968027,False,1,323,10.1002/14651858.CD009788.pub3,2,39.12175648702595,False,0,21.60678642714571,Low Stakes
CD009788_pub3_data__A6,CD009788,59,D,-0.08029,0.968027,False,1,323,10.1002/14651858.CD009788.pub3,2,39.12175648702595,False,0,21.60678642714571,Low Stakes
CD009788_pub3_data__A7,CD009788,59,D,-0.171076,0.822334,False,2,93,10.1002/14651858.CD009788.pub3,2,39.12175648702595,False,0,21.60678642714571,Low Stakes
CD009788_pub3_data__A8,CD009788,59,D,-0.06788,0.969718,False,2,118,10.1002/14651858.CD009788.pub3,2,39.12175648702595,False,0,21.60678642714571,Low Stakes
CD000028_pub4_data__A5,CD000028,58,D,-0.128622,0.261954,False,13,29846,10.1002/14651858.CD000028.pub4,0,9.68063872255489,False,0,6.57684630738523,Low Stakes
CD009788_pub3_data__A2,CD009788,58,D,-0.046315,0.966166,False,4,437,10.1002/14651858.CD009788.pub3,2,39.12175648702595,False,0,21.60678642714571,Low Stakes
CD013595_pub2_data__A9,CD013595,58,D,0.832597,0.034757,True,3,1644,10.1002/14651858.CD013595.pub2,6,68.76247504990019,False,0,32.75449101796407,Moderate
CD013590_pub2_data__A11,CD013590,58,D,0.09309,0.958633,False,2,84,10.1002/14651858.CD013590.pub2,2,39.12175648702595,False,0,21.60678642714571,Low Stakes
CD009788_pub3_data__A10,CD009788,58,D,-0.038255,0.972066,False,4,784,10.1002/14651858.CD009788.pub3,2,39.12175648702595,False,0,21.60678642714571,Low Stakes
CD013590_pub2_data__A8,CD013590,58,D,0.0,1.0,False,2,132,10.1002/14651858.CD013590.pub2,2,39.12175648702595,False,0,21.60678642714571,Low Stakes
CD004406_pub6_data__A8,CD004406,58,D,0.048989,0.980498,False,1,244,10.1002/14651858.CD004406.pub6,2,39.12175648702595,False,0,20.289421157684632,Low Stakes
CD009244_pub3_data__A4,CD009244,58,D,-0.257539,0.553744,False,3,140,10.1002/14651858.CD009244.pub3,1,26.34730538922156,False,0,11.876247504990022,Low Stakes
CD011218_pub2_data__A2,CD011218,58,D,-0.046638,0.976693,False,3,1007,10.1002/14651858.CD011218.pub2,4,57.48502994011976,False,0,24.331337325349303,Low Stakes
CD013590_pub2_data__A5,CD013590,58,D,0.106359,0.726169,False,19,1070,10.1002/14651858.CD013590.pub2,2,39.12175648702595,False,0,21.60678642714571,Low Stakes
CD003519_pub5_data__A5,CD003519,58,D,0.829423,0.012812,True,12,4125,10.1002/14651858.CD003519.pub5,1,26.34730538922156,False,0,19.640718562874255,Low Stakes
CD000219_pub5_data__A3,CD000219,58,D,-0.249942,0.041976,True,14,4107,10.1002/14651858.CD000219.pub5,7,73.05389221556887,False,0,31.926147704590818,Moderate
CD015588_pub2_data__A34,CD015588,58,D,-0.186008,0.763139,False,13,26117,10.1002/14651858.CD015588.pub2,17,94.61077844311377,False,0,47.74451097804391,Moderate
CD015588_pub2_data__A43,CD015588,58,D,-0.444354,0.511578,False,10,4574,10.1002/14651858.CD015588.pub2,17,94.61077844311377,False,0,47.74451097804391,Moderate
CD009752_pub3_data__A11,CD009752,58,D,-3.712958,0.165646,False,3,207,10.1002/14651858.CD009752.pub3,1,26.34730538922156,True,0,39.42115768463074,Moderate
CD012891_pub2_data__A1,CD012891,58,D,-1.085482,0.000453,True,20,1847,10.1002/14651858.CD012891.pub2,1,26.34730538922156,False,0,16.497005988023954,Low Stakes
CD015588_pub2_data__A52,CD015588,58,D,-0.238628,0.686921,False,13,20665,10.1002/14651858.CD015588.pub2,17,94.61077844311377,False,0,47.74451097804391,Moderate
CD015145_pub2_data__A11,CD015145,58,D,-10.050165,0.035609,True,12,910,10.1002/14651858.CD015145.pub2,1,26.34730538922156,False,0,18.47305389221557,Low Stakes
CD014937_pub2_data__A5,CD014937,58,D,-0.082092,0.47834,False,33,6770,10.1002/14651858.CD014937.pub2,3,49.101796407185624,False,0,28.353293413173652,Low Stakes
CD014937_pub2_data__A8,CD014937,58,D,-0.119356,0.412367,False,9,1411,10.1002/14651858.CD014937.pub2,3,49.101796407185624,False,0,28.353293413173652,Low Stakes
CD014941_pub2_data__A11,CD014941,58,D,1.830124,0.020806,True,4,809,10.1002/14651858.CD014941.pub2,7,73.05389221556887,False,0,37.70459081836327,Moderate
CD015588_pub2_data__A6,CD015588,58,D,0.147893,0.767378,False,10,6473,10.1002/14651858.CD015588.pub2,17,94.61077844311377,False,0,47.74451097804391,Moderate
CD015592_pub3_data__A1,CD015592,58,D,-0.263584,0.616733,False,3,1420,10.1002/14651858.CD015592.pub3,1,26.34730538922156,False,0,12.574850299401199,Low Stakes
CD015701_pub2_data__A3,CD015701,58,D,-0.488482,0.207489,False,3,15658,10.1002/14651858.CD015701.pub2,0,9.68063872255489,False,0,6.57684630738523,Low Stakes
CD015875_data__A26,CD015875,58,D,10.310932,0.432873,False,4,212,10.1002/14651858.CD015875,3,49.101796407185624,False,0,29.3812375249501,Low Stakes
CD011626_pub3_data__A3,CD011626,58,D,0.187956,0.829976,False,6,241,10.1002/14651858.CD011626.pub3,2,39.12175648702595,False,0,19.10179640718563,Low Stakes
CD011626_pub3_data__A4,CD011626,58,D,0.106752,0.878746,False,9,370,10.1002/14651858.CD011626.pub3,2,39.12175648702595,False,0,19.10179640718563,Low Stakes
CD011626_pub3_data__A5,CD011626,58,D,0.170245,0.84575,False,6,232,10.1002/14651858.CD011626.pub3,2,39.12175648702595,False,0,19.10179640718563,Low Stakes
CD003331_pub6_data__A5,CD003331,58,D,-0.289821,0.347843,False,10,911,10.1002/14651858.CD003331.pub6,26,97.90419161676647,False,0,43.80239520958084,Moderate
CD007572_pub4_data__A1,CD007572,58,D,-0.692056,0.001218,True,13,2720,10.1002/14651858.CD007572.pub4,2,39.12175648702595,False,0,21.60678642714571,Low Stakes
CD007388_pub3_data__A13,CD007388,58,D,-1.062221,0.228646,False,4,668,10.1002/14651858.CD007388.pub3,6,68.76247504990019,False,0,35.28942115768463,Moderate
CD015123_pub2_data__A7,CD015123,58,D,-1.210342,0.189055,False,3,3001,10.1002/14651858.CD015123.pub2,0,9.68063872255489,False,0,9.121756487025948,Low Stakes
CD014941_pub2_data__A15,CD014941,58,D,1.128346,0.028907,True,4,875,10.1002/14651858.CD014941.pub2,7,73.05389221556887,False,0,37.70459081836327,Moderate
CD015331_pub2_data__A66,CD015331,58,D,-0.033851,0.978578,False,2,92,10.1002/14651858.CD015331.pub2,2,39.12175648702595,False,0,25.64870259481038,Low Stakes
CD015331_pub2_data__A69,CD015331,58,D,0.795426,0.235998,False,1,43,10.1002/14651858.CD015331.pub2,2,39.12175648702595,False,0,25.64870259481038,Low Stakes
CD015331_pub2_data__A71,CD015331,58,D,-0.722828,0.119602,False,7,296,10.1002/14651858.CD015331.pub2,2,39.12175648702595,False,0,25.64870259481038,Low Stakes
CD011793_pub3_data__A13,CD011793,58,D,0.076843,0.797184,False,9,1012,10.1002/14651858.CD011793.pub3,9,79.84031936127745,False,0,38.982035928143716,Moderate
CD001552_pub3_data__A8,CD001552,58,D,0.66733,0.111367,False,4,453,10.1002/14651858.CD001552.pub3,6,68.76247504990019,False,0,33.46307385229541,Moderate
CD016002_data__A8,CD016002,58,D,0.071472,0.793422,False,6,325,10.1002/14651858.CD016002,1,26.34730538922156,False,0,19.640718562874255,Low Stakes
CD007674_pub3_data__A4,CD007674,58,D,0.782579,2e-06,True,73,4466,10.1002/14651858.CD007674.pub3,0,9.68063872255489,False,0,8.013972055888225,Low Stakes
CD007639_pub3_data__A7,CD007639,58,D,-0.039978,0.947446,False,12,1840,10.1002/14651858.CD007639.pub3,2,39.12175648702595,False,0,22.994011976047904,Low Stakes
CD015721_pub2_data__A6,CD015721,58,D,0.279943,0.057181,False,6,2326,10.1002/14651858.CD015721.pub2,3,49.101796407185624,False,0,23.093812375249502,Low Stakes
CD015701_pub2_data__A5,CD015701,58,D,-0.419809,0.097166,False,3,15658,10.1002/14651858.CD015701.pub2,0,9.68063872255489,False,0,6.57684630738523,Low Stakes
CD011793_pub3_data__A1,CD011793,58,D,-0.129149,0.773534,False,10,985,10.1002/14651858.CD011793.pub3,9,79.84031936127745,False,0,38.982035928143716,Moderate
CD013801_pub2_data__A3,CD013801,58,D,-0.28357,0.765075,False,4,209,10.1002/14651858.CD013801.pub2,0,9.68063872255489,False,0,12.86427145708583,Low Stakes
CD004736_pub6_data__A30,CD004736,58,D,-0.405332,0.021178,True,24,21669,10.1002/14651858.CD004736.pub6,14,90.31936127744511,False,0,46.10778443113773,Moderate
CD008165_pub5_data__A4,CD008165,58,D,-0.463262,0.0575,False,13,4534,10.1002/14651858.CD008165.pub5,43,99.40119760479041,False,0,42.46506986027944,Moderate
CD015331_pub2_data__A63,CD015331,58,D,0.0,1.0,False,2,72,10.1002/14651858.CD015331.pub2,2,39.12175648702595,False,0,25.64870259481038,Low Stakes
CD015331_pub2_data__A64,CD015331,58,D,-0.209189,0.765399,False,9,386,10.1002/14651858.CD015331.pub2,2,39.12175648702595,False,0,25.64870259481038,Low Stakes
CD013822_pub2_data__A6,CD013822,58,D,0.554973,0.000415,True,28,23549,10.1002/14651858.CD013822.pub2,12,86.42714570858283,False,0,39.82035928143712,Moderate
CD010533_pub3_data__A6,CD010533,58,D,0.359236,0.28612,False,1,148,10.1002/14651858.CD010533.pub3,0,9.68063872255489,False,0,7.325349301397207,Low Stakes
CD013827_pub2_data__A12,CD013827,58,D,-0.002509,0.996927,False,10,2994,10.1002/14651858.CD013827.pub2,5,63.57285429141717,False,0,32.47504990019961,Moderate
CD005343_pub7_data__A7,CD005343,58,D,-0.731803,0.000212,True,32,10472,10.1002/14651858.CD005343.pub7,3,49.101796407185624,False,0,26.986027944111775,Low Stakes
CD015331_pub2_data__A51,CD015331,58,D,-0.125533,0.944757,False,2,47,10.1002/14651858.CD015331.pub2,2,39.12175648702595,False,0,25.64870259481038,Low Stakes
CD008688_pub3_data__A1,CD008688,58,D,-0.097493,0.653969,False,3,515,10.1002/14651858.CD008688.pub3,0,9.68063872255489,False,0,8.013972055888225,Low Stakes
CD010533_pub3_data__A7,CD010533,58,D,-0.400216,0.540554,False,2,582,10.1002/14651858.CD010533.pub3,0,9.68063872255489,False,0,7.325349301397207,Low Stakes
CD001396_pub4_data__A14,CD001396,58,D,0.23302,0.087037,False,26,3455,10.1002/14651858.CD001396.pub4,5,63.57285429141717,False,0,33.72255489021957,Moderate
CD013421_pub2_data__A2,CD013421,58,D,1.417492,0.0,True,16,2604,10.1002/14651858.CD013421.pub2,3,49.101796407185624,False,0,23.093812375249502,Low Stakes
CD013421_pub2_data__A3,CD013421,58,D,-1.144025,0.000451,True,13,1773,10.1002/14651858.CD013421.pub2,3,49.101796407185624,False,0,23.093812375249502,Low Stakes
CD006475_pub3_data__A5,CD006475,58,D,-0.140337,0.382302,False,8,1678,10.1002/14651858.CD006475.pub3,1,26.34730538922156,False,0,16.497005988023954,Low Stakes
CD010145_pub2_data__A11,CD010145,58,D,0.540232,0.564869,False,5,395,10.1002/14651858.CD010145.pub2,2,39.12175648702595,False,0,24.361277445109785,Low Stakes
CD010145_pub2_data__A12,CD010145,58,D,-0.562955,0.598897,False,3,791,10.1002/14651858.CD010145.pub2,2,39.12175648702595,False,0,24.361277445109785,Low Stakes
CD002203_pub5_data__A3,CD002203,58,D,0.789516,0.003548,True,13,2026,10.1002/14651858.CD002203.pub5,0,9.68063872255489,True,0,33.532934131736525,Moderate
CD003833_pub5_data__A2,CD003833,58,D,-0.030943,0.981245,False,3,168,10.1002/14651858.CD003833.pub5,0,9.68063872255489,False,0,6.57684630738523,Low Stakes
CD003833_pub5_data__A4,CD003833,58,D,-0.038458,0.972167,False,4,165,10.1002/14651858.CD003833.pub5,0,9.68063872255489,False,0,6.57684630738523,Low Stakes
CD016002_data__A18,CD016002,58,D,0.051709,0.636793,False,10,512,10.1002/14651858.CD016002,1,26.34730538922156,False,0,19.640718562874255,Low Stakes
CD013731_pub2_data__A2,CD013731,58,D,-0.69801,0.27474,False,5,318,10.1002/14651858.CD013731.pub2,6,68.76247504990019,False,0,28.842315369261474,Low Stakes
CD013731_pub2_data__A3,CD013731,58,D,0.907081,0.366962,False,5,318,10.1002/14651858.CD013731.pub2,6,68.76247504990019,False,0,28.842315369261474,Low Stakes
CD004736_pub6_data__A5,CD004736,58,D,-1.657247,0.0,True,38,29675,10.1002/14651858.CD004736.pub6,14,90.31936127744511,False,0,46.10778443113773,Moderate
CD004736_pub6_data__A50,CD004736,58,D,0.521849,0.071703,False,11,15523,10.1002/14651858.CD004736.pub6,14,90.31936127744511,False,0,46.10778443113773,Moderate
CD009102_pub2_data__A10,CD009102,58,D,0.0,1.0,False,1,144,10.1002/14651858.CD009102.pub2,4,57.48502994011976,True,0,49.45109780439121,Moderate
CD015387_pub2_data__A1,CD015387,58,D,0.543225,0.0,True,35,7296,10.1002/14651858.CD015387.pub2,3,49.101796407185624,False,0,24.281437125748504,Low Stakes
CD015432_pub2_data__A1,CD015432,58,D,-0.957662,0.002546,True,10,748,10.1002/14651858.CD015432.pub2,5,63.57285429141717,False,0,32.774451097804395,Moderate
CD013445_pub2_data__A8,CD013445,58,D,-2.416896,0.001714,True,18,1892,10.1002/14651858.CD013445.pub2,15,91.81636726546905,False,0,46.387225548902194,Moderate
CD015331_pub2_data__A55,CD015331,58,D,0.091374,0.962228,False,2,12,10.1002/14651858.CD015331.pub2,2,39.12175648702595,False,0,25.64870259481038,Low Stakes
CD015331_pub2_data__A58,CD015331,58,D,-0.2432,0.801315,False,5,253,10.1002/14651858.CD015331.pub2,2,39.12175648702595,False,0,25.64870259481038,Low Stakes
CD015331_pub2_data__A59,CD015331,58,D,-0.214776,0.825626,False,5,209,10.1002/14651858.CD015331.pub2,2,39.12175648702595,False,0,25.64870259481038,Low Stakes
CD015331_pub2_data__A60,CD015331,58,D,-0.0079,0.996505,False,2,67,10.1002/14651858.CD015331.pub2,2,39.12175648702595,False,0,25.64870259481038,Low Stakes
CD015331_pub2_data__A61,CD015331,58,D,-0.205138,0.910546,False,2,38,10.1002/14651858.CD015331.pub2,2,39.12175648702595,False,0,25.64870259481038,Low Stakes
CD015331_pub2_data__A62,CD015331,58,D,-0.125533,0.944757,False,2,47,10.1002/14651858.CD015331.pub2,2,39.12175648702595,False,0,25.64870259481038,Low Stakes
CD010136_pub4_data__A2,CD010136,58,D,-0.202885,0.701758,False,3,133,10.1002/14651858.CD010136.pub4,9,79.84031936127745,True,0,59.28143712574851,Red Flag
CD013197_pub2_data__A12,CD013197,58,D,-0.311021,0.217579,False,19,2084,10.1002/14651858.CD013197.pub2,2,39.12175648702595,False,0,23.77245508982036,Low Stakes
CD003962_pub3_data__A8,CD003962,58,D,-0.296577,0.367248,False,34,1682,10.1002/14651858.CD003962.pub3,13,88.32335329341318,False,0,44.041916167664674,Moderate
CD004184_pub3_data__A2,CD004184,58,D,0.16043,0.61679,False,4,1666,10.1002/14651858.CD004184.pub3,6,68.76247504990019,False,0,32.75449101796407,Moderate
CD013197_pub2_data__A16,CD013197,58,D,-0.320163,0.012024,True,22,1823,10.1002/14651858.CD013197.pub2,2,39.12175648702595,False,0,23.77245508982036,Low Stakes
CD013456_pub2_data__A12,CD013456,58,D,0.681188,0.499307,False,5,152,10.1002/14651858.CD013456.pub2,16,93.21357285429141,False,0,44.3313373253493,Moderate
CD009102_pub2_data__A4,CD009102,58,D,-1.112501,0.497934,False,1,144,10.1002/14651858.CD009102.pub2,4,57.48502994011976,True,0,49.45109780439121,Moderate
CD009102_pub2_data__A7,CD009102,58,D,0.467341,0.203981,False,1,144,10.1002/14651858.CD009102.pub2,4,57.48502994011976,True,0,49.45109780439121,Moderate
CD009102_pub2_data__A8,CD009102,58,D,0.19719,0.778068,False,2,507,10.1002/14651858.CD009102.pub2,4,57.48502994011976,True,0,49.45109780439121,Moderate
CD009102_pub2_data__A9,CD009102,58,D,0.0,1.0,False,2,288,10.1002/14651858.CD009102.pub2,4,57.48502994011976,True,0,49.45109780439121,Moderate
CD015101_data__A4,CD015101,58,D,-0.224022,0.839647,False,4,130,10.1002/14651858.CD015101,1,26.34730538922156,False,0,11.876247504990022,Low Stakes
CD004736_pub6_data__A51,CD004736,58,D,0.956785,0.081628,False,11,15566,10.1002/14651858.CD004736.pub6,14,90.31936127744511,False,0,46.10778443113773,Moderate
CD012693_pub3_data__A21,CD012693,58,D,0.068275,0.739305,False,12,512,10.1002/14651858.CD012693.pub3,12,86.42714570858283,False,0,44.141716566866265,Moderate
CD003962_pub3_data__A18,CD003962,58,D,0.071703,0.903948,False,3,437,10.1002/14651858.CD003962.pub3,13,88.32335329341318,False,0,44.041916167664674,Moderate
CD003962_pub3_data__A19,CD003962,58,D,0.699679,0.512644,False,3,352,10.1002/14651858.CD003962.pub3,13,88.32335329341318,False,0,44.041916167664674,Moderate
CD012997_pub3_data__A2,CD012997,58,D,-0.209599,0.670583,False,3,172,10.1002/14651858.CD012997.pub3,0,9.68063872255489,False,0,5.209580838323354,Low Stakes
CD015331_pub2_data__A21,CD015331,58,D,-0.065867,0.97056,False,2,153,10.1002/14651858.CD015331.pub2,2,39.12175648702595,False,0,25.64870259481038,Low Stakes
CD015331_pub2_data__A29,CD015331,58,D,-0.024391,0.989087,False,2,162,10.1002/14651858.CD015331.pub2,2,39.12175648702595,False,0,25.64870259481038,Low Stakes
CD015331_pub2_data__A30,CD015331,58,D,-0.202978,0.909454,False,2,467,10.1002/14651858.CD015331.pub2,2,39.12175648702595,False,0,25.64870259481038,Low Stakes
CD015331_pub2_data__A31,CD015331,58,D,-0.163629,0.935452,False,1,48,10.1002/14651858.CD015331.pub2,2,39.12175648702595,False,0,25.64870259481038,Low Stakes
CD015330_pub2_data__A9,CD015330,58,D,-2.53,0.269787,False,1,0,10.1002/14651858.CD015330.pub2,26,97.90419161676647,False,0,43.80239520958084,Moderate
CD015331_pub2_data__A11,CD015331,58,D,-0.093034,0.802832,False,30,2099,10.1002/14651858.CD015331.pub2,2,39.12175648702595,False,0,25.64870259481038,Low Stakes
CD015331_pub2_data__A52,CD015331,58,D,-0.074338,0.914804,False,9,490,10.1002/14651858.CD015331.pub2,2,39.12175648702595,False,0,25.64870259481038,Low Stakes
CD015331_pub2_data__A53,CD015331,58,D,-0.110761,0.898395,False,6,355,10.1002/14651858.CD015331.pub2,2,39.12175648702595,False,0,25.64870259481038,Low Stakes
CD015331_pub2_data__A54,CD015331,58,D,0.056195,0.977647,False,1,177,10.1002/14651858.CD015331.pub2,2,39.12175648702595,False,0,25.64870259481038,Low Stakes
CD004736_pub6_data__A54,CD004736,58,D,-1.118867,0.000308,True,14,3000,10.1002/14651858.CD004736.pub6,14,90.31936127744511,False,0,46.10778443113773,Moderate
CD013456_pub2_data__A5,CD013456,58,D,-0.090937,0.740883,False,13,777,10.1002/14651858.CD013456.pub2,16,93.21357285429141,False,0,44.3313373253493,Moderate
CD015003_pub2_data__A3,CD015003,58,D,0.980829,0.174122,False,1,100,10.1002/14651858.CD015003.pub2,4,57.48502994011976,False,0,25.69860279441118,Low Stakes
CD015003_pub2_data__A6,CD015003,58,D,-0.336472,0.589227,False,1,100,10.1002/14651858.CD015003.pub2,4,57.48502994011976,False,0,25.69860279441118,Low Stakes
CD015219_pub2_data__A9,CD015219,58,D,0.059938,0.753685,False,12,2843,10.1002/14651858.CD015219.pub2,8,76.14770459081836,True,0,57.80439121756487,Red Flag
CD015932_pub2_data__A5,CD015932,58,D,0.189359,0.766648,False,11,1593,10.1002/14651858.CD015932.pub2,0,9.68063872255489,False,0,11.996007984031937,Low Stakes
CD012693_pub3_data__A11,CD012693,58,D,-0.383491,0.056095,False,26,8278,10.1002/14651858.CD012693.pub3,12,86.42714570858283,False,0,44.141716566866265,Moderate
CD015530_pub2_data__A2,CD015530,58,D,0.504067,0.460774,False,2,4876,10.1002/14651858.CD015530.pub2,3,49.101796407185624,False,0,24.890219560878243,Low Stakes
CD004736_pub6_data__A2,CD004736,58,D,-1.634969,0.0,True,39,30072,10.1002/14651858.CD004736.pub6,14,90.31936127744511,False,0,46.10778443113773,Moderate
CD013197_pub2_data__A14,CD013197,58,D,-0.313594,0.017049,True,21,1756,10.1002/14651858.CD013197.pub2,2,39.12175648702595,False,0,23.77245508982036,Low Stakes
CD013197_pub2_data__A9,CD013197,58,D,-0.320163,0.012024,True,22,1823,10.1002/14651858.CD013197.pub2,2,39.12175648702595,False,0,23.77245508982036,Low Stakes
CD013158_pub2_data__A3,CD013158,58,D,-0.303711,0.455957,False,3,562,10.1002/14651858.CD013158.pub2,4,57.48502994011976,False,0,25.02994011976048,Low Stakes
CD008564_pub3_data__A5,CD008564,58,D,-0.070922,0.123422,False,38,26078,10.1002/14651858.CD008564.pub3,3,49.101796407185624,False,0,25.59880239520958,Low Stakes
CD014040_pub2_data__A2,CD014040,58,D,0.252207,0.337222,False,8,2010,10.1002/14651858.CD014040.pub2,2,39.12175648702595,False,0,20.898203592814372,Low Stakes
CD012067_pub3_data__A16,CD012067,58,D,0.72937,0.0034,True,47,28376,10.1002/14651858.CD012067.pub3,0,9.68063872255489,False,0,12.86427145708583,Low Stakes
CD015530_pub2_data__A5,CD015530,58,D,-0.192932,0.663749,False,2,3110,10.1002/14651858.CD015530.pub2,3,49.101796407185624,False,0,24.890219560878243,Low Stakes
CD004184_pub3_data__A4,CD004184,58,D,-0.294238,0.128654,False,14,3554,10.1002/14651858.CD004184.pub3,6,68.76247504990019,False,0,32.75449101796407,Moderate
CD004184_pub3_data__A7,CD004184,58,D,-0.00709,0.989687,False,14,2724,10.1002/14651858.CD004184.pub3,6,68.76247504990019,False,0,32.75449101796407,Moderate
CD004184_pub3_data__A8,CD004184,58,D,-0.00709,0.989687,False,14,2724,10.1002/14651858.CD004184.pub3,6,68.76247504990019,False,0,32.75449101796407,Moderate
CD006942_pub4_data__A2,CD006942,58,D,-0.069775,0.724493,False,6,1326,10.1002/14651858.CD006942.pub4,0,9.68063872255489,False,0,5.908183632734531,Low Stakes
CD015448_pub2_data__A2,CD015448,58,D,-0.046591,0.961324,False,5,405,10.1002/14651858.CD015448.pub2,11,84.83033932135729,False,0,37.38522954091817,Moderate
CD012397_pub2_data__A8,CD012397,58,D,-0.779099,0.034839,True,4,878,10.1002/14651858.CD012397.pub2,4,57.48502994011976,False,0,29.451097804391217,Low Stakes
CD004736_pub6_data__A4,CD004736,58,D,-1.642231,0.0,True,38,30042,10.1002/14651858.CD004736.pub6,14,90.31936127744511,False,0,46.10778443113773,Moderate
CD014914_pub2_data__A5,CD014914,58,D,0.657683,0.003251,True,17,2454,10.1002/14651858.CD014914.pub2,6,68.76247504990019,False,0,34.29141716566866,Moderate
CD016119_data__A13,CD016119,58,D,-3.494128,0.017266,False,1,72,10.1002/14651858.CD016119,2,39.12175648702595,False,0,23.942115768463076,Low Stakes
CD016119_data__A14,CD016119,58,D,-0.385821,0.831237,False,2,262,10.1002/14651858.CD016119,2,39.12175648702595,False,0,23.942115768463076,Low Stakes
CD016119_data__A15,CD016119,58,D,0.0,1.0,False,1,72,10.1002/14651858.CD016119,2,39.12175648702595,False,0,23.942115768463076,Low Stakes
CD008309_pub3_data__A6,CD008309,58,D,-0.559941,0.052126,False,13,921,10.1002/14651858.CD008309.pub3,8,76.14770459081836,True,0,59.87025948103792,Red Flag
CD008309_pub3_data__A7,CD008309,58,D,0.008631,0.977469,False,11,711,10.1002/14651858.CD008309.pub3,8,76.14770459081836,True,0,59.87025948103792,Red Flag
CD012067_pub3_data__A21,CD012067,58,D,1.157636,8.4e-05,True,29,4061,10.1002/14651858.CD012067.pub3,0,9.68063872255489,False,0,12.86427145708583,Low Stakes
CD012067_pub3_data__A23,CD012067,58,D,0.878092,0.016373,True,25,4562,10.1002/14651858.CD012067.pub3,0,9.68063872255489,False,0,12.86427145708583,Low Stakes
CD012609_pub2_data__A2,CD012609,58,D,-0.928509,0.183755,False,5,469,10.1002/14651858.CD012609.pub2,2,39.12175648702595,False,0,18.353293413173652,Low Stakes
CD006515_pub2_data__A4,CD006515,58,D,-0.887738,0.102013,False,4,232,10.1002/14651858.CD006515.pub2,5,63.57285429141717,False,0,31.886227544910184,Moderate
CD006632_pub3_data__A5,CD006632,58,D,-0.034518,0.924401,False,31,9986,10.1002/14651858.CD006632.pub3,4,57.48502994011976,False,0,29.451097804391217,Low Stakes
CD006632_pub3_data__A9,CD006632,58,D,-0.271383,0.879581,False,2,514,10.1002/14651858.CD006632.pub3,4,57.48502994011976,False,0,29.451097804391217,Low Stakes
CD006515_pub2_data__A9,CD006515,58,D,0.093284,0.839603,False,4,214,10.1002/14651858.CD006515.pub2,5,63.57285429141717,False,0,31.886227544910184,Moderate
CD006919_pub5_data__A7,CD006919,58,D,-0.346547,0.238832,False,16,1321,10.1002/14651858.CD006919.pub5,3,49.101796407185624,False,0,26.097804391217565,Low Stakes
CD002290_pub6_data__A2,CD002290,58,D,-0.247367,0.143424,False,68,3961,10.1002/14651858.CD002290.pub6,3,49.101796407185624,False,0,21.676646706586826,Low Stakes
CD002290_pub6_data__A3,CD002290,58,D,-0.829867,0.001255,True,46,2652,10.1002/14651858.CD002290.pub6,3,49.101796407185624,False,0,21.676646706586826,Low Stakes
CD015331_pub2_data__A43,CD015331,58,D,-0.070118,0.929715,False,7,496,10.1002/14651858.CD015331.pub2,2,39.12175648702595,False,0,25.64870259481038,Low Stakes
CD016119_data__A16,CD016119,58,D,0.0,1.0,False,1,72,10.1002/14651858.CD016119,2,39.12175648702595,False,0,23.942115768463076,Low Stakes
CD016119_data__A17,CD016119,58,D,-0.322168,0.793474,False,1,292,10.1002/14651858.CD016119,2,39.12175648702595,False,0,23.942115768463076,Low Stakes
CD016119_data__A18,CD016119,58,D,-0.322168,0.793474,False,1,292,10.1002/14651858.CD016119,2,39.12175648702595,False,0,23.942115768463076,Low Stakes
CD016119_data__A19,CD016119,58,D,0.73477,0.406814,False,2,431,10.1002/14651858.CD016119,2,39.12175648702595,False,0,23.942115768463076,Low Stakes
CD016119_data__A3,CD016119,58,D,0.073396,0.819595,False,6,441,10.1002/14651858.CD016119,2,39.12175648702595,False,0,23.942115768463076,Low Stakes
CD008493_pub5_data__A4,CD008493,58,D,-0.034062,0.82218,False,17,15903,10.1002/14651858.CD008493.pub5,2,39.12175648702595,False,0,19.79041916167665,Low Stakes
CD001837_pub4_data__A3,CD001837,58,D,0.328609,0.052647,False,7,1232,10.1002/14651858.CD001837.pub4,14,90.31936127744511,False,0,37.46506986027944,Moderate
CD015219_pub2_data__A3,CD015219,58,D,0.048817,0.664496,False,31,7859,10.1002/14651858.CD015219.pub2,8,76.14770459081836,True,0,57.80439121756487,Red Flag
CD015219_pub2_data__A5,CD015219,58,D,1.040651,0.008337,True,15,3932,10.1002/14651858.CD015219.pub2,8,76.14770459081836,True,0,57.80439121756487,Red Flag
CD014769_pub2_data__A26,CD014769,58,D,-0.100417,0.00083,True,24,116761,10.1002/14651858.CD014769.pub2,4,57.48502994011976,True,0,52.40518962075848,Red Flag
CD015033_pub2_data__A6,CD015033,58,D,-1.002667,0.024843,True,13,978,10.1002/14651858.CD015033.pub2,10,82.83433133732535,False,0,42.01596806387226,Moderate
CD012503_pub3_data__A2,CD012503,58,D,0.049742,0.5165,False,57,19614,10.1002/14651858.CD012503.pub3,0,9.68063872255489,False,0,5.908183632734531,Low Stakes
CD012503_pub3_data__A3,CD012503,58,D,0.013388,0.912591,False,42,15658,10.1002/14651858.CD012503.pub3,0,9.68063872255489,False,0,5.908183632734531,Low Stakes
CD012503_pub3_data__A4,CD012503,58,D,0.042622,0.587117,False,57,19454,10.1002/14651858.CD012503.pub3,0,9.68063872255489,False,0,5.908183632734531,Low Stakes
CD012503_pub3_data__A5,CD012503,58,D,0.054671,0.4612,False,58,19596,10.1002/14651858.CD012503.pub3,0,9.68063872255489,False,0,5.908183632734531,Low Stakes
CD016001_data__A13,CD016001,58,D,0.016677,0.679803,False,7,305,10.1002/14651858.CD016001,0,9.68063872255489,False,0,12.584830339321359,Low Stakes
CD013590_pub2_data__A6,CD013590,58,D,-1.90372,0.388266,False,2,132,10.1002/14651858.CD013590.pub2,2,39.12175648702595,False,0,21.60678642714571,Low Stakes
CD015042_pub2_data__A2,CD015042,58,D,-0.038566,0.982752,False,2,157,10.1002/14651858.CD015042.pub2,5,63.57285429141717,False,0,26.13772455089821,Low Stakes
CD015046_pub2_data__A1,CD015046,58,D,-0.29674,0.578176,False,3,148,10.1002/14651858.CD015046.pub2,0,9.68063872255489,False,0,10.32934131736527,Low Stakes
CD000028_pub4_data__A1,CD000028,58,D,-0.122319,0.00466,True,36,61632,10.1002/14651858.CD000028.pub4,0,9.68063872255489,False,0,6.57684630738523,Low Stakes
CD015038_pub2_data__A15,CD015038,57,D,1.293454,0.041709,True,5,707,10.1002/14651858.CD015038.pub2,6,68.76247504990019,False,0,35.12974051896207,Moderate
CD013590_pub2_data__A10,CD013590,57,D,0.0,1.0,False,3,202,10.1002/14651858.CD013590.pub2,2,39.12175648702595,False,0,21.60678642714571,Low Stakes
CD011204_pub3_data__A10,CD011204,57,D,0.378591,0.146166,False,10,4153,10.1002/14651858.CD011204.pub3,0,9.68063872255489,False,0,9.121756487025948,Low Stakes
CD011204_pub3_data__A8,CD011204,57,D,1.341349,0.035554,True,5,1308,10.1002/14651858.CD011204.pub3,0,9.68063872255489,False,0,9.121756487025948,Low Stakes
CD015014_pub2_data__A47,CD015014,57,D,2.607967,0.018412,False,1,44,10.1002/14651858.CD015014.pub2,5,63.57285429141717,False,0,35.249500998003995,Moderate
CD015014_pub2_data__A48,CD015014,57,D,0.067085,0.969907,False,2,421,10.1002/14651858.CD015014.pub2,5,63.57285429141717,False,0,35.249500998003995,Moderate
CD011305_pub3_data__A4,CD011305,57,D,-0.255928,0.81812,False,3,69,10.1002/14651858.CD011305.pub3,6,68.76247504990019,False,0,36.21756487025948,Moderate
CD011305_pub3_data__A6,CD011305,57,D,-0.3606,0.719329,False,3,161,10.1002/14651858.CD011305.pub3,6,68.76247504990019,False,0,36.21756487025948,Moderate
CD015219_pub2_data__A1,CD015219,57,D,-0.229597,0.182366,False,45,15540,10.1002/14651858.CD015219.pub2,8,76.14770459081836,True,0,57.80439121756487,Red Flag
CD015219_pub2_data__A15,CD015219,57,D,0.508112,0.034335,True,18,4699,10.1002/14651858.CD015219.pub2,8,76.14770459081836,True,0,57.80439121756487,Red Flag
CD015219_pub2_data__A2,CD015219,57,D,0.322414,0.012775,True,50,11692,10.1002/14651858.CD015219.pub2,8,76.14770459081836,True,0,57.80439121756487,Red Flag
CD006913_pub3_data__A7,CD006913,57,D,-0.189127,0.156029,False,32,3420,10.1002/14651858.CD006913.pub3,3,49.101796407185624,False,0,29.171656686626747,Low Stakes
CD006632_pub3_data__A4,CD006632,57,D,-0.095164,0.857022,False,15,4134,10.1002/14651858.CD006632.pub3,4,57.48502994011976,False,0,29.451097804391217,Low Stakes
CD006632_pub3_data__A7,CD006632,57,D,0.199108,0.855601,False,4,662,10.1002/14651858.CD006632.pub3,4,57.48502994011976,False,0,29.451097804391217,Low Stakes
CD013643_pub2_data__A10,CD013643,57,D,-0.305464,0.865552,False,2,139,10.1002/14651858.CD013643.pub2,3,49.101796407185624,False,0,26.686626746506988,Low Stakes
CD013643_pub2_data__A11,CD013643,57,D,0.0,1.0,False,1,76,10.1002/14651858.CD013643.pub2,3,49.101796407185624,False,0,26.686626746506988,Low Stakes
CD013643_pub2_data__A13,CD013643,57,D,0.0,1.0,False,1,76,10.1002/14651858.CD013643.pub2,3,49.101796407185624,False,0,26.686626746506988,Low Stakes
CD006475_pub3_data__A9,CD006475,57,D,-0.230375,0.01042,True,25,4772,10.1002/14651858.CD006475.pub3,1,26.34730538922156,False,0,16.497005988023954,Low Stakes
CD006515_pub2_data__A3,CD006515,57,D,-0.603574,0.389389,False,2,107,10.1002/14651858.CD006515.pub2,5,63.57285429141717,False,0,31.886227544910184,Moderate
CD015014_pub2_data__A4,CD015014,57,D,-0.192143,0.91464,False,2,204,10.1002/14651858.CD015014.pub2,5,63.57285429141717,False,0,35.249500998003995,Moderate
CD015014_pub2_data__A45,CD015014,57,D,0.195614,0.912903,False,2,225,10.1002/14651858.CD015014.pub2,5,63.57285429141717,False,0,35.249500998003995,Moderate
CD012397_pub2_data__A7,CD012397,57,D,-0.003838,0.992656,False,6,39421,10.1002/14651858.CD012397.pub2,4,57.48502994011976,False,0,29.451097804391217,Low Stakes
CD015014_pub2_data__A46,CD015014,57,D,-0.370018,0.854129,False,1,81,10.1002/14651858.CD015014.pub2,5,63.57285429141717,False,0,35.249500998003995,Moderate
CD015014_pub2_data__A19,CD015014,57,D,-0.232533,0.571386,False,1,240,10.1002/14651858.CD015014.pub2,5,63.57285429141717,False,0,35.249500998003995,Moderate
CD015014_pub2_data__A20,CD015014,57,D,-0.47733,0.812241,False,1,110,10.1002/14651858.CD015014.pub2,5,63.57285429141717,False,0,35.249500998003995,Moderate
CD015014_pub2_data__A21,CD015014,57,D,0.509978,0.580037,False,1,254,10.1002/14651858.CD015014.pub2,5,63.57285429141717,False,0,35.249500998003995,Moderate
CD015014_pub2_data__A24,CD015014,57,D,1.976575,0.324022,False,2,68,10.1002/14651858.CD015014.pub2,5,63.57285429141717,False,0,35.249500998003995,Moderate
CD015014_pub2_data__A25,CD015014,57,D,1.313035,0.448421,False,2,52,10.1002/14651858.CD015014.pub2,5,63.57285429141717,False,0,35.249500998003995,Moderate
CD013643_pub2_data__A9,CD013643,57,D,0.0,1.0,False,1,76,10.1002/14651858.CD013643.pub2,3,49.101796407185624,False,0,26.686626746506988,Low Stakes
CD015448_pub2_data__A5,CD015448,57,D,0.04705,0.978942,False,2,184,10.1002/14651858.CD015448.pub2,11,84.83033932135729,False,0,37.38522954091817,Moderate
CD015530_pub2_data__A3,CD015530,57,D,0.337608,0.146978,False,3,5438,10.1002/14651858.CD015530.pub2,3,49.101796407185624,False,0,24.890219560878243,Low Stakes
CD015014_pub2_data__A26,CD015014,57,D,0.482852,0.228864,False,1,114,10.1002/14651858.CD015014.pub2,5,63.57285429141717,False,0,35.249500998003995,Moderate
CD015014_pub2_data__A27,CD015014,57,D,0.083382,0.966974,False,1,71,10.1002/14651858.CD015014.pub2,5,63.57285429141717,False,0,35.249500998003995,Moderate
CD015014_pub2_data__A28,CD015014,57,D,-0.020197,0.972793,False,12,4016,10.1002/14651858.CD015014.pub2,5,63.57285429141717,False,0,35.249500998003995,Moderate
CD015014_pub2_data__A29,CD015014,57,D,-0.020197,0.972793,False,12,4016,10.1002/14651858.CD015014.pub2,5,63.57285429141717,False,0,35.249500998003995,Moderate
CD015014_pub2_data__A3,CD015014,57,D,0.027921,0.987508,False,2,704,10.1002/14651858.CD015014.pub2,5,63.57285429141717,False,0,35.249500998003995,Moderate
CD015014_pub2_data__A30,CD015014,57,D,-0.020197,0.972793,False,12,4016,10.1002/14651858.CD015014.pub2,5,63.57285429141717,False,0,35.249500998003995,Moderate
CD011381_pub3_data__A10,CD011381,57,D,-0.55488,0.569342,False,5,5197,10.1002/14651858.CD011381.pub3,16,93.21357285429141,False,0,43.243512974051896,Moderate
CD011381_pub3_data__A8,CD011381,57,D,-0.404547,0.675108,False,5,4420,10.1002/14651858.CD011381.pub3,16,93.21357285429141,False,0,43.243512974051896,Moderate
CD013643_pub2_data__A4,CD013643,57,D,0.0,1.0,False,1,76,10.1002/14651858.CD013643.pub2,3,49.101796407185624,False,0,26.686626746506988,Low Stakes
CD013643_pub2_data__A7,CD013643,57,D,0.720546,0.563358,False,1,76,10.1002/14651858.CD013643.pub2,3,49.101796407185624,False,0,26.686626746506988,Low Stakes
CD015014_pub2_data__A17,CD015014,57,D,-0.225828,0.89958,False,2,270,10.1002/14651858.CD015014.pub2,5,63.57285429141717,False,0,35.249500998003995,Moderate
CD015314_pub2_data__A1,CD015314,57,D,0.399154,6e-06,True,50,18439,10.1002/14651858.CD015314.pub2,2,39.12175648702595,False,0,15.948103792415171,Low Stakes
CD015326_pub2_data__A10,CD015326,57,D,-0.035945,0.942121,False,17,4950,10.1002/14651858.CD015326.pub2,1,26.34730538922156,False,0,20.259481037924154,Low Stakes
CD014678_pub2_data__A1,CD014678,57,D,-0.001781,0.980008,False,40,123202,10.1002/14651858.CD014678.pub2,5,63.57285429141717,False,0,29.57085828343314,Low Stakes
CD015213_pub2_data__A9,CD015213,57,D,-0.388219,0.247063,False,14,1753,10.1002/14651858.CD015213.pub2,6,68.76247504990019,False,0,34.55089820359281,Moderate
CD012268_pub2_data__A3,CD012268,57,D,-0.008738,0.99198,False,6,273,10.1002/14651858.CD012268.pub2,4,57.48502994011976,False,0,29.451097804391217,Low Stakes
CD001321_pub7_data__A2,CD001321,57,D,-0.426097,0.000715,True,30,7489,10.1002/14651858.CD001321.pub7,9,79.84031936127745,False,0,33.97205588822356,Moderate
CD015120_pub2_data__A1,CD015120,57,D,0.402235,0.117576,False,64,58623,10.1002/14651858.CD015120.pub2,4,57.48502994011976,False,0,23.293413173652695,Low Stakes
CD013719_pub2_data__A1,CD013719,57,D,0.787212,0.024447,True,18,2397,10.1002/14651858.CD013719.pub2,13,88.32335329341318,True,0,61.786427145708586,Red Flag
CD013445_pub2_data__A34,CD013445,57,D,-0.955965,0.039073,True,9,1170,10.1002/14651858.CD013445.pub2,15,91.81636726546905,False,0,46.387225548902194,Moderate
CD013445_pub2_data__A17,CD013445,57,D,0.847989,0.000312,True,24,2655,10.1002/14651858.CD013445.pub2,15,91.81636726546905,False,0,46.387225548902194,Moderate
CD013445_pub2_data__A18,CD013445,57,D,0.998491,0.005547,True,11,1346,10.1002/14651858.CD013445.pub2,15,91.81636726546905,False,0,46.387225548902194,Moderate
CD009102_pub2_data__A12,CD009102,57,D,-0.064947,0.856086,False,3,749,10.1002/14651858.CD009102.pub2,4,57.48502994011976,True,0,49.45109780439121,Moderate
CD009102_pub2_data__A2,CD009102,57,D,-0.524788,0.358536,False,5,1406,10.1002/14651858.CD009102.pub2,4,57.48502994011976,True,0,49.45109780439121,Moderate
CD009102_pub2_data__A3,CD009102,57,D,-1.168569,0.169857,False,3,1124,10.1002/14651858.CD009102.pub2,4,57.48502994011976,True,0,49.45109780439121,Moderate
CD009102_pub2_data__A5,CD009102,57,D,-0.005432,0.996691,False,3,438,10.1002/14651858.CD009102.pub2,4,57.48502994011976,True,0,49.45109780439121,Moderate
CD006475_pub3_data__A10,CD006475,57,D,-0.275584,0.003045,True,26,5115,10.1002/14651858.CD006475.pub3,1,26.34730538922156,False,0,16.497005988023954,Low Stakes
CD013757_pub3_data__A4,CD013757,57,D,-0.3042,0.026133,True,6,3437,10.1002/14651858.CD013757.pub3,6,68.76247504990019,True,0,52.75449101796407,Red Flag
CD013757_pub3_data__A5,CD013757,57,D,-0.3042,0.026133,True,6,3437,10.1002/14651858.CD013757.pub3,6,68.76247504990019,True,0,52.75449101796407,Red Flag
CD009102_pub2_data__A1,CD009102,57,D,-0.341762,0.30083,False,3,1124,10.1002/14651858.CD009102.pub2,4,57.48502994011976,True,0,49.45109780439121,Moderate
CD015584_pub2_data__A1,CD015584,57,D,-0.057404,0.783262,False,21,2437,10.1002/14651858.CD015584.pub2,1,26.34730538922156,False,0,15.788423153692616,Low Stakes
CD013774_pub2_data__A6,CD013774,57,D,0.028431,0.977121,False,6,2068,10.1002/14651858.CD013774.pub2,8,76.14770459081836,False,0,35.70858283433134,Moderate
CD013774_pub2_data__A7,CD013774,57,D,-1.724835,0.009666,True,5,3519,10.1002/14651858.CD013774.pub2,8,76.14770459081836,False,0,35.70858283433134,Moderate
CD009730_pub3_data__A11,CD009730,57,D,-0.259511,0.898404,False,1,30,10.1002/14651858.CD009730.pub3,1,26.34730538922156,False,0,17.884231536926148,Low Stakes
CD009730_pub3_data__A14,CD009730,57,D,-0.02778,0.987582,False,2,142,10.1002/14651858.CD009730.pub3,1,26.34730538922156,False,0,17.884231536926148,Low Stakes
CD013774_pub2_data__A10,CD013774,57,D,-0.010039,0.995486,False,2,931,10.1002/14651858.CD013774.pub2,8,76.14770459081836,False,0,35.70858283433134,Moderate
CD013774_pub2_data__A3,CD013774,57,D,-1.227422,0.050568,False,5,3469,10.1002/14651858.CD013774.pub2,8,76.14770459081836,False,0,35.70858283433134,Moderate
CD013774_pub2_data__A5,CD013774,57,D,-0.995367,0.042848,True,5,3469,10.1002/14651858.CD013774.pub2,8,76.14770459081836,False,0,35.70858283433134,Moderate
CD007572_pub4_data__A3,CD007572,57,D,-0.743979,0.007112,True,8,1995,10.1002/14651858.CD007572.pub4,2,39.12175648702595,False,0,21.60678642714571,Low Stakes
CD006182_pub3_data__A9,CD006182,57,D,0.633724,0.353764,False,1,65,10.1002/14651858.CD006182.pub3,1,26.34730538922156,False,0,15.179640718562876,Low Stakes
CD012942_pub2_data__A7,CD012942,57,D,0.546578,1e-06,True,35,10237,10.1002/14651858.CD012942.pub2,5,63.57285429141717,False,0,31.3872255489022,Moderate
CD003429_pub5_data__A10,CD003429,57,D,0.713937,0.166006,False,6,314,10.1002/14651858.CD003429.pub5,0,9.68063872255489,False,0,9.121756487025948,Low Stakes
CD006182_pub3_data__A7,CD006182,57,D,0.661992,0.501299,False,2,516,10.1002/14651858.CD006182.pub3,1,26.34730538922156,False,0,15.179640718562876,Low Stakes
CD006182_pub3_data__A8,CD006182,57,D,0.202566,0.566027,False,2,516,10.1002/14651858.CD006182.pub3,1,26.34730538922156,False,0,15.179640718562876,Low Stakes
CD015588_pub2_data__A20,CD015588,57,D,-0.13027,0.043433,True,10,38320,10.1002/14651858.CD015588.pub2,17,94.61077844311377,False,0,47.74451097804391,Moderate
CD015588_pub2_data__A21,CD015588,57,D,-0.270449,0.647444,False,14,29017,10.1002/14651858.CD015588.pub2,17,94.61077844311377,False,0,47.74451097804391,Moderate
CD013358_pub2_data__A15,CD013358,57,D,0.436928,0.206751,False,10,1227,10.1002/14651858.CD013358.pub2,2,39.12175648702595,False,0,24.13173652694611,Low Stakes
CD003429_pub5_data__A9,CD003429,57,D,-0.029439,0.986945,False,2,86,10.1002/14651858.CD003429.pub5,0,9.68063872255489,False,0,9.121756487025948,Low Stakes
CD003429_pub5_data__A6,CD003429,57,D,-0.094339,0.958314,False,2,61,10.1002/14651858.CD003429.pub5,0,9.68063872255489,False,0,9.121756487025948,Low Stakes
CD003429_pub5_data__A7,CD003429,57,D,-0.044666,0.963022,False,5,231,10.1002/14651858.CD003429.pub5,0,9.68063872255489,False,0,9.121756487025948,Low Stakes
CD003429_pub5_data__A8,CD003429,57,D,-0.044666,0.963022,False,5,231,10.1002/14651858.CD003429.pub5,0,9.68063872255489,False,0,9.121756487025948,Low Stakes
CD008879_pub3_data__A2,CD008879,57,D,-0.252436,0.166122,False,17,1784,10.1002/14651858.CD008879.pub3,12,86.42714570858283,False,0,35.27944111776447,Moderate
CD014937_pub2_data__A10,CD014937,57,D,-0.586237,0.00869,True,21,2684,10.1002/14651858.CD014937.pub2,3,49.101796407185624,False,0,28.353293413173652,Low Stakes
CD015331_pub2_data__A70,CD015331,57,D,-0.260493,0.581144,False,4,350,10.1002/14651858.CD015331.pub2,2,39.12175648702595,False,0,25.64870259481038,Low Stakes
CD015331_pub2_data__A74,CD015331,57,D,0.698135,0.601314,False,3,635,10.1002/14651858.CD015331.pub2,2,39.12175648702595,False,0,25.64870259481038,Low Stakes
CD013800_pub2_data__A6,CD013800,57,D,-0.195663,0.027963,True,48,705845,10.1002/14651858.CD013800.pub2,8,76.14770459081836,False,0,38.582834331337324,Moderate
CD013344_pub2_data__A4,CD013344,57,D,-0.358843,0.201371,False,10,1316,10.1002/14651858.CD013344.pub2,8,76.14770459081836,False,0,37.80439121756487,Moderate
CD014852_pub2_data__A24,CD014852,57,D,-1.635755,0.021986,False,1,62,10.1002/14651858.CD014852.pub2,4,57.48502994011976,False,0,32.405189620758485,Moderate
CD014852_pub2_data__A25,CD014852,57,D,0.297857,0.559739,False,2,937,10.1002/14651858.CD014852.pub2,4,57.48502994011976,False,0,32.405189620758485,Moderate
CD014852_pub2_data__A28,CD014852,57,D,0.002372,0.99625,False,1,859,10.1002/14651858.CD014852.pub2,4,57.48502994011976,False,0,32.405189620758485,Moderate
CD014544_pub2_data__A1,CD014544,57,D,-0.565651,0.09713,False,37,2231,10.1002/14651858.CD014544.pub2,8,76.14770459081836,False,0,33.16367265469062,Moderate
CD002122_pub3_data__A1,CD002122,57,D,-0.14902,0.330936,False,19,7636,10.1002/14651858.CD002122.pub3,0,9.68063872255489,False,0,7.325349301397207,Low Stakes
CD013821_pub2_data__A7,CD013821,57,D,0.595844,0.024583,True,17,26930,10.1002/14651858.CD013821.pub2,8,76.14770459081836,False,0,36.417165668662676,Moderate
CD013278_pub3_data__A22,CD013278,57,D,0.618414,0.603919,False,2,252,10.1002/14651858.CD013278.pub3,4,57.48502994011976,True,0,52.40518962075848,Red Flag
CD013278_pub3_data__A24,CD013278,57,D,-0.005753,0.987516,False,2,635,10.1002/14651858.CD013278.pub3,4,57.48502994011976,True,0,52.40518962075848,Red Flag
CD013295_pub2_data__A1,CD013295,57,D,-0.628813,0.0,True,219,18399,10.1002/14651858.CD013295.pub2,17,94.61077844311377,False,0,43.0938123752495,Moderate
CD013232_pub2_data__A20,CD013232,57,D,-0.025642,0.989835,False,1,77,10.1002/14651858.CD013232.pub2,4,57.48502994011976,False,0,31.477045908183634,Moderate
CD013197_pub2_data__A15,CD013197,57,D,-0.595436,0.025213,True,16,1404,10.1002/14651858.CD013197.pub2,2,39.12175648702595,False,0,23.77245508982036,Low Stakes
CD013197_pub2_data__A17,CD013197,57,D,-0.595436,0.025213,True,16,1404,10.1002/14651858.CD013197.pub2,2,39.12175648702595,False,0,23.77245508982036,Low Stakes
CD013197_pub2_data__A18,CD013197,57,D,-0.117927,0.443344,False,72,8218,10.1002/14651858.CD013197.pub2,2,39.12175648702595,False,0,23.77245508982036,Low Stakes
CD013197_pub2_data__A10,CD013197,57,D,-0.595436,0.025213,True,16,1404,10.1002/14651858.CD013197.pub2,2,39.12175648702595,False,0,23.77245508982036,Low Stakes
CD013197_pub2_data__A13,CD013197,57,D,-0.514538,0.740118,False,34,3143,10.1002/14651858.CD013197.pub2,2,39.12175648702595,False,0,23.77245508982036,Low Stakes
CD008564_pub3_data__A10,CD008564,57,D,-0.406705,0.355844,False,6,4992,10.1002/14651858.CD008564.pub3,3,49.101796407185624,False,0,25.59880239520958,Low Stakes
CD014914_pub2_data__A4,CD014914,57,D,0.627561,0.004057,True,18,2987,10.1002/14651858.CD014914.pub2,6,68.76247504990019,False,0,34.29141716566866,Moderate
CD016119_data__A11,CD016119,57,D,-0.175899,0.691276,False,3,602,10.1002/14651858.CD016119,2,39.12175648702595,False,0,23.942115768463076,Low Stakes
CD015331_pub2_data__A13,CD015331,57,D,0.038065,0.953821,False,10,494,10.1002/14651858.CD015331.pub2,2,39.12175648702595,False,0,25.64870259481038,Low Stakes
CD015326_pub2_data__A32,CD015326,57,D,-0.051714,0.927648,False,13,3867,10.1002/14651858.CD015326.pub2,1,26.34730538922156,False,0,20.259481037924154,Low Stakes
CD005495_pub5_data__A2,CD005495,57,D,0.02807,0.923757,False,45,6981,10.1002/14651858.CD005495.pub5,35,99.20159680638723,False,0,43.82235528942116,Moderate
CD013844_pub2_data__A5,CD013844,57,D,-0.042284,0.893477,False,12,11273,10.1002/14651858.CD013844.pub2,4,57.48502994011976,False,0,28.952095808383234,Low Stakes
CD015331_pub2_data__A4,CD015331,57,D,0.036878,0.955327,False,10,474,10.1002/14651858.CD015331.pub2,2,39.12175648702595,False,0,25.64870259481038,Low Stakes
CD015331_pub2_data__A40,CD015331,57,D,0.069055,0.94974,False,4,310,10.1002/14651858.CD015331.pub2,2,39.12175648702595,False,0,25.64870259481038,Low Stakes
CD015331_pub2_data__A41,CD015331,57,D,0.064861,0.960648,False,3,262,10.1002/14651858.CD015331.pub2,2,39.12175648702595,False,0,25.64870259481038,Low Stakes
CD015331_pub2_data__A42,CD015331,57,D,-0.0062,0.995479,False,4,329,10.1002/14651858.CD015331.pub2,2,39.12175648702595,False,0,25.64870259481038,Low Stakes
CD007872_pub4_data__A23,CD007872,57,D,0.400578,0.504416,False,2,18957,10.1002/14651858.CD007872.pub4,2,39.12175648702595,False,0,23.77245508982036,Low Stakes
CD007872_pub4_data__A10,CD007872,57,D,-0.13154,0.581791,False,2,18957,10.1002/14651858.CD007872.pub4,2,39.12175648702595,False,0,23.77245508982036,Low Stakes
CD007872_pub4_data__A22,CD007872,57,D,0.375137,0.508682,False,2,18957,10.1002/14651858.CD007872.pub4,2,39.12175648702595,False,0,23.77245508982036,Low Stakes
CD015331_pub2_data__A25,CD015331,57,D,-0.190342,0.862159,False,4,319,10.1002/14651858.CD015331.pub2,2,39.12175648702595,False,0,25.64870259481038,Low Stakes
CD015331_pub2_data__A3,CD015331,57,D,0.0,1.0,False,3,240,10.1002/14651858.CD015331.pub2,2,39.12175648702595,False,0,25.64870259481038,Low Stakes
CD004736_pub6_data__A9,CD004736,57,D,-0.795735,0.030595,True,21,20645,10.1002/14651858.CD004736.pub6,14,90.31936127744511,False,0,46.10778443113773,Moderate
CD013844_pub2_data__A11,CD013844,57,D,-0.156649,0.905392,False,3,214,10.1002/14651858.CD013844.pub2,4,57.48502994011976,False,0,28.952095808383234,Low Stakes
CD013844_pub2_data__A2,CD013844,57,D,-0.485401,0.124049,False,4,6393,10.1002/14651858.CD013844.pub2,4,57.48502994011976,False,0,28.952095808383234,Low Stakes
CD013875_pub2_data__A10,CD013875,57,D,0.797095,0.003639,True,9,824,10.1002/14651858.CD013875.pub2,17,94.61077844311377,False,0,45.778443113772454,Moderate
CD013875_pub2_data__A11,CD013875,57,D,0.797095,0.003639,True,9,824,10.1002/14651858.CD013875.pub2,17,94.61077844311377,False,0,45.778443113772454,Moderate
CD013875_pub2_data__A12,CD013875,57,D,0.725756,0.02508,True,7,654,10.1002/14651858.CD013875.pub2,17,94.61077844311377,False,0,45.778443113772454,Moderate
CD013875_pub2_data__A3,CD013875,57,D,0.704572,0.046138,True,8,769,10.1002/14651858.CD013875.pub2,17,94.61077844311377,False,0,45.778443113772454,Moderate
CD013875_pub2_data__A4,CD013875,57,D,0.205093,0.504396,False,5,429,10.1002/14651858.CD013875.pub2,17,94.61077844311377,False,0,45.778443113772454,Moderate
CD013051_pub3_data__A2,CD013051,57,D,1.488281,0.003929,True,6,516,10.1002/14651858.CD013051.pub3,0,9.68063872255489,False,0,4.580838323353293,Low Stakes
CD013571_pub2_data__A2,CD013571,57,D,1.41417,0.035636,True,6,921,10.1002/14651858.CD013571.pub2,16,93.21357285429141,False,0,44.07185628742515,Moderate
CD006712_pub3_data__A2,CD006712,57,D,0.026483,0.965927,False,12,1229,10.1002/14651858.CD006712.pub3,3,49.101796407185624,False,0,20.97804391217565,Low Stakes
CD015476_pub2_data__A10,CD015476,57,D,0.296497,0.000916,True,14,12545,10.1002/14651858.CD015476.pub2,0,9.68063872255489,False,0,11.21756487025948,Low Stakes
CD006689_pub3_data__A19,CD006689,57,D,0.863151,0.132646,False,11,6107,10.1002/14651858.CD006689.pub3,2,39.12175648702595,False,0,24.640718562874255,Low Stakes
CD006689_pub3_data__A2,CD006689,57,D,-0.100249,0.415991,False,16,5945,10.1002/14651858.CD006689.pub3,2,39.12175648702595,False,0,24.640718562874255,Low Stakes
CD011305_pub3_data__A14,CD011305,57,D,-1.422084,0.587496,False,2,305,10.1002/14651858.CD011305.pub3,6,68.76247504990019,False,0,36.21756487025948,Moderate
CD009730_pub3_data__A6,CD009730,57,D,0.104985,0.888843,False,8,218,10.1002/14651858.CD009730.pub3,1,26.34730538922156,False,0,17.884231536926148,Low Stakes
CD009730_pub3_data__A7,CD009730,57,D,-0.385639,0.618505,False,7,265,10.1002/14651858.CD009730.pub3,1,26.34730538922156,False,0,17.884231536926148,Low Stakes
CD003519_pub5_data__A6,CD003519,57,D,-0.167632,0.673621,False,13,1464,10.1002/14651858.CD003519.pub5,1,26.34730538922156,False,0,19.640718562874255,Low Stakes
CD000478_pub5_data__A4,CD000478,56,D,0.830652,0.575735,False,2,166,10.1002/14651858.CD000478.pub5,2,39.12175648702595,False,0,16.98602794411178,Low Stakes
CD009531_pub3_data__A10,CD009531,56,D,0.523938,0.059268,False,1,253,10.1002/14651858.CD009531.pub3,9,79.84031936127745,False,0,38.72255489021957,Moderate
CD009531_pub3_data__A1,CD009531,56,D,0.011485,0.957044,False,28,2911,10.1002/14651858.CD009531.pub3,9,79.84031936127745,False,0,38.72255489021957,Moderate
CD000478_pub5_data__A3,CD000478,56,D,1.476309,0.423458,False,2,66,10.1002/14651858.CD000478.pub5,2,39.12175648702595,False,0,16.98602794411178,Low Stakes
CD006913_pub3_data__A4,CD006913,56,D,-0.021039,0.945175,False,44,4202,10.1002/14651858.CD006913.pub3,3,49.101796407185624,False,0,29.171656686626747,Low Stakes
CD011330_pub2_data__A1,CD011330,56,D,0.014655,0.976739,False,17,476,10.1002/14651858.CD011330.pub2,1,26.34730538922156,False,0,13.243512974051898,Low Stakes
CD015014_pub2_data__A6,CD015014,56,D,-0.473953,0.122303,False,8,1263,10.1002/14651858.CD015014.pub2,5,63.57285429141717,False,0,35.249500998003995,Moderate
CD015014_pub2_data__A7,CD015014,56,D,-0.473953,0.122303,False,8,1263,10.1002/14651858.CD015014.pub2,5,63.57285429141717,False,0,35.249500998003995,Moderate
CD015014_pub2_data__A8,CD015014,56,D,-0.473953,0.122303,False,8,1263,10.1002/14651858.CD015014.pub2,5,63.57285429141717,False,0,35.249500998003995,Moderate
CD014758_pub3_data__A8,CD014758,56,D,-0.038679,0.982617,False,2,722,10.1002/14651858.CD014758.pub3,11,84.83033932135729,False,0,39.18163672654691,Moderate
CD001703_pub4_data__A19,CD001703,56,D,0.0,1.0,False,2,122,10.1002/14651858.CD001703.pub4,1,26.34730538922156,False,0,19.80039920159681,Low Stakes
CD001703_pub4_data__A20,CD001703,56,D,-0.246618,0.892756,False,2,71,10.1002/14651858.CD001703.pub4,1,26.34730538922156,False,0,19.80039920159681,Low Stakes
CD001703_pub4_data__A21,CD001703,56,D,0.0,1.0,False,1,60,10.1002/14651858.CD001703.pub4,1,26.34730538922156,False,0,19.80039920159681,Low Stakes
CD008176_pub3_data__A28,CD008176,56,D,-0.639646,0.731563,False,2,145,10.1002/14651858.CD008176.pub3,13,88.32335329341318,False,0,44.740518962075846,Moderate
CD014763_pub2_data__A1,CD014763,56,D,-1.700554,2e-06,True,15,1260,10.1002/14651858.CD014763.pub2,13,88.32335329341318,False,0,39.471057884231534,Moderate
CD014763_pub2_data__A4,CD014763,56,D,-0.231637,0.774643,False,6,453,10.1002/14651858.CD014763.pub2,13,88.32335329341318,False,0,39.471057884231534,Moderate
CD014769_pub2_data__A28,CD014769,56,D,-1.188789,0.324499,False,2,22813,10.1002/14651858.CD014769.pub2,4,57.48502994011976,True,0,52.40518962075848,Red Flag
CD008309_pub3_data__A14,CD008309,56,D,0.028996,0.987043,False,2,153,10.1002/14651858.CD008309.pub3,8,76.14770459081836,True,0,59.87025948103792,Red Flag
CD008309_pub3_data__A15,CD008309,56,D,0.247459,0.669329,False,5,367,10.1002/14651858.CD008309.pub3,8,76.14770459081836,True,0,59.87025948103792,Red Flag
CD008309_pub3_data__A17,CD008309,56,D,0.028996,0.987043,False,2,153,10.1002/14651858.CD008309.pub3,8,76.14770459081836,True,0,59.87025948103792,Red Flag
CD014871_pub2_data__A25,CD014871,56,D,0.062189,0.972364,False,2,92,10.1002/14651858.CD014871.pub2,1,26.34730538922156,False,0,20.499001996007983,Low Stakes
CD014871_pub2_data__A26,CD014871,56,D,0.0,1.0,False,1,28,10.1002/14651858.CD014871.pub2,1,26.34730538922156,False,0,20.499001996007983,Low Stakes
CD004736_pub6_data__A18,CD004736,56,D,0.46842,0.011175,True,29,22510,10.1002/14651858.CD004736.pub6,14,90.31936127744511,False,0,46.10778443113773,Moderate
CD014861_pub2_data__A8,CD014861,56,D,-0.318794,0.74223,False,5,232,10.1002/14651858.CD014861.pub2,1,26.34730538922156,False,0,16.497005988023954,Low Stakes
CD012067_pub3_data__A9,CD012067,56,D,0.112953,0.847235,False,11,3157,10.1002/14651858.CD012067.pub3,0,9.68063872255489,False,0,12.86427145708583,Low Stakes
CD013042_pub2_data__A7,CD013042,56,D,0.006333,0.986395,False,30,2705,10.1002/14651858.CD013042.pub2,6,68.76247504990019,False,0,31.646706586826344,Moderate
CD015849_pub2_data__A21,CD015849,56,D,-0.438311,0.458842,False,2,2250,10.1002/14651858.CD015849.pub2,4,57.48502994011976,False,0,32.83433133732535,Moderate
CD015849_pub2_data__A26,CD015849,56,D,0.387429,0.811105,False,2,873,10.1002/14651858.CD015849.pub2,4,57.48502994011976,False,0,32.83433133732535,Moderate
CD015849_pub2_data__A27,CD015849,56,D,1.188361,0.478818,False,2,853,10.1002/14651858.CD015849.pub2,4,57.48502994011976,False,0,32.83433133732535,Moderate
CD015331_pub2_data__A36,CD015331,56,D,0.257612,0.683252,False,2,73,10.1002/14651858.CD015331.pub2,2,39.12175648702595,False,0,25.64870259481038,Low Stakes
CD013875_pub2_data__A9,CD013875,56,D,0.44068,0.329017,False,1,94,10.1002/14651858.CD013875.pub2,17,94.61077844311377,False,0,45.778443113772454,Moderate
CD012079_pub2_data__A19,CD012079,56,D,0.40944,0.242799,False,10,1991,10.1002/14651858.CD012079.pub2,12,86.42714570858283,False,0,43.56287425149701,Moderate
CD014861_pub2_data__A9,CD014861,56,D,-0.324772,0.857763,False,2,96,10.1002/14651858.CD014861.pub2,1,26.34730538922156,False,0,16.497005988023954,Low Stakes
CD013591_pub2_data__A4,CD013591,56,D,-0.091653,0.867246,False,14,2899,10.1002/14651858.CD013591.pub2,23,97.1057884231537,False,0,43.48303393213574,Moderate
CD015518_data__A4,CD015518,56,D,-0.063642,0.911193,False,13,1157,10.1002/14651858.CD015518,3,49.101796407185624,False,0,24.890219560878243,Low Stakes
CD006689_pub3_data__A10,CD006689,56,D,0.084516,0.513406,False,14,6109,10.1002/14651858.CD006689.pub3,2,39.12175648702595,False,0,24.640718562874255,Low Stakes
CD014871_pub2_data__A39,CD014871,56,D,0.0,1.0,False,1,18,10.1002/14651858.CD014871.pub2,1,26.34730538922156,False,0,20.499001996007983,Low Stakes
CD014871_pub2_data__A4,CD014871,56,D,0.236764,0.895976,False,2,65,10.1002/14651858.CD014871.pub2,1,26.34730538922156,False,0,20.499001996007983,Low Stakes
CD014871_pub2_data__A40,CD014871,56,D,0.123233,0.951243,False,1,64,10.1002/14651858.CD014871.pub2,1,26.34730538922156,False,0,20.499001996007983,Low Stakes
CD014871_pub2_data__A13,CD014871,56,D,0.0,1.0,False,1,22,10.1002/14651858.CD014871.pub2,1,26.34730538922156,False,0,20.499001996007983,Low Stakes
CD014871_pub2_data__A14,CD014871,56,D,0.0,1.0,False,2,56,10.1002/14651858.CD014871.pub2,1,26.34730538922156,False,0,20.499001996007983,Low Stakes
CD014871_pub2_data__A15,CD014871,56,D,0.0,1.0,False,1,28,10.1002/14651858.CD014871.pub2,1,26.34730538922156,False,0,20.499001996007983,Low Stakes
CD014871_pub2_data__A16,CD014871,56,D,0.0,1.0,False,1,28,10.1002/14651858.CD014871.pub2,1,26.34730538922156,False,0,20.499001996007983,Low Stakes
CD014871_pub2_data__A17,CD014871,56,D,0.0,1.0,False,1,22,10.1002/14651858.CD014871.pub2,1,26.34730538922156,False,0,20.499001996007983,Low Stakes
CD014871_pub2_data__A18,CD014871,56,D,0.0,1.0,False,1,22,10.1002/14651858.CD014871.pub2,1,26.34730538922156,False,0,20.499001996007983,Low Stakes
CD014871_pub2_data__A19,CD014871,56,D,0.0,1.0,False,1,22,10.1002/14651858.CD014871.pub2,1,26.34730538922156,False,0,20.499001996007983,Low Stakes
CD014871_pub2_data__A2,CD014871,56,D,0.0,1.0,False,2,32,10.1002/14651858.CD014871.pub2,1,26.34730538922156,False,0,20.499001996007983,Low Stakes
CD014871_pub2_data__A20,CD014871,56,D,0.0,1.0,False,1,28,10.1002/14651858.CD014871.pub2,1,26.34730538922156,False,0,20.499001996007983,Low Stakes
CD014871_pub2_data__A21,CD014871,56,D,0.062189,0.972364,False,2,92,10.1002/14651858.CD014871.pub2,1,26.34730538922156,False,0,20.499001996007983,Low Stakes
CD014871_pub2_data__A22,CD014871,56,D,0.0,1.0,False,2,56,10.1002/14651858.CD014871.pub2,1,26.34730538922156,False,0,20.499001996007983,Low Stakes
CD014871_pub2_data__A23,CD014871,56,D,0.0,1.0,False,1,22,10.1002/14651858.CD014871.pub2,1,26.34730538922156,False,0,20.499001996007983,Low Stakes
CD014871_pub2_data__A24,CD014871,56,D,0.0,1.0,False,1,22,10.1002/14651858.CD014871.pub2,1,26.34730538922156,False,0,20.499001996007983,Low Stakes
CD014871_pub2_data__A52,CD014871,56,D,0.0,1.0,False,1,18,10.1002/14651858.CD014871.pub2,1,26.34730538922156,False,0,20.499001996007983,Low Stakes
CD014871_pub2_data__A53,CD014871,56,D,0.0,1.0,False,1,18,10.1002/14651858.CD014871.pub2,1,26.34730538922156,False,0,20.499001996007983,Low Stakes
CD014871_pub2_data__A54,CD014871,56,D,0.0,1.0,False,1,18,10.1002/14651858.CD014871.pub2,1,26.34730538922156,False,0,20.499001996007983,Low Stakes
CD014871_pub2_data__A55,CD014871,56,D,0.0,1.0,False,1,18,10.1002/14651858.CD014871.pub2,1,26.34730538922156,False,0,20.499001996007983,Low Stakes
CD014871_pub2_data__A27,CD014871,56,D,0.0,1.0,False,1,22,10.1002/14651858.CD014871.pub2,1,26.34730538922156,False,0,20.499001996007983,Low Stakes
CD014871_pub2_data__A28,CD014871,56,D,0.0,1.0,False,1,22,10.1002/14651858.CD014871.pub2,1,26.34730538922156,False,0,20.499001996007983,Low Stakes
CD014871_pub2_data__A29,CD014871,56,D,0.0,1.0,False,2,56,10.1002/14651858.CD014871.pub2,1,26.34730538922156,False,0,20.499001996007983,Low Stakes
CD014871_pub2_data__A3,CD014871,56,D,0.075116,0.919767,False,8,253,10.1002/14651858.CD014871.pub2,1,26.34730538922156,False,0,20.499001996007983,Low Stakes
CD014871_pub2_data__A30,CD014871,56,D,0.0,1.0,False,1,22,10.1002/14651858.CD014871.pub2,1,26.34730538922156,False,0,20.499001996007983,Low Stakes
CD014871_pub2_data__A31,CD014871,56,D,0.0,1.0,False,1,22,10.1002/14651858.CD014871.pub2,1,26.34730538922156,False,0,20.499001996007983,Low Stakes
CD014871_pub2_data__A32,CD014871,56,D,0.0,1.0,False,2,56,10.1002/14651858.CD014871.pub2,1,26.34730538922156,False,0,20.499001996007983,Low Stakes
CD014871_pub2_data__A33,CD014871,56,D,0.0,1.0,False,1,26,10.1002/14651858.CD014871.pub2,1,26.34730538922156,False,0,20.499001996007983,Low Stakes
CD014871_pub2_data__A35,CD014871,56,D,0.0,1.0,False,1,18,10.1002/14651858.CD014871.pub2,1,26.34730538922156,False,0,20.499001996007983,Low Stakes
CD014871_pub2_data__A36,CD014871,56,D,0.0,1.0,False,1,18,10.1002/14651858.CD014871.pub2,1,26.34730538922156,False,0,20.499001996007983,Low Stakes
CD014871_pub2_data__A37,CD014871,56,D,0.0,1.0,False,1,26,10.1002/14651858.CD014871.pub2,1,26.34730538922156,False,0,20.499001996007983,Low Stakes
CD014871_pub2_data__A38,CD014871,56,D,0.0,1.0,False,1,26,10.1002/14651858.CD014871.pub2,1,26.34730538922156,False,0,20.499001996007983,Low Stakes
CD014871_pub2_data__A64,CD014871,56,D,0.0,1.0,False,1,18,10.1002/14651858.CD014871.pub2,1,26.34730538922156,False,0,20.499001996007983,Low Stakes
CD014871_pub2_data__A65,CD014871,56,D,0.0,1.0,False,1,18,10.1002/14651858.CD014871.pub2,1,26.34730538922156,False,0,20.499001996007983,Low Stakes
CD014871_pub2_data__A66,CD014871,56,D,0.0,1.0,False,1,18,10.1002/14651858.CD014871.pub2,1,26.34730538922156,False,0,20.499001996007983,Low Stakes
CD014871_pub2_data__A7,CD014871,56,D,0.236764,0.895976,False,2,65,10.1002/14651858.CD014871.pub2,1,26.34730538922156,False,0,20.499001996007983,Low Stakes
CD014871_pub2_data__A8,CD014871,56,D,0.05716,0.974634,False,2,70,10.1002/14651858.CD014871.pub2,1,26.34730538922156,False,0,20.499001996007983,Low Stakes
CD014871_pub2_data__A41,CD014871,56,D,0.0,1.0,False,1,18,10.1002/14651858.CD014871.pub2,1,26.34730538922156,False,0,20.499001996007983,Low Stakes
CD014871_pub2_data__A42,CD014871,56,D,0.0,1.0,False,1,18,10.1002/14651858.CD014871.pub2,1,26.34730538922156,False,0,20.499001996007983,Low Stakes
CD014871_pub2_data__A43,CD014871,56,D,0.0,1.0,False,2,56,10.1002/14651858.CD014871.pub2,1,26.34730538922156,False,0,20.499001996007983,Low Stakes
CD014871_pub2_data__A44,CD014871,56,D,0.0,1.0,False,1,18,10.1002/14651858.CD014871.pub2,1,26.34730538922156,False,0,20.499001996007983,Low Stakes
CD014871_pub2_data__A46,CD014871,56,D,0.0,1.0,False,1,18,10.1002/14651858.CD014871.pub2,1,26.34730538922156,False,0,20.499001996007983,Low Stakes
CD014871_pub2_data__A47,CD014871,56,D,0.0,1.0,False,1,18,10.1002/14651858.CD014871.pub2,1,26.34730538922156,False,0,20.499001996007983,Low Stakes
CD014871_pub2_data__A48,CD014871,56,D,0.0,1.0,False,2,56,10.1002/14651858.CD014871.pub2,1,26.34730538922156,False,0,20.499001996007983,Low Stakes
CD014871_pub2_data__A49,CD014871,56,D,0.0,1.0,False,1,18,10.1002/14651858.CD014871.pub2,1,26.34730538922156,False,0,20.499001996007983,Low Stakes
CD014871_pub2_data__A5,CD014871,56,D,0.236764,0.895976,False,2,65,10.1002/14651858.CD014871.pub2,1,26.34730538922156,False,0,20.499001996007983,Low Stakes
CD014871_pub2_data__A50,CD014871,56,D,0.0,1.0,False,1,18,10.1002/14651858.CD014871.pub2,1,26.34730538922156,False,0,20.499001996007983,Low Stakes
CD014871_pub2_data__A51,CD014871,56,D,0.0,1.0,False,1,18,10.1002/14651858.CD014871.pub2,1,26.34730538922156,False,0,20.499001996007983,Low Stakes
CD013875_pub2_data__A2,CD013875,56,D,0.598444,0.090097,False,8,769,10.1002/14651858.CD013875.pub2,17,94.61077844311377,False,0,45.778443113772454,Moderate
CD013875_pub2_data__A5,CD013875,56,D,0.483398,0.527972,False,2,155,10.1002/14651858.CD013875.pub2,17,94.61077844311377,False,0,45.778443113772454,Moderate
CD014871_pub2_data__A56,CD014871,56,D,0.0,1.0,False,1,18,10.1002/14651858.CD014871.pub2,1,26.34730538922156,False,0,20.499001996007983,Low Stakes
CD016064_data__A5,CD016064,56,D,0.072901,0.698855,False,40,7206,10.1002/14651858.CD016064,2,39.12175648702595,False,0,20.289421157684632,Low Stakes
CD008309_pub3_data__A25,CD008309,56,D,0.0,1.0,False,1,60,10.1002/14651858.CD008309.pub3,8,76.14770459081836,True,0,59.87025948103792,Red Flag
CD008309_pub3_data__A27,CD008309,56,D,1.170071,0.323554,False,1,60,10.1002/14651858.CD008309.pub3,8,76.14770459081836,True,0,59.87025948103792,Red Flag
CD008309_pub3_data__A28,CD008309,56,D,0.0,1.0,False,2,130,10.1002/14651858.CD008309.pub3,8,76.14770459081836,True,0,59.87025948103792,Red Flag
CD008349_pub5_data__A12,CD008349,56,D,0.00622,0.99291,False,9,279,10.1002/14651858.CD008349.pub5,5,63.57285429141717,False,0,32.47504990019961,Moderate
CD014871_pub2_data__A57,CD014871,56,D,0.0,1.0,False,1,18,10.1002/14651858.CD014871.pub2,1,26.34730538922156,False,0,20.499001996007983,Low Stakes
CD014871_pub2_data__A58,CD014871,56,D,0.0,1.0,False,1,18,10.1002/14651858.CD014871.pub2,1,26.34730538922156,False,0,20.499001996007983,Low Stakes
CD014871_pub2_data__A59,CD014871,56,D,0.0,1.0,False,1,18,10.1002/14651858.CD014871.pub2,1,26.34730538922156,False,0,20.499001996007983,Low Stakes
CD014871_pub2_data__A6,CD014871,56,D,0.236764,0.895976,False,2,65,10.1002/14651858.CD014871.pub2,1,26.34730538922156,False,0,20.499001996007983,Low Stakes
CD014871_pub2_data__A60,CD014871,56,D,0.0,1.0,False,1,18,10.1002/14651858.CD014871.pub2,1,26.34730538922156,False,0,20.499001996007983,Low Stakes
CD014871_pub2_data__A61,CD014871,56,D,0.0,1.0,False,1,18,10.1002/14651858.CD014871.pub2,1,26.34730538922156,False,0,20.499001996007983,Low Stakes
CD014871_pub2_data__A62,CD014871,56,D,0.0,1.0,False,1,18,10.1002/14651858.CD014871.pub2,1,26.34730538922156,False,0,20.499001996007983,Low Stakes
CD014871_pub2_data__A63,CD014871,56,D,0.0,1.0,False,1,18,10.1002/14651858.CD014871.pub2,1,26.34730538922156,False,0,20.499001996007983,Low Stakes
CD015849_pub2_data__A32,CD015849,56,D,0.0,1.0,False,1,80,10.1002/14651858.CD015849.pub2,4,57.48502994011976,False,0,32.83433133732535,Moderate
CD015849_pub2_data__A33,CD015849,56,D,-0.012308,0.995097,False,1,324,10.1002/14651858.CD015849.pub2,4,57.48502994011976,False,0,32.83433133732535,Moderate
CD015849_pub2_data__A35,CD015849,56,D,0.0,1.0,False,1,80,10.1002/14651858.CD015849.pub2,4,57.48502994011976,False,0,32.83433133732535,Moderate
CD004762_pub3_data__A1,CD004762,56,D,0.02564,0.974303,False,7,349,10.1002/14651858.CD004762.pub3,0,9.68063872255489,False,0,5.908183632734531,Low Stakes
CD004762_pub3_data__A3,CD004762,56,D,0.0,1.0,False,5,354,10.1002/14651858.CD004762.pub3,0,9.68063872255489,False,0,5.908183632734531,Low Stakes
CD008493_pub5_data__A1,CD008493,56,D,0.243592,0.161389,False,20,16420,10.1002/14651858.CD008493.pub5,2,39.12175648702595,False,0,19.79041916167665,Low Stakes
CD008493_pub5_data__A6,CD008493,56,D,0.123526,0.154491,False,11,14468,10.1002/14651858.CD008493.pub5,2,39.12175648702595,False,0,19.79041916167665,Low Stakes
CD008493_pub5_data__A7,CD008493,56,D,0.000298,0.999564,False,14,14788,10.1002/14651858.CD008493.pub5,2,39.12175648702595,False,0,19.79041916167665,Low Stakes
CD013853_pub2_data__A2,CD013853,56,D,-0.079653,0.86502,False,10,369,10.1002/14651858.CD013853.pub2,7,73.05389221556887,False,0,31.926147704590818,Moderate
CD013054_pub3_data__A7,CD013054,56,D,-1.093689,0.000323,True,8,978,10.1002/14651858.CD013054.pub3,0,9.68063872255489,False,0,8.013972055888225,Low Stakes
CD013875_pub2_data__A13,CD013875,56,D,0.98422,0.354065,False,2,240,10.1002/14651858.CD013875.pub2,17,94.61077844311377,False,0,45.778443113772454,Moderate
CD013875_pub2_data__A14,CD013875,56,D,0.98422,0.354065,False,2,240,10.1002/14651858.CD013875.pub2,17,94.61077844311377,False,0,45.778443113772454,Moderate
CD013875_pub2_data__A15,CD013875,56,D,1.077335,0.512772,False,1,94,10.1002/14651858.CD013875.pub2,17,94.61077844311377,False,0,45.778443113772454,Moderate
CD013875_pub2_data__A16,CD013875,56,D,1.077335,0.512772,False,1,94,10.1002/14651858.CD013875.pub2,17,94.61077844311377,False,0,45.778443113772454,Moderate
CD013875_pub2_data__A17,CD013875,56,D,2.082098,0.007953,False,1,120,10.1002/14651858.CD013875.pub2,17,94.61077844311377,False,0,45.778443113772454,Moderate
CD013875_pub2_data__A18,CD013875,56,D,2.082098,0.007953,False,1,120,10.1002/14651858.CD013875.pub2,17,94.61077844311377,False,0,45.778443113772454,Moderate
CD014852_pub2_data__A2,CD014852,56,D,-0.245965,0.454868,False,19,1330,10.1002/14651858.CD014852.pub2,4,57.48502994011976,False,0,32.405189620758485,Moderate
CD007837_pub3_data__A1,CD007837,56,D,-0.018785,0.976116,False,11,486,10.1002/14651858.CD007837.pub3,18,95.50898203592814,False,0,42.34530938123752,Moderate
CD015331_pub2_data__A38,CD015331,56,D,0.620831,0.301161,False,2,198,10.1002/14651858.CD015331.pub2,2,39.12175648702595,False,0,25.64870259481038,Low Stakes
CD007872_pub4_data__A14,CD007872,56,D,-0.112185,0.488882,False,3,18972,10.1002/14651858.CD007872.pub4,2,39.12175648702595,False,0,23.77245508982036,Low Stakes
CD014872_pub2_data__A6,CD014872,56,D,0.107689,0.649654,False,29,6926,10.1002/14651858.CD014872.pub2,4,57.48502994011976,False,0,30.339321357285428,Moderate
CD008349_pub5_data__A8,CD008349,56,D,-0.036196,0.895606,False,55,2062,10.1002/14651858.CD008349.pub5,5,63.57285429141717,False,0,32.47504990019961,Moderate
CD008309_pub3_data__A22,CD008309,56,D,0.0,1.0,False,1,50,10.1002/14651858.CD008309.pub3,8,76.14770459081836,True,0,59.87025948103792,Red Flag
CD008309_pub3_data__A23,CD008309,56,D,0.0,1.0,False,1,50,10.1002/14651858.CD008309.pub3,8,76.14770459081836,True,0,59.87025948103792,Red Flag
CD014871_pub2_data__A1,CD014871,56,D,0.062122,0.972379,False,2,94,10.1002/14651858.CD014871.pub2,1,26.34730538922156,False,0,20.499001996007983,Low Stakes
CD014871_pub2_data__A10,CD014871,56,D,0.0,1.0,False,1,22,10.1002/14651858.CD014871.pub2,1,26.34730538922156,False,0,20.499001996007983,Low Stakes
CD014871_pub2_data__A11,CD014871,56,D,0.0,1.0,False,2,44,10.1002/14651858.CD014871.pub2,1,26.34730538922156,False,0,20.499001996007983,Low Stakes
CD012993_pub2_data__A1,CD012993,56,D,-0.196266,0.776356,False,9,472,10.1002/14651858.CD012993.pub2,10,82.83433133732535,False,0,37.77445109780439,Moderate
CD012993_pub2_data__A2,CD012993,56,D,-0.478135,0.561961,False,7,351,10.1002/14651858.CD012993.pub2,10,82.83433133732535,False,0,37.77445109780439,Moderate
CD013042_pub2_data__A5,CD013042,56,D,-0.106115,0.413419,False,39,2952,10.1002/14651858.CD013042.pub2,6,68.76247504990019,False,0,31.646706586826344,Moderate
CD015849_pub2_data__A30,CD015849,56,D,0.240468,0.90438,False,1,584,10.1002/14651858.CD015849.pub2,4,57.48502994011976,False,0,32.83433133732535,Moderate
CD015849_pub2_data__A31,CD015849,56,D,1.084172,0.50789,False,1,277,10.1002/14651858.CD015849.pub2,4,57.48502994011976,False,0,32.83433133732535,Moderate
CD013827_pub2_data__A14,CD013827,56,D,-0.143667,0.7371,False,4,768,10.1002/14651858.CD013827.pub2,5,63.57285429141717,False,0,32.47504990019961,Moderate
CD013105_pub2_data__A4,CD013105,56,D,-0.090226,0.676954,False,13,2240,10.1002/14651858.CD013105.pub2,1,26.34730538922156,False,0,13.992015968063875,Low Stakes
CD005187_pub6_data__A3,CD005187,56,D,0.025607,0.838839,False,2,5189,10.1002/14651858.CD005187.pub6,1,26.34730538922156,False,0,12.574850299401199,Low Stakes
CD004762_pub3_data__A4,CD004762,56,D,-0.018712,0.982756,False,6,371,10.1002/14651858.CD004762.pub3,0,9.68063872255489,False,0,5.908183632734531,Low Stakes
CD004762_pub3_data__A5,CD004762,56,D,0.0,1.0,False,2,168,10.1002/14651858.CD004762.pub3,0,9.68063872255489,False,0,5.908183632734531,Low Stakes
CD014861_pub2_data__A10,CD014861,56,D,-0.354545,0.658443,False,7,392,10.1002/14651858.CD014861.pub2,1,26.34730538922156,False,0,16.497005988023954,Low Stakes
CD014861_pub2_data__A2,CD014861,56,D,-0.140305,0.924038,False,2,121,10.1002/14651858.CD014861.pub2,1,26.34730538922156,False,0,16.497005988023954,Low Stakes
CD015160_pub2_data__A2,CD015160,56,D,0.386525,0.231456,False,11,1384,10.1002/14651858.CD015160.pub2,7,73.05389221556887,False,0,32.6746506986028,Moderate
CD015160_pub2_data__A3,CD015160,56,D,0.534406,0.447424,False,6,462,10.1002/14651858.CD015160.pub2,7,73.05389221556887,False,0,32.6746506986028,Moderate
CD015160_pub2_data__A6,CD015160,56,D,0.879726,0.350007,False,5,402,10.1002/14651858.CD015160.pub2,7,73.05389221556887,False,0,32.6746506986028,Moderate
CD004871_pub5_data__A1,CD004871,56,D,-0.032146,0.936117,False,26,1497,10.1002/14651858.CD004871.pub5,6,68.76247504990019,False,0,34.55089820359281,Moderate
CD004871_pub5_data__A13,CD004871,56,D,-0.013716,0.987423,False,6,235,10.1002/14651858.CD004871.pub5,6,68.76247504990019,False,0,34.55089820359281,Moderate
CD014541_pub2_data__A10,CD014541,56,D,-0.313855,0.422161,False,2,12014,10.1002/14651858.CD014541.pub2,1,26.34730538922156,False,0,19.9500998003992,Low Stakes
CD015213_pub2_data__A14,CD015213,56,D,0.0,1.0,False,2,160,10.1002/14651858.CD015213.pub2,6,68.76247504990019,False,0,34.55089820359281,Moderate
CD014852_pub2_data__A16,CD014852,56,D,-0.297783,0.397154,False,7,1423,10.1002/14651858.CD014852.pub2,4,57.48502994011976,False,0,32.405189620758485,Moderate
CD014852_pub2_data__A17,CD014852,56,D,-0.395811,0.179254,False,7,5398,10.1002/14651858.CD014852.pub2,4,57.48502994011976,False,0,32.405189620758485,Moderate
CD015849_pub2_data__A42,CD015849,56,D,-0.012308,0.995097,False,1,324,10.1002/14651858.CD015849.pub2,4,57.48502994011976,False,0,32.83433133732535,Moderate
CD011806_pub2_data__A1,CD011806,56,D,0.293492,0.710191,False,7,327,10.1002/14651858.CD011806.pub2,13,88.32335329341318,False,0,43.45309381237525,Moderate
CD013331_pub2_data__A4,CD013331,56,D,0.127721,0.917893,False,5,218,10.1002/14651858.CD013331.pub2,6,68.76247504990019,False,0,30.209580838323348,Moderate
CD013342_pub2_data__A12,CD013342,56,D,-0.143789,0.857692,False,7,445,10.1002/14651858.CD013342.pub2,9,79.84031936127745,False,0,38.39321357285429,Moderate
CD013295_pub2_data__A10,CD013295,56,D,0.05923,0.851894,False,8,450,10.1002/14651858.CD013295.pub2,17,94.61077844311377,False,0,43.0938123752495,Moderate
CD013295_pub2_data__A3,CD013295,56,D,-0.086461,0.479778,False,108,9313,10.1002/14651858.CD013295.pub2,17,94.61077844311377,False,0,43.0938123752495,Moderate
CD015746_pub2_data__A2,CD015746,56,D,-0.361341,0.044338,True,27,456421,10.1002/14651858.CD015746.pub2,1,26.34730538922156,False,0,11.876247504990022,Low Stakes
CD015746_pub2_data__A3,CD015746,56,D,-0.416939,0.03176,True,18,308639,10.1002/14651858.CD015746.pub2,1,26.34730538922156,False,0,11.876247504990022,Low Stakes
CD002115_pub6_data__A6,CD002115,56,D,-0.059052,0.941218,False,7,405,10.1002/14651858.CD002115.pub6,0,9.68063872255489,False,0,9.830339321357286,Low Stakes
CD013295_pub2_data__A6,CD013295,56,D,-0.073949,0.613636,False,124,10927,10.1002/14651858.CD013295.pub2,17,94.61077844311377,False,0,43.0938123752495,Moderate
CD013295_pub2_data__A7,CD013295,56,D,0.001043,0.995932,False,87,8078,10.1002/14651858.CD013295.pub2,17,94.61077844311377,False,0,43.0938123752495,Moderate
CD011793_pub3_data__A9,CD011793,56,D,0.062838,0.971789,False,2,492,10.1002/14651858.CD011793.pub3,9,79.84031936127745,False,0,38.982035928143716,Moderate
CD007639_pub3_data__A3,CD007639,56,D,-0.250366,0.426624,False,17,1603,10.1002/14651858.CD007639.pub3,2,39.12175648702595,False,0,22.994011976047904,Low Stakes
CD013294_pub2_data__A4,CD013294,56,D,-0.037356,0.95492,False,10,415,10.1002/14651858.CD013294.pub2,10,82.83433133732535,True,0,59.92015968063872,Red Flag
CD013294_pub2_data__A6,CD013294,56,D,-0.033979,0.956884,False,11,437,10.1002/14651858.CD013294.pub2,10,82.83433133732535,True,0,59.92015968063872,Red Flag
CD013232_pub2_data__A2,CD013232,56,D,-0.150605,0.537662,False,32,1459,10.1002/14651858.CD013232.pub2,4,57.48502994011976,False,0,31.477045908183634,Moderate
CD011793_pub3_data__A11,CD011793,56,D,0.005155,0.995716,False,5,297,10.1002/14651858.CD011793.pub3,9,79.84031936127745,False,0,38.982035928143716,Moderate
CD011793_pub3_data__A2,CD011793,56,D,0.003766,0.995411,False,10,1043,10.1002/14651858.CD011793.pub3,9,79.84031936127745,False,0,38.982035928143716,Moderate
CD016120_data__A10,CD016120,56,D,-0.075458,0.846011,False,1,116,10.1002/14651858.CD016120,2,39.12175648702595,False,0,24.5309381237525,Low Stakes
CD016120_data__A15,CD016120,56,D,0.022728,0.990984,False,1,87,10.1002/14651858.CD016120,2,39.12175648702595,False,0,24.5309381237525,Low Stakes
CD016120_data__A16,CD016120,56,D,-0.005209,0.997667,False,2,207,10.1002/14651858.CD016120,2,39.12175648702595,False,0,24.5309381237525,Low Stakes
CD014852_pub2_data__A20,CD014852,56,D,-0.431606,0.330655,False,4,4411,10.1002/14651858.CD014852.pub2,4,57.48502994011976,False,0,32.405189620758485,Moderate
CD014852_pub2_data__A3,CD014852,56,D,-0.409084,0.23813,False,14,1169,10.1002/14651858.CD014852.pub2,4,57.48502994011976,False,0,32.405189620758485,Moderate
CD014541_pub2_data__A21,CD014541,56,D,0.085979,0.393887,False,1,5963,10.1002/14651858.CD014541.pub2,1,26.34730538922156,False,0,19.9500998003992,Low Stakes
CD014541_pub2_data__A23,CD014541,56,D,-0.485791,0.002461,False,1,4995,10.1002/14651858.CD014541.pub2,1,26.34730538922156,False,0,19.9500998003992,Low Stakes
CD014541_pub2_data__A24,CD014541,56,D,-0.352606,0.005691,False,1,7513,10.1002/14651858.CD014541.pub2,1,26.34730538922156,False,0,19.9500998003992,Low Stakes
CD014541_pub2_data__A25,CD014541,56,D,-0.365143,0.001369,False,1,7513,10.1002/14651858.CD014541.pub2,1,26.34730538922156,False,0,19.9500998003992,Low Stakes
CD014541_pub2_data__A28,CD014541,56,D,-0.683532,0.576877,False,1,4995,10.1002/14651858.CD014541.pub2,1,26.34730538922156,False,0,19.9500998003992,Low Stakes
CD015326_pub2_data__A31,CD015326,56,D,-0.036704,0.983513,False,2,672,10.1002/14651858.CD015326.pub2,1,26.34730538922156,False,0,20.259481037924154,Low Stakes
CD012067_pub3_data__A7,CD012067,56,D,-0.301721,0.289298,False,14,3452,10.1002/14651858.CD012067.pub3,0,9.68063872255489,False,0,12.86427145708583,Low Stakes
CD014833_pub2_data__A8,CD014833,56,D,0.454754,0.152675,False,5,1062,10.1002/14651858.CD014833.pub2,0,9.68063872255489,False,0,10.658682634730539,Low Stakes
CD015849_pub2_data__A38,CD015849,56,D,0.015142,0.962895,False,2,601,10.1002/14651858.CD015849.pub2,4,57.48502994011976,False,0,32.83433133732535,Moderate
CD016120_data__A3,CD016120,56,D,-0.134263,0.527632,False,2,3077,10.1002/14651858.CD016120,2,39.12175648702595,False,0,24.5309381237525,Low Stakes
CD016120_data__A5,CD016120,56,D,0.0,1.0,False,2,246,10.1002/14651858.CD016120,2,39.12175648702595,False,0,24.5309381237525,Low Stakes
CD016120_data__A19,CD016120,56,D,-0.028229,0.988741,False,1,2408,10.1002/14651858.CD016120,2,39.12175648702595,False,0,24.5309381237525,Low Stakes
CD011778_pub2_data__A1,CD011778,56,D,-0.001243,0.996736,False,45,1745,10.1002/14651858.CD011778.pub2,9,79.84031936127745,False,0,37.18562874251498,Moderate
CD011778_pub2_data__A5,CD011778,56,D,0.001116,0.99717,False,42,1685,10.1002/14651858.CD011778.pub2,9,79.84031936127745,False,0,37.18562874251498,Moderate
CD011039_pub2_data__A5,CD011039,56,D,-0.29287,0.584528,False,5,330,10.1002/14651858.CD011039.pub2,2,39.12175648702595,False,0,20.898203592814372,Low Stakes
CD011039_pub2_data__A7,CD011039,56,D,-1.003714,0.050742,False,1,70,10.1002/14651858.CD011039.pub2,2,39.12175648702595,False,0,20.898203592814372,Low Stakes
CD011039_pub2_data__A8,CD011039,56,D,0.065597,0.970731,False,2,120,10.1002/14651858.CD011039.pub2,2,39.12175648702595,False,0,20.898203592814372,Low Stakes
CD011039_pub2_data__A9,CD011039,56,D,0.032761,0.969777,False,6,390,10.1002/14651858.CD011039.pub2,2,39.12175648702595,False,0,20.898203592814372,Low Stakes
CD014941_pub2_data__A10,CD014941,56,D,1.232056,0.009193,True,4,809,10.1002/14651858.CD014941.pub2,7,73.05389221556887,False,0,37.70459081836327,Moderate
CD015331_pub2_data__A67,CD015331,56,D,1.133949,0.305181,False,2,92,10.1002/14651858.CD015331.pub2,2,39.12175648702595,False,0,25.64870259481038,Low Stakes
CD015331_pub2_data__A8,CD015331,56,D,0.81535,0.00866,True,9,522,10.1002/14651858.CD015331.pub2,2,39.12175648702595,False,0,25.64870259481038,Low Stakes
CD013344_pub2_data__A11,CD013344,56,D,0.23582,0.448985,False,7,476,10.1002/14651858.CD013344.pub2,8,76.14770459081836,False,0,37.80439121756487,Moderate
CD013344_pub2_data__A13,CD013344,56,D,1.098612,0.509136,False,1,39,10.1002/14651858.CD013344.pub2,8,76.14770459081836,False,0,37.80439121756487,Moderate
CD013344_pub2_data__A15,CD013344,56,D,1.814455,0.292916,False,2,193,10.1002/14651858.CD013344.pub2,8,76.14770459081836,False,0,37.80439121756487,Moderate
CD014937_pub2_data__A2,CD014937,56,D,0.001644,0.985738,False,46,6710,10.1002/14651858.CD014937.pub2,3,49.101796407185624,False,0,28.353293413173652,Low Stakes
CD013358_pub2_data__A10,CD013358,56,D,-0.189107,0.844068,False,5,424,10.1002/14651858.CD013358.pub2,2,39.12175648702595,False,0,24.13173652694611,Low Stakes
CD013358_pub2_data__A11,CD013358,56,D,-0.218254,0.820455,False,5,441,10.1002/14651858.CD013358.pub2,2,39.12175648702595,False,0,24.13173652694611,Low Stakes
CD013358_pub2_data__A19,CD013358,56,D,-0.146747,0.865979,False,6,325,10.1002/14651858.CD013358.pub2,2,39.12175648702595,False,0,24.13173652694611,Low Stakes
CD013800_pub2_data__A1,CD013800,56,D,-0.360159,0.842809,False,2,146,10.1002/14651858.CD013800.pub2,8,76.14770459081836,False,0,38.582834331337324,Moderate
CD003477_pub5_data__A2,CD003477,56,D,0.214956,0.580431,False,28,1250,10.1002/14651858.CD003477.pub5,8,76.14770459081836,False,0,33.91217564870259,Moderate
CD013800_pub2_data__A8,CD013800,56,D,-0.120821,0.418258,False,21,123784,10.1002/14651858.CD013800.pub2,8,76.14770459081836,False,0,38.582834331337324,Moderate
CD015331_pub2_data__A9,CD015331,56,D,0.815052,0.303327,False,2,99,10.1002/14651858.CD015331.pub2,2,39.12175648702595,False,0,25.64870259481038,Low Stakes
CD013353_pub2_data__A3,CD013353,56,D,0.0,1.0,False,7,280,10.1002/14651858.CD013353.pub2,8,76.14770459081836,True,0,53.163672654690615,Red Flag
CD013355_pub2_data__A3,CD013355,56,D,0.481655,0.451081,False,2,928,10.1002/14651858.CD013355.pub2,0,9.68063872255489,False,0,7.325349301397207,Low Stakes
CD013342_pub2_data__A8,CD013342,56,D,-0.14741,0.782301,False,8,364,10.1002/14651858.CD013342.pub2,9,79.84031936127745,False,0,38.39321357285429,Moderate
CD013342_pub2_data__A9,CD013342,56,D,-0.335694,0.566959,False,8,488,10.1002/14651858.CD013342.pub2,9,79.84031936127745,False,0,38.39321357285429,Moderate
CD013344_pub2_data__A1,CD013344,56,D,-0.62202,0.166924,False,14,2401,10.1002/14651858.CD013344.pub2,8,76.14770459081836,False,0,37.80439121756487,Moderate
CD016120_data__A20,CD016120,56,D,-0.028229,0.988741,False,1,2408,10.1002/14651858.CD016120,2,39.12175648702595,False,0,24.5309381237525,Low Stakes
CD016120_data__A21,CD016120,56,D,-0.028229,0.988741,False,1,2408,10.1002/14651858.CD016120,2,39.12175648702595,False,0,24.5309381237525,Low Stakes
CD016120_data__A22,CD016120,56,D,-0.028229,0.988741,False,1,2408,10.1002/14651858.CD016120,2,39.12175648702595,False,0,24.5309381237525,Low Stakes
CD016120_data__A23,CD016120,56,D,-0.028229,0.988741,False,1,2408,10.1002/14651858.CD016120,2,39.12175648702595,False,0,24.5309381237525,Low Stakes
CD014844_pub2_data__A4,CD014844,56,D,1.10155,0.500051,False,1,3404,10.1002/14651858.CD014844.pub2,0,9.68063872255489,False,0,10.32934131736527,Low Stakes
CD014844_pub2_data__A5,CD014844,56,D,0.002349,0.999063,False,1,3404,10.1002/14651858.CD014844.pub2,0,9.68063872255489,False,0,10.32934131736527,Low Stakes
CD014820_pub2_data__A5,CD014820,56,D,0.161428,0.153585,False,44,9583,10.1002/14651858.CD014820.pub2,1,26.34730538922156,False,0,15.788423153692616,Low Stakes
CD014833_pub2_data__A10,CD014833,56,D,0.0,1.0,False,1,168,10.1002/14651858.CD014833.pub2,0,9.68063872255489,False,0,10.658682634730539,Low Stakes
CD014833_pub2_data__A11,CD014833,56,D,0.259511,0.898404,False,1,30,10.1002/14651858.CD014833.pub2,0,9.68063872255489,False,0,10.658682634730539,Low Stakes
CD001321_pub7_data__A5,CD001321,56,D,0.314399,0.272738,False,10,2166,10.1002/14651858.CD001321.pub7,9,79.84031936127745,False,0,33.97205588822356,Moderate
CD011039_pub2_data__A10,CD011039,56,D,0.065597,0.974047,False,1,60,10.1002/14651858.CD011039.pub2,2,39.12175648702595,False,0,20.898203592814372,Low Stakes
CD013781_pub2_data__A5,CD013781,56,D,-0.13915,0.212268,False,41,6497,10.1002/14651858.CD013781.pub2,1,26.34730538922156,False,0,19.80039920159681,Low Stakes
CD006140_pub3_data__A2,CD006140,56,D,-0.925747,0.023179,True,5,608,10.1002/14651858.CD006140.pub3,0,9.68063872255489,False,0,12.355289421157686,Low Stakes
CD006182_pub3_data__A3,CD006182,56,D,0.273413,0.056186,False,13,1701,10.1002/14651858.CD006182.pub3,1,26.34730538922156,False,0,15.179640718562876,Low Stakes
CD006182_pub3_data__A5,CD006182,56,D,0.077659,0.713049,False,3,819,10.1002/14651858.CD006182.pub3,1,26.34730538922156,False,0,15.179640718562876,Low Stakes
CD013358_pub2_data__A7,CD013358,56,D,0.04014,0.96301,False,6,415,10.1002/14651858.CD013358.pub2,2,39.12175648702595,False,0,24.13173652694611,Low Stakes
CD011626_pub3_data__A6,CD011626,56,D,-0.047623,0.965338,False,4,213,10.1002/14651858.CD011626.pub3,2,39.12175648702595,False,0,19.10179640718563,Low Stakes
CD015140_pub2_data__A15,CD015140,56,D,-0.395641,0.826784,False,2,400,10.1002/14651858.CD015140.pub2,0,9.68063872255489,False,0,11.806387225548903,Low Stakes
CD014959_pub2_data__A6,CD014959,56,D,-0.328478,0.797313,False,2,684,10.1002/14651858.CD014959.pub2,4,57.48502994011976,False,0,30.618762475049902,Moderate
CD004667_pub6_data__A16,CD004667,56,D,0.429604,0.21965,False,1,1195,10.1002/14651858.CD004667.pub6,64,99.8003992015968,False,0,48.21357285429142,Moderate
CD006185_pub6_data__A7,CD006185,56,D,-0.104059,0.349626,False,101,4224,10.1002/14651858.CD006185.pub6,4,57.48502994011976,False,0,27.135728542914173,Low Stakes
CD009730_pub3_data__A1,CD009730,56,D,-0.161806,0.6066,False,32,2199,10.1002/14651858.CD009730.pub3,1,26.34730538922156,False,0,17.884231536926148,Low Stakes
CD015140_pub2_data__A10,CD015140,56,D,-0.119385,0.525268,False,13,1301,10.1002/14651858.CD015140.pub2,0,9.68063872255489,False,0,11.806387225548903,Low Stakes
CD016120_data__A6,CD016120,56,D,-0.004043,0.992462,False,1,2990,10.1002/14651858.CD016120,2,39.12175648702595,False,0,24.5309381237525,Low Stakes
CD016120_data__A7,CD016120,56,D,0.0,1.0,False,2,246,10.1002/14651858.CD016120,2,39.12175648702595,False,0,24.5309381237525,Low Stakes
CD016120_data__A9,CD016120,56,D,-0.004012,0.9984,False,1,2990,10.1002/14651858.CD016120,2,39.12175648702595,False,0,24.5309381237525,Low Stakes
CD012942_pub2_data__A11,CD012942,56,D,-0.798993,0.689872,False,1,497,10.1002/14651858.CD012942.pub2,5,63.57285429141717,False,0,31.3872255489022,Moderate
CD015849_pub2_data__A44,CD015849,56,D,-0.040479,0.981799,False,2,2482,10.1002/14651858.CD015849.pub2,4,57.48502994011976,False,0,32.83433133732535,Moderate
CD015849_pub2_data__A45,CD015849,56,D,1.084172,0.50789,False,1,277,10.1002/14651858.CD015849.pub2,4,57.48502994011976,False,0,32.83433133732535,Moderate
CD015849_pub2_data__A47,CD015849,56,D,0.027936,0.987448,False,2,587,10.1002/14651858.CD015849.pub2,4,57.48502994011976,False,0,32.83433133732535,Moderate
CD015849_pub2_data__A49,CD015849,56,D,-0.195072,0.208649,False,1,2158,10.1002/14651858.CD015849.pub2,4,57.48502994011976,False,0,32.83433133732535,Moderate
CD014541_pub2_data__A6,CD014541,56,D,-0.276409,0.383705,False,2,12019,10.1002/14651858.CD014541.pub2,1,26.34730538922156,False,0,19.9500998003992,Low Stakes
CD014541_pub2_data__A7,CD014541,56,D,-0.28141,0.375716,False,2,12019,10.1002/14651858.CD014541.pub2,1,26.34730538922156,False,0,19.9500998003992,Low Stakes
CD014541_pub2_data__A9,CD014541,56,D,-0.201431,0.487903,False,2,11200,10.1002/14651858.CD014541.pub2,1,26.34730538922156,False,0,19.9500998003992,Low Stakes
CD014844_pub2_data__A2,CD014844,56,D,0.186475,0.595544,False,1,3404,10.1002/14651858.CD014844.pub2,0,9.68063872255489,False,0,10.32934131736527,Low Stakes
CD014844_pub2_data__A3,CD014844,56,D,-0.089781,0.767583,False,1,3404,10.1002/14651858.CD014844.pub2,0,9.68063872255489,False,0,10.32934131736527,Low Stakes
CD006404_pub5_data__A15,CD006404,56,D,0.031388,0.960231,False,2,558,10.1002/14651858.CD006404.pub5,0,9.68063872255489,False,0,11.996007984031937,Low Stakes
CD006404_pub5_data__A18,CD006404,56,D,-0.471564,0.753671,False,2,732,10.1002/14651858.CD006404.pub5,0,9.68063872255489,False,0,11.996007984031937,Low Stakes
CD013781_pub2_data__A1,CD013781,56,D,-0.316415,0.000358,True,73,9940,10.1002/14651858.CD013781.pub2,1,26.34730538922156,False,0,19.80039920159681,Low Stakes
CD003218_pub3_data__A2,CD003218,56,D,0.042611,0.964745,False,5,219,10.1002/14651858.CD003218.pub3,0,9.68063872255489,False,0,5.908183632734531,Low Stakes
CD003218_pub3_data__A3,CD003218,56,D,0.069505,0.969359,False,2,48,10.1002/14651858.CD003218.pub3,0,9.68063872255489,False,0,5.908183632734531,Low Stakes
CD003218_pub3_data__A4,CD003218,56,D,0.068773,0.969521,False,2,66,10.1002/14651858.CD003218.pub3,0,9.68063872255489,False,0,5.908183632734531,Low Stakes
CD003218_pub3_data__A5,CD003218,56,D,0.022895,0.979014,False,6,242,10.1002/14651858.CD003218.pub3,0,9.68063872255489,False,0,5.908183632734531,Low Stakes
CD009730_pub3_data__A15,CD009730,56,D,-0.678069,0.321074,False,5,232,10.1002/14651858.CD009730.pub3,1,26.34730538922156,False,0,17.884231536926148,Low Stakes
CD009730_pub3_data__A4,CD009730,56,D,-0.09385,0.868968,False,13,1247,10.1002/14651858.CD009730.pub3,1,26.34730538922156,False,0,17.884231536926148,Low Stakes
CD013781_pub2_data__A20,CD013781,56,D,-1.01123,0.379707,False,2,161,10.1002/14651858.CD013781.pub2,1,26.34730538922156,False,0,19.80039920159681,Low Stakes
CD013781_pub2_data__A23,CD013781,56,D,0.150384,0.528065,False,1,335,10.1002/14651858.CD013781.pub2,1,26.34730538922156,False,0,19.80039920159681,Low Stakes
CD013781_pub2_data__A24,CD013781,56,D,0.427771,0.14358,False,1,335,10.1002/14651858.CD013781.pub2,1,26.34730538922156,False,0,19.80039920159681,Low Stakes
CD013781_pub2_data__A26,CD013781,56,D,0.0,1.0,False,1,30,10.1002/14651858.CD013781.pub2,1,26.34730538922156,False,0,19.80039920159681,Low Stakes
CD013774_pub2_data__A2,CD013774,56,D,-0.192282,0.883222,False,3,1120,10.1002/14651858.CD013774.pub2,8,76.14770459081836,False,0,35.70858283433134,Moderate
CD013358_pub2_data__A8,CD013358,56,D,0.344604,0.655573,False,7,434,10.1002/14651858.CD013358.pub2,2,39.12175648702595,False,0,24.13173652694611,Low Stakes
CD006185_pub6_data__A2,CD006185,56,D,0.16495,0.20203,False,153,6653,10.1002/14651858.CD006185.pub6,4,57.48502994011976,False,0,27.135728542914173,Low Stakes
CD014833_pub2_data__A13,CD014833,56,D,0.86483,0.01776,False,1,129,10.1002/14651858.CD014833.pub2,0,9.68063872255489,False,0,10.658682634730539,Low Stakes
CD014833_pub2_data__A2,CD014833,56,D,-1.167198,0.285183,False,2,142,10.1002/14651858.CD014833.pub2,0,9.68063872255489,False,0,10.658682634730539,Low Stakes
CD014833_pub2_data__A5,CD014833,56,D,0.071386,0.968019,False,2,276,10.1002/14651858.CD014833.pub2,0,9.68063872255489,False,0,10.658682634730539,Low Stakes
CD014833_pub2_data__A6,CD014833,56,D,0.0,1.0,False,1,100,10.1002/14651858.CD014833.pub2,0,9.68063872255489,False,0,10.658682634730539,Low Stakes
CD002243_pub5_data__A16,CD002243,56,D,-0.019433,0.957418,False,31,16954,10.1002/14651858.CD002243.pub5,0,9.68063872255489,False,0,12.355289421157686,Low Stakes
CD006404_pub5_data__A6,CD006404,56,D,0.040365,0.897667,False,21,6413,10.1002/14651858.CD006404.pub5,0,9.68063872255489,False,0,11.996007984031937,Low Stakes
CD013745_pub2_data__A5,CD013745,56,D,-0.018259,0.910826,False,4,2779,10.1002/14651858.CD013745.pub2,1,26.34730538922156,False,0,13.992015968063875,Low Stakes
CD007130_pub5_data__A7,CD007130,56,D,-0.371005,0.671112,False,6,429,10.1002/14651858.CD007130.pub5,51,99.60079840319361,False,0,45.79840319361277,Moderate
CD010856_pub3_data__A6,CD010856,56,D,-0.34653,0.578424,False,11,24142,10.1002/14651858.CD010856.pub3,16,93.21357285429141,False,0,43.74251497005989,Moderate
CD010856_pub3_data__A7,CD010856,56,D,-0.093071,0.874931,False,12,43240,10.1002/14651858.CD010856.pub3,16,93.21357285429141,False,0,43.74251497005989,Moderate
CD009022_pub4_data__A9,CD009022,56,D,0.096506,0.838091,False,5,499,10.1002/14651858.CD009022.pub4,0,9.68063872255489,False,0,10.658682634730539,Low Stakes
CD001396_pub4_data__A1,CD001396,56,D,-0.331326,0.099054,False,49,5351,10.1002/14651858.CD001396.pub4,5,63.57285429141717,False,0,33.72255489021957,Moderate
CD013414_pub2_data__A4,CD013414,56,D,0.378459,0.069711,False,13,22356,10.1002/14651858.CD013414.pub2,8,76.14770459081836,False,0,35.70858283433134,Moderate
CD006404_pub5_data__A19,CD006404,56,D,0.304035,0.812629,False,2,732,10.1002/14651858.CD006404.pub5,0,9.68063872255489,False,0,11.996007984031937,Low Stakes
CD013763_pub3_data__A10,CD013763,56,D,0.0,1.0,False,6,396,10.1002/14651858.CD013763.pub3,10,82.83433133732535,True,0,60.17964071856287,Red Flag
CD013763_pub3_data__A11,CD013763,56,D,0.140038,0.474605,False,33,2009,10.1002/14651858.CD013763.pub3,10,82.83433133732535,True,0,60.17964071856287,Red Flag
CD015387_pub2_data__A2,CD015387,56,D,0.155874,0.049516,True,8,3857,10.1002/14651858.CD015387.pub2,3,49.101796407185624,False,0,24.281437125748504,Low Stakes
CD013731_pub2_data__A1,CD013731,56,D,-0.197474,0.75464,False,6,364,10.1002/14651858.CD013731.pub2,6,68.76247504990019,False,0,28.842315369261474,Low Stakes
CD013745_pub2_data__A1,CD013745,56,D,0.091475,0.719176,False,9,13350,10.1002/14651858.CD013745.pub2,1,26.34730538922156,False,0,13.992015968063875,Low Stakes
CD013745_pub2_data__A2,CD013745,56,D,-0.452704,0.282913,False,7,5703,10.1002/14651858.CD013745.pub2,1,26.34730538922156,False,0,13.992015968063875,Low Stakes
CD012850_pub2_data__A6,CD012850,56,D,-0.18943,0.720984,False,5,176,10.1002/14651858.CD012850.pub2,19,96.10778443113772,False,0,47.85429141716567,Moderate
CD015326_pub2_data__A27,CD015326,56,D,0.036357,0.983779,False,2,112,10.1002/14651858.CD015326.pub2,1,26.34730538922156,False,0,20.259481037924154,Low Stakes
CD014541_pub2_data__A5,CD014541,56,D,-1.250746,0.001858,False,1,4995,10.1002/14651858.CD014541.pub2,1,26.34730538922156,False,0,19.9500998003992,Low Stakes
CD012905_pub2_data__A5,CD012905,56,D,-0.008,0.993363,False,5,351,10.1002/14651858.CD012905.pub2,2,39.12175648702595,False,0,19.79041916167665,Low Stakes
CD015849_pub2_data__A36,CD015849,56,D,0.037321,0.983233,False,2,572,10.1002/14651858.CD015849.pub2,4,57.48502994011976,False,0,32.83433133732535,Moderate
CD015849_pub2_data__A37,CD015849,56,D,-0.021584,0.991405,False,1,277,10.1002/14651858.CD015849.pub2,4,57.48502994011976,False,0,32.83433133732535,Moderate
CD001703_pub4_data__A3,CD001703,56,D,0.027213,0.989181,False,1,146,10.1002/14651858.CD001703.pub4,1,26.34730538922156,False,0,19.80039920159681,Low Stakes
CD001703_pub4_data__A5,CD001703,56,D,0.086075,0.965855,False,1,92,10.1002/14651858.CD001703.pub4,1,26.34730538922156,False,0,19.80039920159681,Low Stakes
CD001703_pub4_data__A7,CD001703,56,D,0.027213,0.989181,False,1,146,10.1002/14651858.CD001703.pub4,1,26.34730538922156,False,0,19.80039920159681,Low Stakes
CD001703_pub4_data__A9,CD001703,56,D,0.086075,0.965855,False,1,92,10.1002/14651858.CD001703.pub4,1,26.34730538922156,False,0,19.80039920159681,Low Stakes
CD012757_pub2_data__A5,CD012757,56,D,-2.549701,0.088655,False,1,70,10.1002/14651858.CD012757.pub2,3,49.101796407185624,False,0,24.890219560878243,Low Stakes
CD014833_pub2_data__A12,CD014833,56,D,-0.048202,0.980887,False,1,82,10.1002/14651858.CD014833.pub2,0,9.68063872255489,False,0,10.658682634730539,Low Stakes
CD009235_pub4_data__A4,CD009235,56,D,0.009428,0.981175,False,26,2094,10.1002/14651858.CD009235.pub4,1,26.34730538922156,False,0,19.25149700598803,Low Stakes
CD015432_pub2_data__A10,CD015432,56,D,-0.011996,0.979822,False,7,441,10.1002/14651858.CD015432.pub2,5,63.57285429141717,False,0,32.774451097804395,Moderate
CD015432_pub2_data__A12,CD015432,56,D,-0.02738,0.977204,False,5,429,10.1002/14651858.CD015432.pub2,5,63.57285429141717,False,0,32.774451097804395,Moderate
CD015432_pub2_data__A2,CD015432,56,D,0.133659,0.580744,False,17,1196,10.1002/14651858.CD015432.pub2,5,63.57285429141717,False,0,32.774451097804395,Moderate
CD015432_pub2_data__A4,CD015432,56,D,-0.250419,0.404532,False,7,487,10.1002/14651858.CD015432.pub2,5,63.57285429141717,False,0,32.774451097804395,Moderate
CD015432_pub2_data__A5,CD015432,56,D,0.031899,0.96806,False,7,397,10.1002/14651858.CD015432.pub2,5,63.57285429141717,False,0,32.774451097804395,Moderate
CD013715_pub2_data__A14,CD013715,56,D,0.789393,0.168638,False,7,488,10.1002/14651858.CD013715.pub2,0,9.68063872255489,False,0,12.754491017964073,Low Stakes
CD013715_pub2_data__A16,CD013715,56,D,0.163127,0.810308,False,9,358,10.1002/14651858.CD013715.pub2,0,9.68063872255489,False,0,12.754491017964073,Low Stakes
CD013715_pub2_data__A18,CD013715,56,D,0.115177,0.780214,False,6,448,10.1002/14651858.CD013715.pub2,0,9.68063872255489,False,0,12.754491017964073,Low Stakes
CD013715_pub2_data__A6,CD013715,56,D,0.819341,0.142693,False,5,302,10.1002/14651858.CD013715.pub2,0,9.68063872255489,False,0,12.754491017964073,Low Stakes
CD009235_pub4_data__A5,CD009235,56,D,0.002894,0.996123,False,12,1090,10.1002/14651858.CD009235.pub4,1,26.34730538922156,False,0,19.25149700598803,Low Stakes
CD009235_pub4_data__A6,CD009235,56,D,0.013248,0.971104,False,31,2547,10.1002/14651858.CD009235.pub4,1,26.34730538922156,False,0,19.25149700598803,Low Stakes
CD016148_data__A3,CD016148,56,D,-0.114041,0.607959,False,12,5099,10.1002/14651858.CD016148,3,49.101796407185624,False,0,23.78243512974052,Low Stakes
CD009102_pub2_data__A11,CD009102,56,D,0.077846,0.762419,False,2,507,10.1002/14651858.CD009102.pub2,4,57.48502994011976,True,0,49.45109780439121,Moderate
CD003216_pub3_data__A2,CD003216,56,D,0.274267,0.368699,False,15,932,10.1002/14651858.CD003216.pub3,18,95.50898203592814,False,0,42.34530938123752,Moderate
CD013719_pub2_data__A2,CD013719,56,D,0.061575,0.823791,False,24,2712,10.1002/14651858.CD013719.pub2,13,88.32335329341318,True,0,61.786427145708586,Red Flag
CD004508_pub5_data__A13,CD004508,56,D,-1.75332,0.243826,False,2,183,10.1002/14651858.CD004508.pub5,1,26.34730538922156,False,0,18.16367265469062,Low Stakes
CD004508_pub5_data__A17,CD004508,56,D,0.013889,0.994478,False,1,143,10.1002/14651858.CD004508.pub5,1,26.34730538922156,False,0,18.16367265469062,Low Stakes
CD009235_pub4_data__A14,CD009235,56,D,-0.002622,0.99264,False,51,3929,10.1002/14651858.CD009235.pub4,1,26.34730538922156,False,0,19.25149700598803,Low Stakes
CD004736_pub6_data__A34,CD004736,56,D,0.395537,0.109916,False,32,22472,10.1002/14651858.CD004736.pub6,14,90.31936127744511,False,0,46.10778443113773,Moderate
CD012214_pub3_data__A3,CD012214,56,D,-0.146225,0.845425,False,6,287,10.1002/14651858.CD012214.pub3,4,57.48502994011976,False,0,25.02994011976048,Low Stakes
CD012693_pub3_data__A28,CD012693,56,D,-0.253359,0.293371,False,12,511,10.1002/14651858.CD012693.pub3,12,86.42714570858283,False,0,44.141716566866265,Moderate
CD012693_pub3_data__A32,CD012693,56,D,-0.649359,0.336229,False,6,297,10.1002/14651858.CD012693.pub3,12,86.42714570858283,False,0,44.141716566866265,Moderate
CD014585_pub2_data__A6,CD014585,56,D,-0.656874,0.723414,False,2,1149,10.1002/14651858.CD014585.pub2,2,39.12175648702595,False,0,18.353293413173652,Low Stakes
CD001797_pub4_data__A4,CD001797,56,D,-0.13019,0.870778,False,7,318,10.1002/14651858.CD001797.pub4,6,68.76247504990019,False,0,32.75449101796407,Moderate
CD015284_pub2_data__A8,CD015284,56,D,0.102597,0.906077,False,6,366,10.1002/14651858.CD015284.pub2,2,39.12175648702595,False,0,25.309381237524953,Low Stakes
CD014820_pub2_data__A4,CD014820,56,D,-0.153878,0.382193,False,61,13116,10.1002/14651858.CD014820.pub2,1,26.34730538922156,False,0,15.788423153692616,Low Stakes
CD015284_pub2_data__A13,CD015284,56,D,-0.095208,0.905091,False,7,494,10.1002/14651858.CD015284.pub2,2,39.12175648702595,False,0,25.309381237524953,Low Stakes
CD012693_pub3_data__A35,CD012693,56,D,-0.020019,0.981569,False,6,297,10.1002/14651858.CD012693.pub3,12,86.42714570858283,False,0,44.141716566866265,Moderate
CD008176_pub3_data__A17,CD008176,56,D,0.051622,0.900915,False,15,1521,10.1002/14651858.CD008176.pub3,13,88.32335329341318,False,0,44.740518962075846,Moderate
CD009235_pub4_data__A17,CD009235,56,D,-0.002622,0.99264,False,51,3929,10.1002/14651858.CD009235.pub4,1,26.34730538922156,False,0,19.25149700598803,Low Stakes
CD009235_pub4_data__A20,CD009235,56,D,-0.002622,0.99264,False,51,3929,10.1002/14651858.CD009235.pub4,1,26.34730538922156,False,0,19.25149700598803,Low Stakes
CD001703_pub4_data__A17,CD001703,56,D,-0.246618,0.892756,False,2,71,10.1002/14651858.CD001703.pub4,1,26.34730538922156,False,0,19.80039920159681,Low Stakes
CD001703_pub4_data__A18,CD001703,56,D,0.0,1.0,False,1,60,10.1002/14651858.CD001703.pub4,1,26.34730538922156,False,0,19.80039920159681,Low Stakes
CD008309_pub3_data__A11,CD008309,56,D,-0.896685,0.064776,False,6,436,10.1002/14651858.CD008309.pub3,8,76.14770459081836,True,0,59.87025948103792,Red Flag
CD008309_pub3_data__A12,CD008309,56,D,0.459389,0.249654,False,7,462,10.1002/14651858.CD008309.pub3,8,76.14770459081836,True,0,59.87025948103792,Red Flag
CD014758_pub3_data__A5,CD014758,56,D,-0.871713,0.648688,False,2,978,10.1002/14651858.CD014758.pub3,11,84.83033932135729,False,0,39.18163672654691,Moderate
CD014758_pub3_data__A6,CD014758,56,D,-0.871713,0.648688,False,2,978,10.1002/14651858.CD014758.pub3,11,84.83033932135729,False,0,39.18163672654691,Moderate
CD014758_pub3_data__A7,CD014758,56,D,-0.038679,0.982617,False,2,722,10.1002/14651858.CD014758.pub3,11,84.83033932135729,False,0,39.18163672654691,Moderate
CD015014_pub2_data__A18,CD015014,56,D,-0.089143,0.934763,False,4,1028,10.1002/14651858.CD015014.pub2,5,63.57285429141717,False,0,35.249500998003995,Moderate
CD013643_pub2_data__A8,CD013643,56,D,-0.156228,0.905359,False,3,241,10.1002/14651858.CD013643.pub2,3,49.101796407185624,False,0,26.686626746506988,Low Stakes
CD015448_pub2_data__A4,CD015448,56,D,0.019824,0.985513,False,4,500,10.1002/14651858.CD015448.pub2,11,84.83033932135729,False,0,37.38522954091817,Moderate
CD015448_pub2_data__A7,CD015448,56,D,0.034351,0.979091,False,3,584,10.1002/14651858.CD015448.pub2,11,84.83033932135729,False,0,37.38522954091817,Moderate
CD011330_pub2_data__A4,CD011330,56,D,-0.030672,0.963056,False,10,314,10.1002/14651858.CD011330.pub2,1,26.34730538922156,False,0,13.243512974051898,Low Stakes
CD013643_pub2_data__A6,CD013643,56,D,0.97071,0.293377,False,4,419,10.1002/14651858.CD013643.pub2,3,49.101796407185624,False,0,26.686626746506988,Low Stakes
CD015014_pub2_data__A10,CD015014,56,D,-0.473953,0.122303,False,8,1263,10.1002/14651858.CD015014.pub2,5,63.57285429141717,False,0,35.249500998003995,Moderate
CD015014_pub2_data__A11,CD015014,56,D,0.030016,0.981721,False,3,820,10.1002/14651858.CD015014.pub2,5,63.57285429141717,False,0,35.249500998003995,Moderate
CD015014_pub2_data__A12,CD015014,56,D,0.079823,0.941417,False,4,9968,10.1002/14651858.CD015014.pub2,5,63.57285429141717,False,0,35.249500998003995,Moderate
CD001703_pub4_data__A24,CD001703,56,D,-0.510826,0.806638,False,1,11,10.1002/14651858.CD001703.pub4,1,26.34730538922156,False,0,19.80039920159681,Low Stakes
CD014769_pub2_data__A19,CD014769,56,D,-0.046582,0.68307,False,2,18389,10.1002/14651858.CD014769.pub2,4,57.48502994011976,True,0,52.40518962075848,Red Flag
CD015014_pub2_data__A9,CD015014,56,D,-0.473953,0.122303,False,8,1263,10.1002/14651858.CD015014.pub2,5,63.57285429141717,False,0,35.249500998003995,Moderate
CD015033_pub2_data__A16,CD015033,56,D,0.015638,0.986988,False,5,416,10.1002/14651858.CD015033.pub2,10,82.83433133732535,False,0,42.01596806387226,Moderate
CD006606_pub5_data__A10,CD006606,56,D,-2.470998,0.257803,False,2,739,10.1002/14651858.CD006606.pub5,5,63.57285429141717,False,0,32.47504990019961,Moderate
CD006606_pub5_data__A11,CD006606,56,D,-0.37087,0.526461,False,2,739,10.1002/14651858.CD006606.pub5,5,63.57285429141717,False,0,32.47504990019961,Moderate
CD013643_pub2_data__A12,CD013643,56,D,-0.094381,0.931211,False,4,318,10.1002/14651858.CD013643.pub2,3,49.101796407185624,False,0,26.686626746506988,Low Stakes
CD015014_pub2_data__A38,CD015014,56,D,0.028719,0.978994,False,4,980,10.1002/14651858.CD015014.pub2,5,63.57285429141717,False,0,35.249500998003995,Moderate
CD008176_pub3_data__A20,CD008176,56,D,-0.118642,0.386919,False,23,2302,10.1002/14651858.CD008176.pub3,13,88.32335329341318,False,0,44.740518962075846,Moderate
CD015252_pub2_data__A8,CD015252,56,D,-0.954837,0.237315,False,4,731,10.1002/14651858.CD015252.pub2,10,82.83433133732535,False,0,37.77445109780439,Moderate
CD015252_pub2_data__A9,CD015252,56,D,-0.964928,0.234187,False,4,646,10.1002/14651858.CD015252.pub2,10,82.83433133732535,False,0,37.77445109780439,Moderate
CD001703_pub4_data__A10,CD001703,56,D,0.02527,0.988685,False,2,194,10.1002/14651858.CD001703.pub4,1,26.34730538922156,False,0,19.80039920159681,Low Stakes
CD001703_pub4_data__A11,CD001703,56,D,-0.067252,0.973287,False,1,118,10.1002/14651858.CD001703.pub4,1,26.34730538922156,False,0,19.80039920159681,Low Stakes
CD001703_pub4_data__A12,CD001703,56,D,-0.097638,0.96153,False,1,40,10.1002/14651858.CD001703.pub4,1,26.34730538922156,False,0,19.80039920159681,Low Stakes
CD001703_pub4_data__A14,CD001703,56,D,0.02527,0.988685,False,2,194,10.1002/14651858.CD001703.pub4,1,26.34730538922156,False,0,19.80039920159681,Low Stakes
CD001703_pub4_data__A15,CD001703,56,D,-0.067252,0.973287,False,1,118,10.1002/14651858.CD001703.pub4,1,26.34730538922156,False,0,19.80039920159681,Low Stakes
CD000478_pub5_data__A2,CD000478,56,D,0.469377,0.280752,False,6,288,10.1002/14651858.CD000478.pub5,2,39.12175648702595,False,0,16.98602794411178,Low Stakes
CD010001_pub4_data__A3,CD010001,56,D,0.681833,0.0,True,53,4820,10.1002/14651858.CD010001.pub4,1,26.34730538922156,False,0,13.243512974051898,Low Stakes
CD013591_pub2_data__A8,CD013591,56,D,0.097815,0.919494,False,5,244,10.1002/14651858.CD013591.pub2,23,97.1057884231537,False,0,43.48303393213574,Moderate
CD013591_pub2_data__A6,CD013591,56,D,0.51934,0.779249,False,2,150,10.1002/14651858.CD013591.pub2,23,97.1057884231537,False,0,43.48303393213574,Moderate
CD009531_pub3_data__A9,CD009531,56,D,-0.123869,0.950868,False,1,96,10.1002/14651858.CD009531.pub3,9,79.84031936127745,False,0,38.72255489021957,Moderate
CD009417_pub3_data__A10,CD009417,56,D,-0.128849,0.942706,False,2,107,10.1002/14651858.CD009417.pub3,3,49.101796407185624,True,0,44.89021956087825,Moderate
CD009531_pub3_data__A16,CD009531,56,D,0.06517,0.974048,False,1,306,10.1002/14651858.CD009531.pub3,9,79.84031936127745,False,0,38.72255489021957,Moderate
CD006689_pub3_data__A24,CD006689,56,D,-0.138677,0.48371,False,1,620,10.1002/14651858.CD006689.pub3,2,39.12175648702595,False,0,24.640718562874255,Low Stakes
CD013591_pub2_data__A2,CD013591,56,D,-0.037519,0.945381,False,14,2776,10.1002/14651858.CD013591.pub2,23,97.1057884231537,False,0,43.48303393213574,Moderate
CD015014_pub2_data__A5,CD015014,56,D,-0.473953,0.122303,False,8,1263,10.1002/14651858.CD015014.pub2,5,63.57285429141717,False,0,35.249500998003995,Moderate
CD006606_pub5_data__A12,CD006606,56,D,-0.37087,0.526461,False,2,739,10.1002/14651858.CD006606.pub5,5,63.57285429141717,False,0,32.47504990019961,Moderate
CD006606_pub5_data__A13,CD006606,56,D,-1.098612,0.502012,False,1,351,10.1002/14651858.CD006606.pub5,5,63.57285429141717,False,0,32.47504990019961,Moderate
CD006606_pub5_data__A14,CD006606,56,D,-1.098612,0.502012,False,1,351,10.1002/14651858.CD006606.pub5,5,63.57285429141717,False,0,32.47504990019961,Moderate
CD006913_pub3_data__A2,CD006913,56,D,0.001716,0.994268,False,72,4941,10.1002/14651858.CD006913.pub3,3,49.101796407185624,False,0,29.171656686626747,Low Stakes
CD002290_pub6_data__A5,CD002290,56,D,0.088805,0.811686,False,5,428,10.1002/14651858.CD002290.pub6,3,49.101796407185624,False,0,21.676646706586826,Low Stakes
CD015520_data__A1,CD015520,56,D,-0.13053,0.687943,False,39,4264,10.1002/14651858.CD015520,1,26.34730538922156,False,0,16.497005988023954,Low Stakes
CD003129_pub2_data__A1,CD003129,56,D,0.801709,0.034143,True,4,422,10.1002/14651858.CD003129.pub2,3,49.101796407185624,False,0,23.093812375249502,Low Stakes
CD015520_data__A5,CD015520,56,D,-0.119864,0.900856,False,5,276,10.1002/14651858.CD015520,1,26.34730538922156,False,0,16.497005988023954,Low Stakes
CD006689_pub3_data__A23,CD006689,56,D,0.426704,0.725593,False,2,1063,10.1002/14651858.CD006689.pub3,2,39.12175648702595,False,0,24.640718562874255,Low Stakes
CD006606_pub5_data__A9,CD006606,56,D,-2.470998,0.257803,False,2,739,10.1002/14651858.CD006606.pub5,5,63.57285429141717,False,0,32.47504990019961,Moderate
CD006913_pub3_data__A17,CD006913,56,D,-0.179704,0.839285,False,6,266,10.1002/14651858.CD006913.pub3,3,49.101796407185624,False,0,29.171656686626747,Low Stakes
CD013571_pub2_data__A1,CD013571,56,D,1.029379,0.034639,True,9,1018,10.1002/14651858.CD013571.pub2,16,93.21357285429141,False,0,44.07185628742515,Moderate
CD015033_pub2_data__A8,CD015033,56,D,-0.044951,0.982168,False,1,88,10.1002/14651858.CD015033.pub2,10,82.83433133732535,False,0,42.01596806387226,Moderate
CD003519_pub5_data__A18,CD003519,56,D,1.226449,0.003855,True,8,825,10.1002/14651858.CD003519.pub5,1,26.34730538922156,False,0,19.640718562874255,Low Stakes
CD008309_pub3_data__A18,CD008309,56,D,0.0,1.0,False,1,50,10.1002/14651858.CD008309.pub3,8,76.14770459081836,True,0,59.87025948103792,Red Flag
CD008309_pub3_data__A19,CD008309,56,D,1.138618,0.492067,False,1,50,10.1002/14651858.CD008309.pub3,8,76.14770459081836,True,0,59.87025948103792,Red Flag
CD008309_pub3_data__A20,CD008309,56,D,0.0,1.0,False,1,50,10.1002/14651858.CD008309.pub3,8,76.14770459081836,True,0,59.87025948103792,Red Flag
CD008309_pub3_data__A21,CD008309,56,D,0.0,1.0,False,1,50,10.1002/14651858.CD008309.pub3,8,76.14770459081836,True,0,59.87025948103792,Red Flag
CD014769_pub2_data__A4,CD014769,56,D,-0.565423,0.232384,False,2,17802,10.1002/14651858.CD014769.pub2,4,57.48502994011976,True,0,52.40518962075848,Red Flag
CD014769_pub2_data__A10,CD014769,56,D,-0.268355,0.108431,False,9,47456,10.1002/14651858.CD014769.pub2,4,57.48502994011976,True,0,52.40518962075848,Red Flag
CD001703_pub4_data__A22,CD001703,56,D,0.0,1.0,False,1,62,10.1002/14651858.CD001703.pub4,1,26.34730538922156,False,0,19.80039920159681,Low Stakes
CD001703_pub4_data__A23,CD001703,56,D,-0.510826,0.806638,False,1,11,10.1002/14651858.CD001703.pub4,1,26.34730538922156,False,0,19.80039920159681,Low Stakes
CD000547_pub3_data__A4,CD000547,55,D,1.135254,0.208813,False,9,691,10.1002/14651858.CD000547.pub3,4,57.48502994011976,False,0,29.451097804391217,Low Stakes
CD015042_pub2_data__A1,CD015042,55,D,0.903941,0.059802,False,3,378,10.1002/14651858.CD015042.pub2,5,63.57285429141717,False,0,26.13772455089821,Low Stakes
CD000219_pub5_data__A1,CD000219,55,D,-0.390958,0.000115,True,27,6858,10.1002/14651858.CD000219.pub5,7,73.05389221556887,False,0,31.926147704590818,Moderate
CD000219_pub5_data__A5,CD000219,55,D,-0.442078,0.193878,False,6,1490,10.1002/14651858.CD000219.pub5,7,73.05389221556887,False,0,31.926147704590818,Moderate
CD015038_pub2_data__A12,CD015038,55,D,-0.0221,0.991208,False,1,180,10.1002/14651858.CD015038.pub2,6,68.76247504990019,False,0,35.12974051896207,Moderate
CD015038_pub2_data__A2,CD015038,55,D,-2.116637,0.048534,True,7,2471,10.1002/14651858.CD015038.pub2,6,68.76247504990019,False,0,35.12974051896207,Moderate
CD015520_data__A8,CD015520,55,D,-0.384332,0.832727,False,2,102,10.1002/14651858.CD015520,1,26.34730538922156,False,0,16.497005988023954,Low Stakes
CD015520_data__A9,CD015520,55,D,-0.46959,0.797566,False,2,121,10.1002/14651858.CD015520,1,26.34730538922156,False,0,16.497005988023954,Low Stakes
CD002243_pub5_data__A21,CD002243,55,D,0.192203,0.000256,True,148,64344,10.1002/14651858.CD002243.pub5,0,9.68063872255489,False,0,12.355289421157686,Low Stakes
CD006919_pub5_data__A11,CD006919,55,D,-0.142498,0.770574,False,2,268,10.1002/14651858.CD006919.pub5,3,49.101796407185624,False,0,26.097804391217565,Low Stakes
CD006919_pub5_data__A12,CD006919,55,D,1.145865,0.326679,False,1,131,10.1002/14651858.CD006919.pub5,3,49.101796407185624,False,0,26.097804391217565,Low Stakes
CD006919_pub5_data__A8,CD006919,55,D,-0.191516,0.914954,False,2,133,10.1002/14651858.CD006919.pub5,3,49.101796407185624,False,0,26.097804391217565,Low Stakes
CD006919_pub5_data__A9,CD006919,55,D,-0.383959,0.849085,False,1,57,10.1002/14651858.CD006919.pub5,3,49.101796407185624,False,0,26.097804391217565,Low Stakes
CD006913_pub3_data__A21,CD006913,55,D,-0.031159,0.98617,False,2,72,10.1002/14651858.CD006913.pub3,3,49.101796407185624,False,0,29.171656686626747,Low Stakes
CD006913_pub3_data__A22,CD006913,55,D,-0.031159,0.98617,False,2,72,10.1002/14651858.CD006913.pub3,3,49.101796407185624,False,0,29.171656686626747,Low Stakes
CD002290_pub6_data__A4,CD002290,55,D,-0.610756,0.026939,True,22,1779,10.1002/14651858.CD002290.pub6,3,49.101796407185624,False,0,21.676646706586826,Low Stakes
CD007079_pub4_data__A12,CD007079,55,D,0.41198,0.838094,False,1,63,10.1002/14651858.CD007079.pub4,0,9.68063872255489,False,0,11.65668662674651,Low Stakes
CD006942_pub4_data__A4,CD006942,55,D,-0.007771,0.98707,False,2,481,10.1002/14651858.CD006942.pub4,0,9.68063872255489,False,0,5.908183632734531,Low Stakes
CD006942_pub4_data__A5,CD006942,55,D,-0.579151,0.679129,False,2,481,10.1002/14651858.CD006942.pub4,0,9.68063872255489,False,0,5.908183632734531,Low Stakes
CD009535_pub3_data__A23,CD009535,55,D,-0.014784,0.993398,False,2,131,10.1002/14651858.CD009535.pub3,5,63.57285429141717,False,0,34.960079840319366,Moderate
CD009535_pub3_data__A24,CD009535,55,D,0.38706,0.830744,False,2,348,10.1002/14651858.CD009535.pub3,5,63.57285429141717,False,0,34.960079840319366,Moderate
CD015033_pub2_data__A17,CD015033,55,D,0.016708,0.989823,False,3,315,10.1002/14651858.CD015033.pub2,10,82.83433133732535,False,0,42.01596806387226,Moderate
CD015014_pub2_data__A22,CD015014,55,D,2.521879,0.19316,False,2,87,10.1002/14651858.CD015014.pub2,5,63.57285429141717,False,0,35.249500998003995,Moderate
CD015014_pub2_data__A23,CD015014,55,D,2.080176,0.262276,False,2,65,10.1002/14651858.CD015014.pub2,5,63.57285429141717,False,0,35.249500998003995,Moderate
CD008940_pub4_data__A6,CD008940,55,D,-0.064164,0.859016,False,32,1653,10.1002/14651858.CD008940.pub4,0,9.68063872255489,False,0,6.57684630738523,Low Stakes
CD009022_pub4_data__A11,CD009022,55,D,-0.408544,0.600252,False,3,497,10.1002/14651858.CD009022.pub4,0,9.68063872255489,False,0,10.658682634730539,Low Stakes
CD009022_pub4_data__A13,CD009022,55,D,-0.006194,0.995477,False,4,451,10.1002/14651858.CD009022.pub4,0,9.68063872255489,False,0,10.658682634730539,Low Stakes
CD009022_pub4_data__A2,CD009022,55,D,0.042406,0.969077,False,4,294,10.1002/14651858.CD009022.pub4,0,9.68063872255489,False,0,10.658682634730539,Low Stakes
CD009022_pub4_data__A3,CD009022,55,D,0.010404,0.993672,False,3,266,10.1002/14651858.CD009022.pub4,0,9.68063872255489,False,0,10.658682634730539,Low Stakes
CD004508_pub5_data__A14,CD004508,55,D,-0.176472,0.620923,False,4,474,10.1002/14651858.CD004508.pub5,1,26.34730538922156,False,0,18.16367265469062,Low Stakes
CD004508_pub5_data__A15,CD004508,55,D,-0.969403,0.382083,False,3,434,10.1002/14651858.CD004508.pub5,1,26.34730538922156,False,0,18.16367265469062,Low Stakes
CD004508_pub5_data__A4,CD004508,55,D,-0.213158,0.50294,False,4,559,10.1002/14651858.CD004508.pub5,1,26.34730538922156,False,0,18.16367265469062,Low Stakes
CD004508_pub5_data__A6,CD004508,55,D,-0.741545,0.352367,False,3,453,10.1002/14651858.CD004508.pub5,1,26.34730538922156,False,0,18.16367265469062,Low Stakes
CD004508_pub5_data__A7,CD004508,55,D,0.065931,0.959787,False,3,477,10.1002/14651858.CD004508.pub5,1,26.34730538922156,False,0,18.16367265469062,Low Stakes
CD015122_pub2_data__A10,CD015122,55,D,-1.66595,0.034746,False,1,189,10.1002/14651858.CD015122.pub2,4,57.48502994011976,False,0,32.17564870259481,Moderate
CD015122_pub2_data__A11,CD015122,55,D,0.873844,0.017731,False,1,189,10.1002/14651858.CD015122.pub2,4,57.48502994011976,False,0,32.17564870259481,Moderate
CD015122_pub2_data__A12,CD015122,55,D,1.662642,0.285294,False,1,189,10.1002/14651858.CD015122.pub2,4,57.48502994011976,False,0,32.17564870259481,Moderate
CD015122_pub2_data__A13,CD015122,55,D,0.314951,0.283506,False,1,189,10.1002/14651858.CD015122.pub2,4,57.48502994011976,False,0,32.17564870259481,Moderate
CD015122_pub2_data__A14,CD015122,55,D,-0.693147,0.337471,False,1,189,10.1002/14651858.CD015122.pub2,4,57.48502994011976,False,0,32.17564870259481,Moderate
CD015122_pub2_data__A15,CD015122,55,D,-0.322425,0.449929,False,1,189,10.1002/14651858.CD015122.pub2,4,57.48502994011976,False,0,32.17564870259481,Moderate
CD016120_data__A4,CD016120,55,D,-0.001347,0.999178,False,3,3174,10.1002/14651858.CD016120,2,39.12175648702595,False,0,24.5309381237525,Low Stakes
CD016120_data__A8,CD016120,55,D,-0.012877,0.992145,False,3,3070,10.1002/14651858.CD016120,2,39.12175648702595,False,0,24.5309381237525,Low Stakes
CD016120_data__A17,CD016120,55,D,-0.003471,0.997884,False,3,323,10.1002/14651858.CD016120,2,39.12175648702595,False,0,24.5309381237525,Low Stakes
CD016120_data__A18,CD016120,55,D,-0.003471,0.997884,False,3,323,10.1002/14651858.CD016120,2,39.12175648702595,False,0,24.5309381237525,Low Stakes
CD015122_pub2_data__A16,CD015122,55,D,0.461346,0.486258,False,1,189,10.1002/14651858.CD015122.pub2,4,57.48502994011976,False,0,32.17564870259481,Moderate
CD015122_pub2_data__A17,CD015122,55,D,0.031582,0.987434,False,1,189,10.1002/14651858.CD015122.pub2,4,57.48502994011976,False,0,32.17564870259481,Moderate
CD015122_pub2_data__A22,CD015122,55,D,0.314951,0.283506,False,1,189,10.1002/14651858.CD015122.pub2,4,57.48502994011976,False,0,32.17564870259481,Moderate
CD015122_pub2_data__A25,CD015122,55,D,0.461346,0.486258,False,1,189,10.1002/14651858.CD015122.pub2,4,57.48502994011976,False,0,32.17564870259481,Moderate
CD004508_pub5_data__A1,CD004508,55,D,-0.701845,0.230066,False,4,418,10.1002/14651858.CD004508.pub5,1,26.34730538922156,False,0,18.16367265469062,Low Stakes
CD004508_pub5_data__A10,CD004508,55,D,0.020889,0.987258,False,3,420,10.1002/14651858.CD004508.pub5,1,26.34730538922156,False,0,18.16367265469062,Low Stakes
CD014964_pub2_data__A6,CD014964,55,D,0.997715,0.045552,True,6,7743,10.1002/14651858.CD014964.pub2,1,26.34730538922156,False,0,13.992015968063875,Low Stakes
CD004508_pub5_data__A9,CD004508,55,D,0.008857,0.993515,False,4,507,10.1002/14651858.CD004508.pub5,1,26.34730538922156,False,0,18.16367265469062,Low Stakes
CD006919_pub5_data__A10,CD006919,55,D,0.007596,0.996598,False,2,207,10.1002/14651858.CD006919.pub5,3,49.101796407185624,False,0,26.097804391217565,Low Stakes
CD015518_data__A8,CD015518,55,D,-0.194642,0.922761,False,1,133,10.1002/14651858.CD015518,3,49.101796407185624,False,0,24.890219560878243,Low Stakes
CD015518_data__A9,CD015518,55,D,-0.040005,0.984094,False,1,149,10.1002/14651858.CD015518,3,49.101796407185624,False,0,24.890219560878243,Low Stakes
CD006913_pub3_data__A24,CD006913,55,D,-0.031159,0.98617,False,2,72,10.1002/14651858.CD006913.pub3,3,49.101796407185624,False,0,29.171656686626747,Low Stakes
CD006913_pub3_data__A26,CD006913,55,D,-0.031159,0.98617,False,2,72,10.1002/14651858.CD006913.pub3,3,49.101796407185624,False,0,29.171656686626747,Low Stakes
CD006913_pub3_data__A27,CD006913,55,D,-0.836248,0.209268,False,1,43,10.1002/14651858.CD006913.pub3,3,49.101796407185624,False,0,29.171656686626747,Low Stakes
CD006913_pub3_data__A30,CD006913,55,D,-0.031159,0.98617,False,2,72,10.1002/14651858.CD006913.pub3,3,49.101796407185624,False,0,29.171656686626747,Low Stakes
CD008349_pub5_data__A6,CD008349,55,D,-0.047061,0.851774,False,66,2618,10.1002/14651858.CD008349.pub5,5,63.57285429141717,False,0,32.47504990019961,Moderate
CD008349_pub5_data__A7,CD008349,55,D,-0.05025,0.831317,False,75,3055,10.1002/14651858.CD008349.pub5,5,63.57285429141717,False,0,32.47504990019961,Moderate
CD008309_pub3_data__A24,CD008309,55,D,-0.048193,0.964843,False,4,283,10.1002/14651858.CD008309.pub3,8,76.14770459081836,True,0,59.87025948103792,Red Flag
CD015122_pub2_data__A4,CD015122,55,D,1.689806,0.203646,False,5,1002,10.1002/14651858.CD015122.pub2,4,57.48502994011976,False,0,32.17564870259481,Moderate
CD015122_pub2_data__A8,CD015122,55,D,0.461346,0.486258,False,1,189,10.1002/14651858.CD015122.pub2,4,57.48502994011976,False,0,32.17564870259481,Moderate
CD004667_pub6_data__A9,CD004667,55,D,-0.238738,0.855438,False,3,4282,10.1002/14651858.CD004667.pub6,64,99.8003992015968,False,0,48.21357285429142,Moderate
CD011793_pub3_data__A3,CD011793,55,D,0.003136,0.995791,False,12,1235,10.1002/14651858.CD011793.pub3,9,79.84031936127745,False,0,38.982035928143716,Moderate
CD011793_pub3_data__A4,CD011793,55,D,-0.000418,0.999464,False,11,1141,10.1002/14651858.CD011793.pub3,9,79.84031936127745,False,0,38.982035928143716,Moderate
CD011793_pub3_data__A8,CD011793,55,D,-0.06929,0.949304,False,4,624,10.1002/14651858.CD011793.pub3,9,79.84031936127745,False,0,38.982035928143716,Moderate
CD016120_data__A1,CD016120,55,D,-0.81625,0.274859,False,3,3115,10.1002/14651858.CD016120,2,39.12175648702595,False,0,24.5309381237525,Low Stakes
CD016120_data__A11,CD016120,55,D,-0.001344,0.999179,False,3,3236,10.1002/14651858.CD016120,2,39.12175648702595,False,0,24.5309381237525,Low Stakes
CD016120_data__A12,CD016120,55,D,-0.459331,0.553881,False,5,3391,10.1002/14651858.CD016120,2,39.12175648702595,False,0,24.5309381237525,Low Stakes
CD016120_data__A13,CD016120,55,D,-0.003471,0.997884,False,3,323,10.1002/14651858.CD016120,2,39.12175648702595,False,0,24.5309381237525,Low Stakes
CD016120_data__A14,CD016120,55,D,-0.003471,0.997884,False,3,323,10.1002/14651858.CD016120,2,39.12175648702595,False,0,24.5309381237525,Low Stakes
CD008309_pub3_data__A26,CD008309,55,D,-0.563889,0.653159,False,3,203,10.1002/14651858.CD008309.pub3,8,76.14770459081836,True,0,59.87025948103792,Red Flag
CD008309_pub3_data__A8,CD008309,55,D,-0.380704,0.545804,False,4,249,10.1002/14651858.CD008309.pub3,8,76.14770459081836,True,0,59.87025948103792,Red Flag
CD008349_pub5_data__A1,CD008349,55,D,-0.054072,0.80198,False,90,3519,10.1002/14651858.CD008349.pub5,5,63.57285429141717,False,0,32.47504990019961,Moderate
CD012067_pub3_data__A11,CD012067,55,D,0.037072,0.983385,False,2,378,10.1002/14651858.CD012067.pub3,0,9.68063872255489,False,0,12.86427145708583,Low Stakes
CD008349_pub5_data__A13,CD008349,55,D,-0.083722,0.811849,False,34,1495,10.1002/14651858.CD008349.pub5,5,63.57285429141717,False,0,32.47504990019961,Moderate
CD015140_pub2_data__A12,CD015140,55,D,-1.632298,0.000471,True,9,1980,10.1002/14651858.CD015140.pub2,0,9.68063872255489,False,0,11.806387225548903,Low Stakes
CD014959_pub2_data__A14,CD014959,55,D,2.351165,0.086078,False,3,1909,10.1002/14651858.CD014959.pub2,4,57.48502994011976,False,0,30.618762475049902,Moderate
CD014959_pub2_data__A16,CD014959,55,D,3.569608,0.077973,False,3,2165,10.1002/14651858.CD014959.pub2,4,57.48502994011976,False,0,30.618762475049902,Moderate
CD014959_pub2_data__A3,CD014959,55,D,-0.821772,0.241379,False,6,2986,10.1002/14651858.CD014959.pub2,4,57.48502994011976,False,0,30.618762475049902,Moderate
CD008349_pub5_data__A3,CD008349,55,D,-0.054831,0.878654,False,33,1168,10.1002/14651858.CD008349.pub5,5,63.57285429141717,False,0,32.47504990019961,Moderate
CD008349_pub5_data__A4,CD008349,55,D,-0.052345,0.875424,False,38,1409,10.1002/14651858.CD008349.pub5,5,63.57285429141717,False,0,32.47504990019961,Moderate
CD008349_pub5_data__A5,CD008349,55,D,-0.056894,0.794185,False,88,3423,10.1002/14651858.CD008349.pub5,5,63.57285429141717,False,0,32.47504990019961,Moderate
CD010189_pub3_data__A4,CD010189,55,D,-0.066428,0.951453,False,4,765,10.1002/14651858.CD010189.pub3,1,26.34730538922156,False,0,15.788423153692616,Low Stakes
CD010189_pub3_data__A5,CD010189,55,D,-0.067366,0.958865,False,3,925,10.1002/14651858.CD010189.pub3,1,26.34730538922156,False,0,15.788423153692616,Low Stakes
CD010189_pub3_data__A6,CD010189,55,D,-0.014007,0.989747,False,4,1121,10.1002/14651858.CD010189.pub3,1,26.34730538922156,False,0,15.788423153692616,Low Stakes
CD010189_pub3_data__A7,CD010189,55,D,-0.024884,0.984845,False,3,737,10.1002/14651858.CD010189.pub3,1,26.34730538922156,False,0,15.788423153692616,Low Stakes
CD010189_pub3_data__A8,CD010189,55,D,-0.020731,0.984926,False,4,333,10.1002/14651858.CD010189.pub3,1,26.34730538922156,False,0,15.788423153692616,Low Stakes
CD015518_data__A10,CD015518,55,D,-0.194642,0.922761,False,1,133,10.1002/14651858.CD015518,3,49.101796407185624,False,0,24.890219560878243,Low Stakes
CD013571_pub2_data__A13,CD013571,55,D,0.051293,0.977145,False,2,627,10.1002/14651858.CD013571.pub2,16,93.21357285429141,False,0,44.07185628742515,Moderate
CD013571_pub2_data__A5,CD013571,55,D,-2.35505,0.129495,False,5,911,10.1002/14651858.CD013571.pub2,16,93.21357285429141,False,0,44.07185628742515,Moderate
CD015518_data__A5,CD015518,55,D,0.280902,0.889597,False,1,42,10.1002/14651858.CD015518,3,49.101796407185624,False,0,24.890219560878243,Low Stakes
CD015518_data__A6,CD015518,55,D,-0.194642,0.922761,False,1,133,10.1002/14651858.CD015518,3,49.101796407185624,False,0,24.890219560878243,Low Stakes
CD014914_pub2_data__A12,CD014914,55,D,-3.7,0.000324,False,1,99,10.1002/14651858.CD014914.pub2,6,68.76247504990019,False,0,34.29141716566866,Moderate
CD014914_pub2_data__A13,CD014914,55,D,-2.3,0.003471,False,1,99,10.1002/14651858.CD014914.pub2,6,68.76247504990019,False,0,34.29141716566866,Moderate
CD012170_pub2_data__A2,CD012170,55,D,-0.004565,0.992013,False,20,6125,10.1002/14651858.CD012170.pub2,1,26.34730538922156,False,0,11.247504990019962,Low Stakes
CD012079_pub2_data__A5,CD012079,55,D,0.027153,0.937838,False,7,650,10.1002/14651858.CD012079.pub2,12,86.42714570858283,False,0,43.56287425149701,Moderate
CD014959_pub2_data__A8,CD014959,55,D,-0.318924,0.219968,False,4,1653,10.1002/14651858.CD014959.pub2,4,57.48502994011976,False,0,30.618762475049902,Moderate
CD004667_pub6_data__A15,CD004667,55,D,0.293548,0.018205,True,8,8575,10.1002/14651858.CD004667.pub6,64,99.8003992015968,False,0,48.21357285429142,Moderate
CD014941_pub2_data__A8,CD014941,55,D,0.832843,0.20002,False,2,659,10.1002/14651858.CD014941.pub2,7,73.05389221556887,False,0,37.70459081836327,Moderate
CD014959_pub2_data__A11,CD014959,55,D,-0.583237,0.272576,False,4,1653,10.1002/14651858.CD014959.pub2,4,57.48502994011976,False,0,30.618762475049902,Moderate
CD012067_pub3_data__A22,CD012067,55,D,0.730577,0.301398,False,2,405,10.1002/14651858.CD012067.pub3,0,9.68063872255489,False,0,12.86427145708583,Low Stakes
CD012067_pub3_data__A24,CD012067,55,D,3.600048,0.012436,False,1,305,10.1002/14651858.CD012067.pub3,0,9.68063872255489,False,0,12.86427145708583,Low Stakes
CD012178_pub2_data__A2,CD012178,55,D,-0.808455,0.070716,False,4,532,10.1002/14651858.CD012178.pub2,0,9.68063872255489,False,0,6.57684630738523,Low Stakes
CD012178_pub2_data__A3,CD012178,55,D,-0.059142,0.902941,False,4,470,10.1002/14651858.CD012178.pub2,0,9.68063872255489,False,0,6.57684630738523,Low Stakes
CD012178_pub2_data__A4,CD012178,55,D,-0.137846,0.74408,False,4,483,10.1002/14651858.CD012178.pub2,0,9.68063872255489,False,0,6.57684630738523,Low Stakes
CD012178_pub2_data__A6,CD012178,55,D,0.013596,0.991706,False,3,489,10.1002/14651858.CD012178.pub2,0,9.68063872255489,False,0,6.57684630738523,Low Stakes
CD012214_pub3_data__A1,CD012214,55,D,1.254104,0.005939,True,7,387,10.1002/14651858.CD012214.pub3,4,57.48502994011976,False,0,25.02994011976048,Low Stakes
CD014937_pub2_data__A16,CD014937,55,D,-1.990694,0.190805,False,1,136,10.1002/14651858.CD014937.pub2,3,49.101796407185624,False,0,28.353293413173652,Low Stakes
CD014923_pub2_data__A3,CD014923,55,D,0.730854,0.391417,False,4,117,10.1002/14651858.CD014923.pub2,12,86.42714570858283,False,0,35.90818363273453,Moderate
CD014923_pub2_data__A4,CD014923,55,D,0.933248,0.345774,False,4,109,10.1002/14651858.CD014923.pub2,12,86.42714570858283,False,0,35.90818363273453,Moderate
CD014914_pub2_data__A11,CD014914,55,D,-0.722065,0.050302,False,7,615,10.1002/14651858.CD014914.pub2,6,68.76247504990019,False,0,34.29141716566866,Moderate
CD006714_pub3_data__A5,CD006714,55,D,-2.672332,0.014034,False,1,56,10.1002/14651858.CD006714.pub3,0,9.68063872255489,False,0,11.806387225548903,Low Stakes
CD006714_pub3_data__A6,CD006714,55,D,0.653976,0.697647,False,2,251,10.1002/14651858.CD006714.pub3,0,9.68063872255489,False,0,11.806387225548903,Low Stakes
CD006714_pub3_data__A8,CD006714,55,D,0.140582,0.944449,False,1,56,10.1002/14651858.CD006714.pub3,0,9.68063872255489,False,0,11.806387225548903,Low Stakes
CD006714_pub3_data__A9,CD006714,55,D,0.0,1.0,False,1,18,10.1002/14651858.CD006714.pub3,0,9.68063872255489,False,0,11.806387225548903,Low Stakes
CD006689_pub3_data__A5,CD006689,55,D,-0.167694,0.471661,False,15,4405,10.1002/14651858.CD006689.pub3,2,39.12175648702595,False,0,24.640718562874255,Low Stakes
CD010189_pub3_data__A3,CD010189,55,D,-0.041208,0.974873,False,3,758,10.1002/14651858.CD010189.pub3,1,26.34730538922156,False,0,15.788423153692616,Low Stakes
CD013591_pub2_data__A7,CD013591,55,D,-0.06062,0.955636,False,4,1492,10.1002/14651858.CD013591.pub2,23,97.1057884231537,False,0,43.48303393213574,Moderate
CD013595_pub2_data__A10,CD013595,55,D,0.277558,0.536238,False,2,1429,10.1002/14651858.CD013595.pub2,6,68.76247504990019,False,0,32.75449101796407,Moderate
CD006714_pub3_data__A13,CD006714,55,D,0.0,1.0,False,1,18,10.1002/14651858.CD006714.pub3,0,9.68063872255489,False,0,11.806387225548903,Low Stakes
CD006714_pub3_data__A15,CD006714,55,D,-0.199034,0.911658,False,2,129,10.1002/14651858.CD006714.pub3,0,9.68063872255489,False,0,11.806387225548903,Low Stakes
CD013591_pub2_data__A3,CD013591,55,D,-0.151313,0.790841,False,13,2706,10.1002/14651858.CD013591.pub2,23,97.1057884231537,False,0,43.48303393213574,Moderate
CD006714_pub3_data__A11,CD006714,55,D,-0.916291,0.347169,False,1,18,10.1002/14651858.CD006714.pub3,0,9.68063872255489,False,0,11.806387225548903,Low Stakes
CD006714_pub3_data__A12,CD006714,55,D,-1.029619,0.32467,False,1,18,10.1002/14651858.CD006714.pub3,0,9.68063872255489,False,0,11.806387225548903,Low Stakes
CD002971_pub6_data__A12,CD002971,55,D,-0.020762,0.974254,False,1,299,10.1002/14651858.CD002971.pub6,0,9.68063872255489,False,0,11.21756487025948,Low Stakes
CD008237_pub4_data__A6,CD008237,55,D,-0.211309,0.918002,False,1,18,10.1002/14651858.CD008237.pub4,0,9.68063872255489,False,0,7.325349301397207,Low Stakes
CD008237_pub4_data__A7,CD008237,55,D,0.179048,0.929297,False,1,55,10.1002/14651858.CD008237.pub4,0,9.68063872255489,False,0,7.325349301397207,Low Stakes
CD012397_pub2_data__A1,CD012397,55,D,0.0,1.0,False,2,0,10.1002/14651858.CD012397.pub2,4,57.48502994011976,False,0,29.451097804391217,Low Stakes
CD014914_pub2_data__A6,CD014914,55,D,-1.29265,0.231686,False,2,855,10.1002/14651858.CD014914.pub2,6,68.76247504990019,False,0,34.29141716566866,Moderate
CD014914_pub2_data__A7,CD014914,55,D,-1.398271,0.199754,False,2,1007,10.1002/14651858.CD014914.pub2,6,68.76247504990019,False,0,34.29141716566866,Moderate
CD014914_pub2_data__A8,CD014914,55,D,-1.940856,0.281129,False,2,993,10.1002/14651858.CD014914.pub2,6,68.76247504990019,False,0,34.29141716566866,Moderate
CD014914_pub2_data__A9,CD014914,55,D,-1.057243,0.381474,False,2,506,10.1002/14651858.CD014914.pub2,6,68.76247504990019,False,0,34.29141716566866,Moderate
CD014872_pub2_data__A15,CD014872,55,D,-0.447605,0.7361,False,3,944,10.1002/14651858.CD014872.pub2,4,57.48502994011976,False,0,30.339321357285428,Moderate
CD014872_pub2_data__A3,CD014872,55,D,0.013949,0.968145,False,32,8220,10.1002/14651858.CD014872.pub2,4,57.48502994011976,False,0,30.339321357285428,Moderate
CD014872_pub2_data__A7,CD014872,55,D,0.080695,0.717354,False,28,6805,10.1002/14651858.CD014872.pub2,4,57.48502994011976,False,0,30.339321357285428,Moderate
CD014872_pub2_data__A8,CD014872,55,D,-0.350792,0.444369,False,20,4770,10.1002/14651858.CD014872.pub2,4,57.48502994011976,False,0,30.339321357285428,Moderate
CD014889_pub2_data__A5,CD014889,55,D,-0.406139,0.671701,False,2,114,10.1002/14651858.CD014889.pub2,2,39.12175648702595,False,0,17.684630738522955,Low Stakes
CD001552_pub3_data__A1,CD001552,55,D,-0.118344,0.812558,False,10,795,10.1002/14651858.CD001552.pub3,6,68.76247504990019,False,0,33.46307385229541,Moderate
CD001552_pub3_data__A3,CD001552,55,D,-0.010621,0.98612,False,11,809,10.1002/14651858.CD001552.pub3,6,68.76247504990019,False,0,33.46307385229541,Moderate
CD012170_pub2_data__A3,CD012170,55,D,-0.067593,0.959131,False,3,766,10.1002/14651858.CD012170.pub2,1,26.34730538922156,False,0,11.247504990019962,Low Stakes
CD008176_pub3_data__A4,CD008176,55,D,-0.197994,0.0147,True,42,13635,10.1002/14651858.CD008176.pub3,13,88.32335329341318,False,0,44.740518962075846,Moderate
CD009609_pub3_data__A10,CD009609,55,D,-0.633371,0.074027,False,7,2132,10.1002/14651858.CD009609.pub3,14,90.31936127744511,True,0,61.37724550898204,Red Flag
CD009609_pub3_data__A2,CD009609,55,D,0.178916,0.804887,False,4,1789,10.1002/14651858.CD009609.pub3,14,90.31936127744511,True,0,61.37724550898204,Red Flag
CD009535_pub3_data__A10,CD009535,55,D,0.758518,0.687881,False,2,374,10.1002/14651858.CD009535.pub3,5,63.57285429141717,False,0,34.960079840319366,Moderate
CD009535_pub3_data__A11,CD009535,55,D,0.758518,0.687881,False,2,374,10.1002/14651858.CD009535.pub3,5,63.57285429141717,False,0,34.960079840319366,Moderate
CD009535_pub3_data__A12,CD009535,55,D,0.758518,0.687881,False,2,374,10.1002/14651858.CD009535.pub3,5,63.57285429141717,False,0,34.960079840319366,Moderate
CD014861_pub2_data__A1,CD014861,55,D,0.388657,0.672407,False,3,217,10.1002/14651858.CD014861.pub2,1,26.34730538922156,False,0,16.497005988023954,Low Stakes
CD009535_pub3_data__A13,CD009535,55,D,0.758518,0.687881,False,2,374,10.1002/14651858.CD009535.pub3,5,63.57285429141717,False,0,34.960079840319366,Moderate
CD009535_pub3_data__A16,CD009535,55,D,-0.014784,0.993398,False,2,131,10.1002/14651858.CD009535.pub3,5,63.57285429141717,False,0,34.960079840319366,Moderate
CD009535_pub3_data__A17,CD009535,55,D,-0.014784,0.993398,False,2,131,10.1002/14651858.CD009535.pub3,5,63.57285429141717,False,0,34.960079840319366,Moderate
CD008309_pub3_data__A13,CD008309,55,D,0.019307,0.988256,False,3,233,10.1002/14651858.CD008309.pub3,8,76.14770459081836,True,0,59.87025948103792,Red Flag
CD008309_pub3_data__A16,CD008309,55,D,0.007754,0.992557,False,3,213,10.1002/14651858.CD008309.pub3,8,76.14770459081836,True,0,59.87025948103792,Red Flag
CD014803_pub2_data__A1,CD014803,55,D,-0.044913,0.89647,False,10,413,10.1002/14651858.CD014803.pub2,6,68.76247504990019,False,0,27.804391217564866,Low Stakes
CD003962_pub3_data__A12,CD003962,55,D,-0.056287,0.889068,False,26,1084,10.1002/14651858.CD003962.pub3,13,88.32335329341318,False,0,44.041916167664674,Moderate
CD015160_pub2_data__A1,CD015160,55,D,0.37037,0.072071,False,20,1828,10.1002/14651858.CD015160.pub2,7,73.05389221556887,False,0,32.6746506986028,Moderate
CD015160_pub2_data__A4,CD015160,55,D,0.0,1.0,False,3,200,10.1002/14651858.CD015160.pub2,7,73.05389221556887,False,0,32.6746506986028,Moderate
CD015213_pub2_data__A1,CD015213,55,D,0.421846,0.255001,False,17,1923,10.1002/14651858.CD015213.pub2,6,68.76247504990019,False,0,34.55089820359281,Moderate
CD015213_pub2_data__A10,CD015213,55,D,-0.062167,0.886347,False,19,2070,10.1002/14651858.CD015213.pub2,6,68.76247504990019,False,0,34.55089820359281,Moderate
CD015213_pub2_data__A3,CD015213,55,D,-0.442786,0.061267,False,27,3063,10.1002/14651858.CD015213.pub2,6,68.76247504990019,False,0,34.55089820359281,Moderate
CD014844_pub2_data__A7,CD014844,55,D,-0.263701,0.506078,False,3,3859,10.1002/14651858.CD014844.pub2,0,9.68063872255489,False,0,10.32934131736527,Low Stakes
CD008237_pub4_data__A5,CD008237,55,D,-0.021489,0.990397,False,2,145,10.1002/14651858.CD008237.pub4,0,9.68063872255489,False,0,7.325349301397207,Low Stakes
CD009535_pub3_data__A18,CD009535,55,D,-0.014784,0.993398,False,2,131,10.1002/14651858.CD009535.pub3,5,63.57285429141717,False,0,34.960079840319366,Moderate
CD009535_pub3_data__A19,CD009535,55,D,-0.014784,0.993398,False,2,131,10.1002/14651858.CD009535.pub3,5,63.57285429141717,False,0,34.960079840319366,Moderate
CD009535_pub3_data__A2,CD009535,55,D,-0.34041,0.026798,True,9,58984,10.1002/14651858.CD009535.pub3,5,63.57285429141717,False,0,34.960079840319366,Moderate
CD009535_pub3_data__A20,CD009535,55,D,-0.014784,0.993398,False,2,131,10.1002/14651858.CD009535.pub3,5,63.57285429141717,False,0,34.960079840319366,Moderate
CD009535_pub3_data__A21,CD009535,55,D,-0.014784,0.993398,False,2,131,10.1002/14651858.CD009535.pub3,5,63.57285429141717,False,0,34.960079840319366,Moderate
CD009535_pub3_data__A22,CD009535,55,D,-0.014784,0.993398,False,2,131,10.1002/14651858.CD009535.pub3,5,63.57285429141717,False,0,34.960079840319366,Moderate
CD008176_pub3_data__A27,CD008176,55,D,-0.381336,0.776422,False,3,297,10.1002/14651858.CD008176.pub3,13,88.32335329341318,False,0,44.740518962075846,Moderate
CD015932_pub2_data__A17,CD015932,55,D,0.687481,0.201853,False,1,140,10.1002/14651858.CD015932.pub2,0,9.68063872255489,False,0,11.996007984031937,Low Stakes
CD015932_pub2_data__A18,CD015932,55,D,-1.128026,0.494433,False,1,68,10.1002/14651858.CD015932.pub2,0,9.68063872255489,False,0,11.996007984031937,Low Stakes
CD015932_pub2_data__A19,CD015932,55,D,1.128026,0.333895,False,1,140,10.1002/14651858.CD015932.pub2,0,9.68063872255489,False,0,11.996007984031937,Low Stakes
CD015932_pub2_data__A4,CD015932,55,D,0.205489,0.209104,False,2,11217,10.1002/14651858.CD015932.pub2,0,9.68063872255489,False,0,11.996007984031937,Low Stakes
CD012693_pub3_data__A1,CD012693,55,D,0.056657,0.301315,False,21,7780,10.1002/14651858.CD012693.pub3,12,86.42714570858283,False,0,44.141716566866265,Moderate
CD008176_pub3_data__A18,CD008176,55,D,-0.326562,0.513052,False,13,1374,10.1002/14651858.CD008176.pub3,13,88.32335329341318,False,0,44.740518962075846,Moderate
CD008176_pub3_data__A2,CD008176,55,D,-0.059564,0.274117,False,129,22518,10.1002/14651858.CD008176.pub3,13,88.32335329341318,False,0,44.740518962075846,Moderate
CD008176_pub3_data__A23,CD008176,55,D,-0.141512,0.727062,False,12,1429,10.1002/14651858.CD008176.pub3,13,88.32335329341318,False,0,44.740518962075846,Moderate
CD008176_pub3_data__A10,CD008176,55,D,-0.196711,0.378677,False,83,12481,10.1002/14651858.CD008176.pub3,13,88.32335329341318,False,0,44.740518962075846,Moderate
CD008176_pub3_data__A11,CD008176,55,D,-0.04208,0.87365,False,59,4441,10.1002/14651858.CD008176.pub3,13,88.32335329341318,False,0,44.740518962075846,Moderate
CD014844_pub2_data__A8,CD014844,55,D,-0.588493,0.115962,False,3,3737,10.1002/14651858.CD014844.pub2,0,9.68063872255489,False,0,10.32934131736527,Low Stakes
CD014844_pub2_data__A9,CD014844,55,D,-0.629895,0.220747,False,3,3481,10.1002/14651858.CD014844.pub2,0,9.68063872255489,False,0,10.32934131736527,Low Stakes
CD014833_pub2_data__A4,CD014833,55,D,-0.226182,0.836728,False,4,512,10.1002/14651858.CD014833.pub2,0,9.68063872255489,False,0,10.658682634730539,Low Stakes
CD012718_pub2_data__A9,CD012718,55,D,-1.015725,0.127251,False,1,62,10.1002/14651858.CD012718.pub2,6,68.76247504990019,False,0,32.75449101796407,Moderate
CD008145_pub4_data__A3,CD008145,55,D,-0.076716,0.888187,False,14,17831,10.1002/14651858.CD008145.pub4,24,97.50499001996008,False,0,43.1437125748503,Moderate
CD008145_pub4_data__A8,CD008145,55,D,-0.174602,0.893754,False,3,2387,10.1002/14651858.CD008145.pub4,24,97.50499001996008,False,0,43.1437125748503,Moderate
CD015894_pub2_data__A4,CD015894,55,D,-0.688085,0.685332,False,2,138,10.1002/14651858.CD015894.pub2,1,26.34730538922156,False,0,11.876247504990022,Low Stakes
CD015932_pub2_data__A1,CD015932,55,D,0.043398,0.828847,False,15,2289,10.1002/14651858.CD015932.pub2,0,9.68063872255489,False,0,11.996007984031937,Low Stakes
CD009609_pub3_data__A4,CD009609,55,D,-6.340573,0.105364,False,5,692,10.1002/14651858.CD009609.pub3,14,90.31936127744511,True,0,61.37724550898204,Red Flag
CD009609_pub3_data__A7,CD009609,55,D,-9.687676,0.081677,False,5,692,10.1002/14651858.CD009609.pub3,14,90.31936127744511,True,0,61.37724550898204,Red Flag
CD015932_pub2_data__A16,CD015932,55,D,0.0,1.0,False,1,140,10.1002/14651858.CD015932.pub2,0,9.68063872255489,False,0,11.996007984031937,Low Stakes
CD002971_pub6_data__A13,CD002971,55,D,-0.020001,0.992034,False,1,299,10.1002/14651858.CD002971.pub6,0,9.68063872255489,False,0,11.21756487025948,Low Stakes
CD002971_pub6_data__A15,CD002971,55,D,-0.227394,0.685837,False,2,400,10.1002/14651858.CD002971.pub6,0,9.68063872255489,False,0,11.21756487025948,Low Stakes
CD002971_pub6_data__A6,CD002971,55,D,-0.045115,0.979752,False,2,438,10.1002/14651858.CD002971.pub6,0,9.68063872255489,False,0,11.21756487025948,Low Stakes
CD002971_pub6_data__A7,CD002971,55,D,-0.045115,0.979752,False,2,438,10.1002/14651858.CD002971.pub6,0,9.68063872255489,False,0,11.21756487025948,Low Stakes
CD002971_pub6_data__A8,CD002971,55,D,-0.068659,0.969212,False,2,387,10.1002/14651858.CD002971.pub6,0,9.68063872255489,False,0,11.21756487025948,Low Stakes
CD002971_pub6_data__A9,CD002971,55,D,-0.068659,0.969212,False,2,387,10.1002/14651858.CD002971.pub6,0,9.68063872255489,False,0,11.21756487025948,Low Stakes
CD015476_pub2_data__A15,CD015476,55,D,-0.005965,0.996351,False,3,1835,10.1002/14651858.CD015476.pub2,0,9.68063872255489,False,0,11.21756487025948,Low Stakes
CD006714_pub3_data__A16,CD006714,55,D,-0.185142,0.926808,False,1,64,10.1002/14651858.CD006714.pub3,0,9.68063872255489,False,0,11.806387225548903,Low Stakes
CD006714_pub3_data__A17,CD006714,55,D,3.84108,0.009078,False,1,56,10.1002/14651858.CD006714.pub3,0,9.68063872255489,False,0,11.806387225548903,Low Stakes
CD006714_pub3_data__A18,CD006714,55,D,-4.099504,0.005359,False,1,56,10.1002/14651858.CD006714.pub3,0,9.68063872255489,False,0,11.806387225548903,Low Stakes
CD006714_pub3_data__A4,CD006714,55,D,0.126931,0.949574,False,1,141,10.1002/14651858.CD006714.pub3,0,9.68063872255489,False,0,11.806387225548903,Low Stakes
CD013462_pub3_data__A7,CD013462,55,D,-2.62,0.214893,False,1,236,10.1002/14651858.CD013462.pub3,0,9.68063872255489,False,0,7.325349301397207,Low Stakes
CD014758_pub3_data__A10,CD014758,55,D,0.083009,0.949467,False,3,763,10.1002/14651858.CD014758.pub3,11,84.83033932135729,False,0,39.18163672654691,Moderate
CD012757_pub2_data__A10,CD012757,55,D,-1.343232,0.091448,False,3,234,10.1002/14651858.CD012757.pub2,3,49.101796407185624,False,0,24.890219560878243,Low Stakes
CD012850_pub2_data__A10,CD012850,55,D,0.061932,0.955119,False,4,175,10.1002/14651858.CD012850.pub2,19,96.10778443113772,False,0,47.85429141716567,Moderate
CD012850_pub2_data__A11,CD012850,55,D,-0.512341,0.520484,False,3,126,10.1002/14651858.CD012850.pub2,19,96.10778443113772,False,0,47.85429141716567,Moderate
CD008165_pub5_data__A6,CD008165,55,D,-0.990171,0.048408,True,7,2765,10.1002/14651858.CD008165.pub5,43,99.40119760479041,False,0,42.46506986027944,Moderate
CD003519_pub5_data__A22,CD003519,55,D,-7.996276,0.940643,False,2,43,10.1002/14651858.CD003519.pub5,1,26.34730538922156,False,0,19.640718562874255,Low Stakes
CD003519_pub5_data__A23,CD003519,55,D,-0.581947,0.079046,False,5,761,10.1002/14651858.CD003519.pub5,1,26.34730538922156,False,0,19.640718562874255,Low Stakes
CD012718_pub2_data__A10,CD012718,55,D,-0.389859,0.124697,False,1,263,10.1002/14651858.CD012718.pub2,6,68.76247504990019,False,0,32.75449101796407,Moderate
CD002203_pub5_data__A8,CD002203,55,D,-0.091667,0.963582,False,1,130,10.1002/14651858.CD002203.pub5,0,9.68063872255489,True,0,33.532934131736525,Moderate
CD013462_pub3_data__A6,CD013462,55,D,0.166868,0.550148,False,1,868,10.1002/14651858.CD013462.pub3,0,9.68063872255489,False,0,7.325349301397207,Low Stakes
CD006475_pub3_data__A8,CD006475,55,D,-0.266625,0.004034,True,25,4861,10.1002/14651858.CD006475.pub3,1,26.34730538922156,False,0,16.497005988023954,Low Stakes
CD006689_pub3_data__A22,CD006689,55,D,-0.118631,0.387086,False,4,2667,10.1002/14651858.CD006689.pub3,2,39.12175648702595,False,0,24.640718562874255,Low Stakes
CD006714_pub3_data__A10,CD006714,55,D,2.379027,0.110297,False,1,110,10.1002/14651858.CD006714.pub3,0,9.68063872255489,False,0,11.806387225548903,Low Stakes
CD013445_pub2_data__A9,CD013445,55,D,-0.057987,0.977036,False,1,68,10.1002/14651858.CD013445.pub2,15,91.81636726546905,False,0,46.387225548902194,Moderate
CD013445_pub2_data__A26,CD013445,55,D,-0.793414,0.250513,False,7,947,10.1002/14651858.CD013445.pub2,15,91.81636726546905,False,0,46.387225548902194,Moderate
CD013445_pub2_data__A29,CD013445,55,D,1.131163,0.054238,False,7,566,10.1002/14651858.CD013445.pub2,15,91.81636726546905,False,0,46.387225548902194,Moderate
CD012891_pub2_data__A3,CD012891,55,D,0.483557,0.186145,False,7,802,10.1002/14651858.CD012891.pub2,1,26.34730538922156,False,0,16.497005988023954,Low Stakes
CD012850_pub2_data__A7,CD012850,55,D,-0.867045,0.372109,False,3,66,10.1002/14651858.CD012850.pub2,19,96.10778443113772,False,0,47.85429141716567,Moderate
CD012850_pub2_data__A8,CD012850,55,D,-1.467805,0.224686,False,3,142,10.1002/14651858.CD012850.pub2,19,96.10778443113772,False,0,47.85429141716567,Moderate
CD012850_pub2_data__A9,CD012850,55,D,-0.010541,0.992337,False,4,188,10.1002/14651858.CD012850.pub2,19,96.10778443113772,False,0,47.85429141716567,Moderate
CD012850_pub2_data__A16,CD012850,55,D,0.258888,0.755857,False,3,56,10.1002/14651858.CD012850.pub2,19,96.10778443113772,False,0,47.85429141716567,Moderate
CD012850_pub2_data__A19,CD012850,55,D,-1.653545,0.127236,False,3,111,10.1002/14651858.CD012850.pub2,19,96.10778443113772,False,0,47.85429141716567,Moderate
CD012850_pub2_data__A21,CD012850,55,D,-0.444354,0.741275,False,3,100,10.1002/14651858.CD012850.pub2,19,96.10778443113772,False,0,47.85429141716567,Moderate
CD012850_pub2_data__A22,CD012850,55,D,-0.125327,0.909445,False,4,142,10.1002/14651858.CD012850.pub2,19,96.10778443113772,False,0,47.85429141716567,Moderate
CD012850_pub2_data__A23,CD012850,55,D,-0.356863,0.748992,False,4,121,10.1002/14651858.CD012850.pub2,19,96.10778443113772,False,0,47.85429141716567,Moderate
CD001703_pub4_data__A6,CD001703,55,D,0.060597,0.955812,False,4,330,10.1002/14651858.CD001703.pub4,1,26.34730538922156,False,0,19.80039920159681,Low Stakes
CD001703_pub4_data__A8,CD001703,55,D,-0.60451,0.589604,False,4,613,10.1002/14651858.CD001703.pub4,1,26.34730538922156,False,0,19.80039920159681,Low Stakes
CD014758_pub3_data__A9,CD014758,55,D,0.08775,0.935851,False,4,1096,10.1002/14651858.CD014758.pub3,11,84.83033932135729,False,0,39.18163672654691,Moderate
CD012905_pub2_data__A2,CD012905,55,D,-0.13807,0.351233,False,20,2662,10.1002/14651858.CD012905.pub2,2,39.12175648702595,False,0,19.79041916167665,Low Stakes
CD012905_pub2_data__A4,CD012905,55,D,0.014329,0.976945,False,17,1885,10.1002/14651858.CD012905.pub2,2,39.12175648702595,False,0,19.79041916167665,Low Stakes
CD012905_pub2_data__A7,CD012905,55,D,0.493527,0.084619,False,4,943,10.1002/14651858.CD012905.pub2,2,39.12175648702595,False,0,19.79041916167665,Low Stakes
CD012925_pub2_data__A2,CD012925,55,D,-0.219092,0.201176,False,7,29395,10.1002/14651858.CD012925.pub2,8,76.14770459081836,False,0,35.0998003992016,Moderate
CD015254_pub2_data__A12,CD015254,55,D,-1.065021,0.046758,False,1,103,10.1002/14651858.CD015254.pub2,5,63.57285429141717,False,0,32.47504990019961,Moderate
CD004736_pub6_data__A59,CD004736,55,D,1.55252,0.040361,True,8,1602,10.1002/14651858.CD004736.pub6,14,90.31936127744511,False,0,46.10778443113773,Moderate
CD015254_pub2_data__A13,CD015254,55,D,0.685179,0.073544,False,1,153,10.1002/14651858.CD015254.pub2,5,63.57285429141717,False,0,32.47504990019961,Moderate
CD015254_pub2_data__A14,CD015254,55,D,-0.438164,0.359254,False,2,615,10.1002/14651858.CD015254.pub2,5,63.57285429141717,False,0,32.47504990019961,Moderate
CD013445_pub2_data__A13,CD013445,55,D,0.011965,0.994629,False,2,369,10.1002/14651858.CD013445.pub2,15,91.81636726546905,False,0,46.387225548902194,Moderate
CD013715_pub2_data__A10,CD013715,55,D,-0.209398,0.808534,False,2,222,10.1002/14651858.CD013715.pub2,0,9.68063872255489,False,0,12.754491017964073,Low Stakes
CD010856_pub3_data__A3,CD010856,55,D,0.322535,0.872072,False,1,343,10.1002/14651858.CD010856.pub3,16,93.21357285429141,False,0,43.74251497005989,Moderate
CD013643_pub2_data__A2,CD013643,55,D,1.641243,0.188934,False,2,124,10.1002/14651858.CD013643.pub2,3,49.101796407185624,False,0,26.686626746506988,Low Stakes
CD010583_pub6_data__A4,CD010583,55,D,-0.139655,0.577811,False,8,1895,10.1002/14651858.CD010583.pub6,2,39.12175648702595,False,0,19.79041916167665,Low Stakes
CD010856_pub3_data__A10,CD010856,55,D,-0.02147,0.990339,False,2,2825,10.1002/14651858.CD010856.pub3,16,93.21357285429141,False,0,43.74251497005989,Moderate
CD013445_pub2_data__A14,CD013445,55,D,-0.057987,0.977036,False,1,68,10.1002/14651858.CD013445.pub2,15,91.81636726546905,False,0,46.387225548902194,Moderate
CD013445_pub2_data__A15,CD013445,55,D,-0.315081,0.686818,False,1,153,10.1002/14651858.CD013445.pub2,15,91.81636726546905,False,0,46.387225548902194,Moderate
CD002203_pub5_data__A24,CD002203,55,D,0.048202,0.980887,False,1,82,10.1002/14651858.CD002203.pub5,0,9.68063872255489,True,0,33.532934131736525,Moderate
CD012925_pub2_data__A9,CD012925,55,D,0.391646,0.026166,False,1,3324,10.1002/14651858.CD012925.pub2,8,76.14770459081836,False,0,35.0998003992016,Moderate
CD012942_pub2_data__A3,CD012942,55,D,0.251256,0.134083,False,28,7918,10.1002/14651858.CD012942.pub2,5,63.57285429141717,False,0,31.3872255489022,Moderate
CD012942_pub2_data__A4,CD012942,55,D,0.530128,7.6e-05,True,52,17507,10.1002/14651858.CD012942.pub2,5,63.57285429141717,False,0,31.3872255489022,Moderate
CD012942_pub2_data__A5,CD012942,55,D,0.36339,8e-06,True,57,17778,10.1002/14651858.CD012942.pub2,5,63.57285429141717,False,0,31.3872255489022,Moderate
CD015849_pub2_data__A43,CD015849,55,D,-0.462437,0.653604,False,3,571,10.1002/14651858.CD015849.pub2,4,57.48502994011976,False,0,32.83433133732535,Moderate
CD015255_pub2_data__A18,CD015255,55,D,-0.033429,0.986683,False,1,358,10.1002/14651858.CD015255.pub2,12,86.42714570858283,False,0,43.56287425149701,Moderate
CD015255_pub2_data__A19,CD015255,55,D,-0.032898,0.986898,False,1,303,10.1002/14651858.CD015255.pub2,12,86.42714570858283,False,0,43.56287425149701,Moderate
CD015849_pub2_data__A46,CD015849,55,D,0.068846,0.958386,False,3,373,10.1002/14651858.CD015849.pub2,4,57.48502994011976,False,0,32.83433133732535,Moderate
CD015849_pub2_data__A48,CD015849,55,D,-0.105175,0.907231,False,6,876,10.1002/14651858.CD015849.pub2,4,57.48502994011976,False,0,32.83433133732535,Moderate
CD012905_pub2_data__A1,CD012905,55,D,-0.301747,0.087339,False,24,3358,10.1002/14651858.CD012905.pub2,2,39.12175648702595,False,0,19.79041916167665,Low Stakes
CD002203_pub5_data__A25,CD002203,55,D,-0.243622,0.903539,False,1,98,10.1002/14651858.CD002203.pub5,0,9.68063872255489,True,0,33.532934131736525,Moderate
CD002203_pub5_data__A27,CD002203,55,D,0.078692,0.968702,False,1,177,10.1002/14651858.CD002203.pub5,0,9.68063872255489,True,0,33.532934131736525,Moderate
CD002203_pub5_data__A28,CD002203,55,D,-0.166869,0.92598,False,2,205,10.1002/14651858.CD002203.pub5,0,9.68063872255489,True,0,33.532934131736525,Moderate
CD002203_pub5_data__A29,CD002203,55,D,-0.298493,0.883528,False,1,26,10.1002/14651858.CD002203.pub5,0,9.68063872255489,True,0,33.532934131736525,Moderate
CD002203_pub5_data__A30,CD002203,55,D,-0.137795,0.938801,False,2,204,10.1002/14651858.CD002203.pub5,0,9.68063872255489,True,0,33.532934131736525,Moderate
CD007079_pub4_data__A13,CD007079,55,D,-0.176642,0.167316,False,1,8312,10.1002/14651858.CD007079.pub4,0,9.68063872255489,False,0,11.65668662674651,Low Stakes
CD007079_pub4_data__A14,CD007079,55,D,-1.125718,0.417962,False,2,8974,10.1002/14651858.CD007079.pub4,0,9.68063872255489,False,0,11.65668662674651,Low Stakes
CD007130_pub5_data__A2,CD007130,55,D,0.017009,0.96479,False,28,2343,10.1002/14651858.CD007130.pub5,51,99.60079840319361,False,0,45.79840319361277,Moderate
CD007130_pub5_data__A3,CD007130,55,D,-0.01106,0.993238,False,3,1074,10.1002/14651858.CD007130.pub5,51,99.60079840319361,False,0,45.79840319361277,Moderate
CD013715_pub2_data__A20,CD013715,55,D,0.944462,0.313201,False,1,38,10.1002/14651858.CD013715.pub2,0,9.68063872255489,False,0,12.754491017964073,Low Stakes
CD015255_pub2_data__A20,CD015255,55,D,0.074244,0.784054,False,1,319,10.1002/14651858.CD015255.pub2,12,86.42714570858283,False,0,43.56287425149701,Moderate
CD015255_pub2_data__A21,CD015255,55,D,0.137484,0.582787,False,1,292,10.1002/14651858.CD015255.pub2,12,86.42714570858283,False,0,43.56287425149701,Moderate
CD015255_pub2_data__A3,CD015255,55,D,-0.705169,0.074182,False,9,929,10.1002/14651858.CD015255.pub2,12,86.42714570858283,False,0,43.56287425149701,Moderate
CD015255_pub2_data__A4,CD015255,55,D,-0.914323,0.072176,False,7,1129,10.1002/14651858.CD015255.pub2,12,86.42714570858283,False,0,43.56287425149701,Moderate
CD015255_pub2_data__A8,CD015255,55,D,-0.002144,0.997617,False,2,374,10.1002/14651858.CD015255.pub2,12,86.42714570858283,False,0,43.56287425149701,Moderate
CD015255_pub2_data__A9,CD015255,55,D,-0.719085,0.116538,False,8,909,10.1002/14651858.CD015255.pub2,12,86.42714570858283,False,0,43.56287425149701,Moderate
CD015284_pub2_data__A14,CD015284,55,D,-0.116381,0.948819,False,2,45,10.1002/14651858.CD015284.pub2,2,39.12175648702595,False,0,25.309381237524953,Low Stakes
CD015284_pub2_data__A15,CD015284,55,D,-0.259511,0.898404,False,1,30,10.1002/14651858.CD015284.pub2,2,39.12175648702595,False,0,25.309381237524953,Low Stakes
CD015284_pub2_data__A16,CD015284,55,D,-0.06252,0.975443,False,1,31,10.1002/14651858.CD015284.pub2,2,39.12175648702595,False,0,25.309381237524953,Low Stakes
CD013715_pub2_data__A5,CD013715,55,D,1.756061,0.383189,False,2,78,10.1002/14651858.CD013715.pub2,0,9.68063872255489,False,0,12.754491017964073,Low Stakes
CD013719_pub2_data__A8,CD013719,55,D,0.423814,0.413134,False,1,99,10.1002/14651858.CD013719.pub2,13,88.32335329341318,True,0,61.786427145708586,Red Flag
CD013719_pub2_data__A9,CD013719,55,D,0.423814,0.413134,False,1,99,10.1002/14651858.CD013719.pub2,13,88.32335329341318,True,0,61.786427145708586,Red Flag
CD015387_pub2_data__A9,CD015387,55,D,-0.14,0.443012,False,1,27,10.1002/14651858.CD015387.pub2,3,49.101796407185624,False,0,24.281437125748504,Low Stakes
CD015432_pub2_data__A15,CD015432,55,D,0.0,1.0,False,1,68,10.1002/14651858.CD015432.pub2,5,63.57285429141717,False,0,32.774451097804395,Moderate
CD002203_pub5_data__A31,CD002203,55,D,-0.166869,0.92598,False,2,205,10.1002/14651858.CD002203.pub5,0,9.68063872255489,True,0,33.532934131736525,Moderate
CD002203_pub5_data__A32,CD002203,55,D,-0.361013,0.859299,False,1,27,10.1002/14651858.CD002203.pub5,0,9.68063872255489,True,0,33.532934131736525,Moderate
CD002203_pub5_data__A33,CD002203,55,D,-0.298493,0.883528,False,1,26,10.1002/14651858.CD002203.pub5,0,9.68063872255489,True,0,33.532934131736525,Moderate
CD002203_pub5_data__A34,CD002203,55,D,-0.173511,0.931198,False,1,103,10.1002/14651858.CD002203.pub5,0,9.68063872255489,True,0,33.532934131736525,Moderate
CD002203_pub5_data__A35,CD002203,55,D,-0.173511,0.931198,False,1,103,10.1002/14651858.CD002203.pub5,0,9.68063872255489,True,0,33.532934131736525,Moderate
CD002203_pub5_data__A36,CD002203,55,D,-0.264693,0.896085,False,1,37,10.1002/14651858.CD002203.pub5,0,9.68063872255489,True,0,33.532934131736525,Moderate
CD013414_pub2_data__A10,CD013414,55,D,0.141412,0.936923,False,2,168,10.1002/14651858.CD013414.pub2,8,76.14770459081836,False,0,35.70858283433134,Moderate
CD013414_pub2_data__A12,CD013414,55,D,0.908219,0.250227,False,2,483,10.1002/14651858.CD013414.pub2,8,76.14770459081836,False,0,35.70858283433134,Moderate
CD015326_pub2_data__A12,CD015326,55,D,-0.003799,0.99511,False,11,7583,10.1002/14651858.CD015326.pub2,1,26.34730538922156,False,0,20.259481037924154,Low Stakes
CD015284_pub2_data__A19,CD015284,55,D,0.131878,0.947535,False,1,242,10.1002/14651858.CD015284.pub2,2,39.12175648702595,False,0,25.309381237524953,Low Stakes
CD015284_pub2_data__A20,CD015284,55,D,0.131878,0.947535,False,1,242,10.1002/14651858.CD015284.pub2,2,39.12175648702595,False,0,25.309381237524953,Low Stakes
CD015284_pub2_data__A21,CD015284,55,D,0.131878,0.947535,False,1,242,10.1002/14651858.CD015284.pub2,2,39.12175648702595,False,0,25.309381237524953,Low Stakes
CD015284_pub2_data__A22,CD015284,55,D,0.131878,0.947535,False,1,242,10.1002/14651858.CD015284.pub2,2,39.12175648702595,False,0,25.309381237524953,Low Stakes
CD015284_pub2_data__A23,CD015284,55,D,0.131878,0.947535,False,1,242,10.1002/14651858.CD015284.pub2,2,39.12175648702595,False,0,25.309381237524953,Low Stakes
CD015284_pub2_data__A24,CD015284,55,D,0.131878,0.947535,False,1,242,10.1002/14651858.CD015284.pub2,2,39.12175648702595,False,0,25.309381237524953,Low Stakes
CD015284_pub2_data__A25,CD015284,55,D,0.030305,0.987929,False,1,329,10.1002/14651858.CD015284.pub2,2,39.12175648702595,False,0,25.309381237524953,Low Stakes
CD015284_pub2_data__A26,CD015284,55,D,0.030305,0.987929,False,1,329,10.1002/14651858.CD015284.pub2,2,39.12175648702595,False,0,25.309381237524953,Low Stakes
CD015284_pub2_data__A27,CD015284,55,D,0.030305,0.987929,False,1,329,10.1002/14651858.CD015284.pub2,2,39.12175648702595,False,0,25.309381237524953,Low Stakes
CD015284_pub2_data__A28,CD015284,55,D,0.018632,0.991626,False,2,636,10.1002/14651858.CD015284.pub2,2,39.12175648702595,False,0,25.309381237524953,Low Stakes
CD015284_pub2_data__A32,CD015284,55,D,0.043017,0.982931,False,1,92,10.1002/14651858.CD015284.pub2,2,39.12175648702595,False,0,25.309381237524953,Low Stakes
CD015849_pub2_data__A15,CD015849,55,D,-0.299895,0.199531,False,3,2516,10.1002/14651858.CD015849.pub2,4,57.48502994011976,False,0,32.83433133732535,Moderate
CD015849_pub2_data__A17,CD015849,55,D,0.24274,0.841938,False,3,954,10.1002/14651858.CD015849.pub2,4,57.48502994011976,False,0,32.83433133732535,Moderate
CD015849_pub2_data__A18,CD015849,55,D,-0.301229,0.188013,False,3,3011,10.1002/14651858.CD015849.pub2,4,57.48502994011976,False,0,32.83433133732535,Moderate
CD015849_pub2_data__A19,CD015849,55,D,-0.117686,0.318582,False,4,17425,10.1002/14651858.CD015849.pub2,4,57.48502994011976,False,0,32.83433133732535,Moderate
CD015849_pub2_data__A28,CD015849,55,D,-0.137667,0.295478,False,4,17173,10.1002/14651858.CD015849.pub2,4,57.48502994011976,False,0,32.83433133732535,Moderate
CD015284_pub2_data__A33,CD015284,55,D,0.131878,0.947535,False,1,242,10.1002/14651858.CD015284.pub2,2,39.12175648702595,False,0,25.309381237524953,Low Stakes
CD015284_pub2_data__A34,CD015284,55,D,0.030779,0.986252,False,2,128,10.1002/14651858.CD015284.pub2,2,39.12175648702595,False,0,25.309381237524953,Low Stakes
CD015284_pub2_data__A35,CD015284,55,D,0.131878,0.947535,False,1,242,10.1002/14651858.CD015284.pub2,2,39.12175648702595,False,0,25.309381237524953,Low Stakes
CD014678_pub2_data__A5,CD014678,55,D,-0.094621,0.252235,False,34,97382,10.1002/14651858.CD014678.pub2,5,63.57285429141717,False,0,29.57085828343314,Low Stakes
CD014688_pub2_data__A2,CD014688,55,D,-0.331237,0.854012,False,2,309,10.1002/14651858.CD014688.pub2,6,68.76247504990019,False,0,27.804391217564866,Low Stakes
CD014713_pub2_data__A3,CD014713,55,D,0.079477,0.613452,False,3,4087,10.1002/14651858.CD014713.pub2,1,26.34730538922156,False,0,11.876247504990022,Low Stakes
CD013054_pub3_data__A5,CD013054,55,D,0.080043,0.955742,False,1,52,10.1002/14651858.CD013054.pub3,0,9.68063872255489,False,0,8.013972055888225,Low Stakes
CD013054_pub3_data__A6,CD013054,55,D,-0.652325,0.603978,False,1,52,10.1002/14651858.CD013054.pub3,0,9.68063872255489,False,0,8.013972055888225,Low Stakes
CD013056_pub3_data__A4,CD013056,55,D,-0.01023,0.995924,False,1,390,10.1002/14651858.CD013056.pub3,0,9.68063872255489,False,0,5.209580838323354,Low Stakes
CD013051_pub3_data__A3,CD013051,55,D,0.735707,0.408583,False,1,100,10.1002/14651858.CD013051.pub3,0,9.68063872255489,False,0,4.580838323353293,Low Stakes
CD015326_pub2_data__A14,CD015326,55,D,-0.006019,0.991211,False,14,8099,10.1002/14651858.CD015326.pub2,1,26.34730538922156,False,0,20.259481037924154,Low Stakes
CD004736_pub6_data__A72,CD004736,55,D,-1.232144,0.301585,False,1,49,10.1002/14651858.CD004736.pub6,14,90.31936127744511,False,0,46.10778443113773,Moderate
CD004736_pub6_data__A73,CD004736,55,D,1.058385,0.517122,False,1,1442,10.1002/14651858.CD004736.pub6,14,90.31936127744511,False,0,46.10778443113773,Moderate
CD004736_pub6_data__A74,CD004736,55,D,-0.46353,0.742901,False,2,195,10.1002/14651858.CD004736.pub6,14,90.31936127744511,False,0,46.10778443113773,Moderate
CD004736_pub6_data__A78,CD004736,55,D,-0.010101,0.99598,False,1,197,10.1002/14651858.CD004736.pub6,14,90.31936127744511,False,0,46.10778443113773,Moderate
CD014624_pub2_data__A8,CD014624,55,D,-0.066209,0.886121,False,2,349,10.1002/14651858.CD014624.pub2,6,68.76247504990019,False,0,32.75449101796407,Moderate
CD014678_pub2_data__A3,CD014678,55,D,0.427704,0.036918,True,37,102760,10.1002/14651858.CD014678.pub2,5,63.57285429141717,False,0,29.57085828343314,Low Stakes
CD013414_pub2_data__A7,CD013414,55,D,0.354837,0.844088,False,2,3836,10.1002/14651858.CD013414.pub2,8,76.14770459081836,False,0,35.70858283433134,Moderate
CD013408_pub2_data__A10,CD013408,55,D,-0.230207,0.120591,False,1,1354,10.1002/14651858.CD013408.pub2,1,26.34730538922156,False,0,18.323353293413177,Low Stakes
CD006475_pub3_data__A2,CD006475,55,D,-0.205229,0.006318,True,28,6573,10.1002/14651858.CD006475.pub3,1,26.34730538922156,False,0,16.497005988023954,Low Stakes
CD013715_pub2_data__A8,CD013715,55,D,-0.896882,0.611619,False,2,105,10.1002/14651858.CD013715.pub2,0,9.68063872255489,False,0,12.754491017964073,Low Stakes
CD013719_pub2_data__A10,CD013719,55,D,-0.485508,0.626208,False,1,30,10.1002/14651858.CD013719.pub2,13,88.32335329341318,True,0,61.786427145708586,Red Flag
CD013719_pub2_data__A12,CD013719,55,D,-1.466337,0.019139,False,1,80,10.1002/14651858.CD013719.pub2,13,88.32335329341318,True,0,61.786427145708586,Red Flag
CD013719_pub2_data__A4,CD013719,55,D,-0.777705,0.369979,False,1,60,10.1002/14651858.CD013719.pub2,13,88.32335329341318,True,0,61.786427145708586,Red Flag
CD013719_pub2_data__A6,CD013719,55,D,-0.111848,0.813121,False,1,80,10.1002/14651858.CD013719.pub2,13,88.32335329341318,True,0,61.786427145708586,Red Flag
CD013719_pub2_data__A7,CD013719,55,D,-1.213023,0.153981,False,1,78,10.1002/14651858.CD013719.pub2,13,88.32335329341318,True,0,61.786427145708586,Red Flag
CD006404_pub5_data__A10,CD006404,55,D,-0.040258,0.388694,False,124,65479,10.1002/14651858.CD006404.pub5,0,9.68063872255489,False,0,11.996007984031937,Low Stakes
CD006404_pub5_data__A13,CD006404,55,D,-0.251473,0.741901,False,4,865,10.1002/14651858.CD006404.pub5,0,9.68063872255489,False,0,11.996007984031937,Low Stakes
CD006404_pub5_data__A2,CD006404,55,D,0.115085,0.527974,False,20,8614,10.1002/14651858.CD006404.pub5,0,9.68063872255489,False,0,11.996007984031937,Low Stakes
CD013757_pub3_data__A9,CD013757,55,D,-0.340339,0.849708,False,2,2789,10.1002/14651858.CD013757.pub3,6,68.76247504990019,True,0,52.75449101796407,Red Flag
CD001797_pub4_data__A8,CD001797,55,D,-0.855974,0.382633,False,2,163,10.1002/14651858.CD001797.pub4,6,68.76247504990019,False,0,32.75449101796407,Moderate
CD004736_pub6_data__A64,CD004736,55,D,-0.338501,0.81493,False,2,479,10.1002/14651858.CD004736.pub6,14,90.31936127744511,False,0,46.10778443113773,Moderate
CD004736_pub6_data__A66,CD004736,55,D,-0.522388,0.716191,False,2,79,10.1002/14651858.CD004736.pub6,14,90.31936127744511,False,0,46.10778443113773,Moderate
CD014585_pub2_data__A4,CD014585,55,D,-0.071261,0.759287,False,12,7530,10.1002/14651858.CD014585.pub2,2,39.12175648702595,False,0,18.353293413173652,Low Stakes
CD015326_pub2_data__A24,CD015326,55,D,-0.019509,0.976112,False,10,4693,10.1002/14651858.CD015326.pub2,1,26.34730538922156,False,0,20.259481037924154,Low Stakes
CD015326_pub2_data__A25,CD015326,55,D,-0.019509,0.976112,False,10,4693,10.1002/14651858.CD015326.pub2,1,26.34730538922156,False,0,20.259481037924154,Low Stakes
CD015326_pub2_data__A26,CD015326,55,D,-0.019509,0.976112,False,10,4693,10.1002/14651858.CD015326.pub2,1,26.34730538922156,False,0,20.259481037924154,Low Stakes
CD014541_pub2_data__A8,CD014541,55,D,-0.347338,0.092873,False,4,19460,10.1002/14651858.CD014541.pub2,1,26.34730538922156,False,0,19.9500998003992,Low Stakes
CD015830_pub2_data__A2,CD015830,55,D,-1.161025,0.507041,False,2,30,10.1002/14651858.CD015830.pub2,1,26.34730538922156,False,0,11.876247504990022,Low Stakes
CD015830_pub2_data__A4,CD015830,55,D,-7.975874,0.668927,False,2,28,10.1002/14651858.CD015830.pub2,1,26.34730538922156,False,0,11.876247504990022,Low Stakes
CD015849_pub2_data__A10,CD015849,55,D,0.188026,0.803799,False,6,1026,10.1002/14651858.CD015849.pub2,4,57.48502994011976,False,0,32.83433133732535,Moderate
CD013054_pub3_data__A4,CD013054,55,D,-0.336472,0.438001,False,1,89,10.1002/14651858.CD013054.pub3,0,9.68063872255489,False,0,8.013972055888225,Low Stakes
CD015788_pub2_data__A3,CD015788,55,D,0.49772,0.114341,False,8,2184,10.1002/14651858.CD015788.pub2,0,9.68063872255489,False,0,5.908183632734531,Low Stakes
CD015788_pub2_data__A5,CD015788,55,D,-0.018158,0.99187,False,2,229,10.1002/14651858.CD015788.pub2,0,9.68063872255489,False,0,5.908183632734531,Low Stakes
CD002115_pub6_data__A1,CD002115,55,D,-0.288376,0.746736,False,6,565,10.1002/14651858.CD002115.pub6,0,9.68063872255489,False,0,9.830339321357286,Low Stakes
CD014541_pub2_data__A16,CD014541,55,D,0.300282,0.318362,False,4,19394,10.1002/14651858.CD014541.pub2,1,26.34730538922156,False,0,19.9500998003992,Low Stakes
CD014541_pub2_data__A18,CD014541,55,D,0.300859,0.305579,False,4,19389,10.1002/14651858.CD014541.pub2,1,26.34730538922156,False,0,19.9500998003992,Low Stakes
CD015326_pub2_data__A37,CD015326,55,D,-0.019509,0.976112,False,10,4693,10.1002/14651858.CD015326.pub2,1,26.34730538922156,False,0,20.259481037924154,Low Stakes
CD015328_pub2_data__A7,CD015328,55,D,0.711208,0.178596,False,10,0,10.1002/14651858.CD015328.pub2,32,98.80239520958084,False,0,44.161676646706596,Moderate
CD013197_pub2_data__A2,CD013197,55,D,0.567868,0.5685,False,2,598,10.1002/14651858.CD013197.pub2,2,39.12175648702595,False,0,23.77245508982036,Low Stakes
CD013197_pub2_data__A11,CD013197,55,D,0.28,0.199887,False,1,122,10.1002/14651858.CD013197.pub2,2,39.12175648702595,False,0,23.77245508982036,Low Stakes
CD009535_pub3_data__A4,CD009535,55,D,0.829237,0.663457,False,2,834,10.1002/14651858.CD009535.pub3,5,63.57285429141717,False,0,34.960079840319366,Moderate
CD013295_pub2_data__A2,CD013295,55,D,-0.073661,0.729068,False,83,6809,10.1002/14651858.CD013295.pub2,17,94.61077844311377,False,0,43.0938123752495,Moderate
CD013295_pub2_data__A5,CD013295,55,D,-0.120727,0.487834,False,100,9416,10.1002/14651858.CD013295.pub2,17,94.61077844311377,False,0,43.0938123752495,Moderate
CD015779_data__A10,CD015779,55,D,3.402082,0.018159,False,1,818,10.1002/14651858.CD015779,4,57.48502994011976,False,0,28.243512974051896,Low Stakes
CD015779_data__A4,CD015779,55,D,-0.085046,0.71848,False,2,1425,10.1002/14651858.CD015779,4,57.48502994011976,False,0,28.243512974051896,Low Stakes
CD015779_data__A6,CD015779,55,D,0.223475,0.369707,False,1,994,10.1002/14651858.CD015779,4,57.48502994011976,False,0,28.243512974051896,Low Stakes
CD015779_data__A7,CD015779,55,D,1.101057,0.50054,False,1,818,10.1002/14651858.CD015779,4,57.48502994011976,False,0,28.243512974051896,Low Stakes
CD015779_data__A8,CD015779,55,D,1.101057,0.50054,False,1,818,10.1002/14651858.CD015779,4,57.48502994011976,False,0,28.243512974051896,Low Stakes
CD007639_pub3_data__A8,CD007639,55,D,-0.012437,0.994504,False,2,761,10.1002/14651858.CD007639.pub3,2,39.12175648702595,False,0,22.994011976047904,Low Stakes
CD007639_pub3_data__A9,CD007639,55,D,-0.012162,0.994565,False,2,783,10.1002/14651858.CD007639.pub3,2,39.12175648702595,False,0,22.994011976047904,Low Stakes
CD014541_pub2_data__A13,CD014541,55,D,0.900806,0.064831,False,3,20278,10.1002/14651858.CD014541.pub2,1,26.34730538922156,False,0,19.9500998003992,Low Stakes
CD004925_pub4_data__A6,CD004925,55,D,0.50942,0.195369,False,8,1454,10.1002/14651858.CD004925.pub4,10,82.83433133732535,False,0,36.58682634730539,Moderate
CD004736_pub6_data__A79,CD004736,55,D,-0.089345,0.964527,False,1,111,10.1002/14651858.CD004736.pub6,14,90.31936127744511,False,0,46.10778443113773,Moderate
CD013757_pub3_data__A10,CD013757,55,D,-0.340339,0.849708,False,2,2789,10.1002/14651858.CD013757.pub3,6,68.76247504990019,True,0,52.75449101796407,Red Flag
CD013757_pub3_data__A6,CD013757,55,D,-0.340339,0.849708,False,2,2789,10.1002/14651858.CD013757.pub3,6,68.76247504990019,True,0,52.75449101796407,Red Flag
CD013757_pub3_data__A8,CD013757,55,D,-0.340339,0.849708,False,2,2789,10.1002/14651858.CD013757.pub3,6,68.76247504990019,True,0,52.75449101796407,Red Flag
CD013408_pub2_data__A14,CD013408,55,D,0.0,1.0,False,1,712,10.1002/14651858.CD013408.pub2,1,26.34730538922156,False,0,18.323353293413177,Low Stakes
CD013408_pub2_data__A16,CD013408,55,D,0.070185,0.840968,False,2,1047,10.1002/14651858.CD013408.pub2,1,26.34730538922156,False,0,18.323353293413177,Low Stakes
CD013408_pub2_data__A4,CD013408,55,D,-0.524499,0.113156,False,1,335,10.1002/14651858.CD013408.pub2,1,26.34730538922156,False,0,18.323353293413177,Low Stakes
CD015584_pub2_data__A7,CD015584,55,D,0.0,1.0,False,2,226,10.1002/14651858.CD015584.pub2,1,26.34730538922156,False,0,15.788423153692616,Low Stakes
CD007639_pub3_data__A12,CD007639,55,D,0.401683,0.622897,False,2,97,10.1002/14651858.CD007639.pub3,2,39.12175648702595,False,0,22.994011976047904,Low Stakes
CD007639_pub3_data__A13,CD007639,55,D,-0.478036,0.738613,False,1,83,10.1002/14651858.CD007639.pub3,2,39.12175648702595,False,0,22.994011976047904,Low Stakes
CD014040_pub2_data__A8,CD014040,55,D,-2.957977,0.220837,False,2,343,10.1002/14651858.CD014040.pub2,2,39.12175648702595,False,0,20.898203592814372,Low Stakes
CD014089_data__A3,CD014089,55,D,0.0,1.0,False,2,0,10.1002/14651858.CD014089,2,39.12175648702595,False,0,21.60678642714571,Low Stakes
CD014089_data__A5,CD014089,55,D,0.0,1.0,False,2,0,10.1002/14651858.CD014089,2,39.12175648702595,False,0,21.60678642714571,Low Stakes
CD014089_data__A6,CD014089,55,D,0.0,1.0,False,2,0,10.1002/14651858.CD014089,2,39.12175648702595,False,0,21.60678642714571,Low Stakes
CD014089_data__A8,CD014089,55,D,0.0,1.0,False,1,0,10.1002/14651858.CD014089,2,39.12175648702595,False,0,21.60678642714571,Low Stakes
CD004871_pub5_data__A5,CD004871,55,D,-0.046333,0.967938,False,2,354,10.1002/14651858.CD004871.pub5,6,68.76247504990019,False,0,34.55089820359281,Moderate
CD004871_pub5_data__A6,CD004871,55,D,0.0,1.0,False,1,54,10.1002/14651858.CD004871.pub5,6,68.76247504990019,False,0,34.55089820359281,Moderate
CD013295_pub2_data__A8,CD013295,55,D,-0.147779,0.618381,False,41,4010,10.1002/14651858.CD013295.pub2,17,94.61077844311377,False,0,43.0938123752495,Moderate
CD013295_pub2_data__A9,CD013295,55,D,-0.108518,0.782762,False,26,2454,10.1002/14651858.CD013295.pub2,17,94.61077844311377,False,0,43.0938123752495,Moderate
CD009535_pub3_data__A29,CD009535,55,D,0.087163,0.961639,False,2,44,10.1002/14651858.CD009535.pub3,5,63.57285429141717,False,0,34.960079840319366,Moderate
CD009535_pub3_data__A3,CD009535,55,D,0.829237,0.663457,False,2,834,10.1002/14651858.CD009535.pub3,5,63.57285429141717,False,0,34.960079840319366,Moderate
CD009535_pub3_data__A30,CD009535,55,D,0.085706,0.96196,False,2,130,10.1002/14651858.CD009535.pub3,5,63.57285429141717,False,0,34.960079840319366,Moderate
CD009535_pub3_data__A8,CD009535,55,D,0.758518,0.687881,False,2,374,10.1002/14651858.CD009535.pub3,5,63.57285429141717,False,0,34.960079840319366,Moderate
CD009535_pub3_data__A9,CD009535,55,D,0.758518,0.687881,False,2,374,10.1002/14651858.CD009535.pub3,5,63.57285429141717,False,0,34.960079840319366,Moderate
CD009609_pub3_data__A1,CD009609,55,D,-0.662544,0.185516,False,7,1951,10.1002/14651858.CD009609.pub3,14,90.31936127744511,True,0,61.37724550898204,Red Flag
CD002115_pub6_data__A4,CD002115,55,D,-0.160355,0.92985,False,2,46,10.1002/14651858.CD002115.pub6,0,9.68063872255489,False,0,9.830339321357286,Low Stakes
CD002115_pub6_data__A5,CD002115,55,D,0.017148,0.99235,False,2,220,10.1002/14651858.CD002115.pub6,0,9.68063872255489,False,0,9.830339321357286,Low Stakes
CD002115_pub6_data__A8,CD002115,55,D,0.0,1.0,False,2,264,10.1002/14651858.CD002115.pub6,0,9.68063872255489,False,0,9.830339321357286,Low Stakes
CD013875_pub2_data__A8,CD013875,55,D,-0.060891,0.889186,False,6,281,10.1002/14651858.CD013875.pub2,17,94.61077844311377,False,0,45.778443113772454,Moderate
CD014040_pub2_data__A10,CD014040,55,D,-0.017694,0.991131,False,2,343,10.1002/14651858.CD014040.pub2,2,39.12175648702595,False,0,20.898203592814372,Low Stakes
CD014040_pub2_data__A7,CD014040,55,D,0.482518,0.638593,False,2,343,10.1002/14651858.CD014040.pub2,2,39.12175648702595,False,0,20.898203592814372,Low Stakes
CD007639_pub3_data__A14,CD007639,55,D,0.002426,0.998918,False,2,112,10.1002/14651858.CD007639.pub3,2,39.12175648702595,False,0,22.994011976047904,Low Stakes
CD015588_pub2_data__A12,CD015588,55,D,-0.045613,0.770811,False,2,8997,10.1002/14651858.CD015588.pub2,17,94.61077844311377,False,0,47.74451097804391,Moderate
CD013781_pub2_data__A21,CD013781,55,D,-1.225311,0.124967,False,3,388,10.1002/14651858.CD013781.pub2,1,26.34730538922156,False,0,19.80039920159681,Low Stakes
CD013781_pub2_data__A22,CD013781,55,D,-1.009254,0.097172,False,4,228,10.1002/14651858.CD013781.pub2,1,26.34730538922156,False,0,19.80039920159681,Low Stakes
CD013781_pub2_data__A25,CD013781,55,D,-1.578764,0.150924,False,4,648,10.1002/14651858.CD013781.pub2,1,26.34730538922156,False,0,19.80039920159681,Low Stakes
CD013781_pub2_data__A10,CD013781,55,D,0.162183,0.623271,False,30,2796,10.1002/14651858.CD013781.pub2,1,26.34730538922156,False,0,19.80039920159681,Low Stakes
CD003331_pub6_data__A4,CD003331,55,D,-0.482717,0.087544,False,8,3509,10.1002/14651858.CD003331.pub6,26,97.90419161676647,False,0,43.80239520958084,Moderate
CD015588_pub2_data__A13,CD015588,55,D,-0.372506,0.626142,False,8,6237,10.1002/14651858.CD015588.pub2,17,94.61077844311377,False,0,47.74451097804391,Moderate
CD015588_pub2_data__A14,CD015588,55,D,-0.149756,0.816375,False,2,8523,10.1002/14651858.CD015588.pub2,17,94.61077844311377,False,0,47.74451097804391,Moderate
CD002203_pub5_data__A21,CD002203,55,D,0.048202,0.980887,False,1,82,10.1002/14651858.CD002203.pub5,0,9.68063872255489,True,0,33.532934131736525,Moderate
CD002203_pub5_data__A22,CD002203,55,D,0.048202,0.980887,False,1,82,10.1002/14651858.CD002203.pub5,0,9.68063872255489,True,0,33.532934131736525,Moderate
CD002203_pub5_data__A23,CD002203,55,D,-1.074221,0.514474,False,1,82,10.1002/14651858.CD002203.pub5,0,9.68063872255489,True,0,33.532934131736525,Moderate
CD013342_pub2_data__A11,CD013342,55,D,0.462624,0.781423,False,1,39,10.1002/14651858.CD013342.pub2,9,79.84031936127745,False,0,38.39321357285429,Moderate
CD005187_pub6_data__A1,CD005187,55,D,-0.120349,0.684197,False,4,1245,10.1002/14651858.CD005187.pub6,1,26.34730538922156,False,0,12.574850299401199,Low Stakes
CD005187_pub6_data__A2,CD005187,55,D,-0.369454,0.235703,False,4,1410,10.1002/14651858.CD005187.pub6,1,26.34730538922156,False,0,12.574850299401199,Low Stakes
CD009535_pub3_data__A5,CD009535,55,D,0.426809,0.162324,False,6,10910,10.1002/14651858.CD009535.pub3,5,63.57285429141717,False,0,34.960079840319366,Moderate
CD009535_pub3_data__A6,CD009535,55,D,0.758518,0.687881,False,2,374,10.1002/14651858.CD009535.pub3,5,63.57285429141717,False,0,34.960079840319366,Moderate
CD009535_pub3_data__A7,CD009535,55,D,0.758518,0.687881,False,2,374,10.1002/14651858.CD009535.pub3,5,63.57285429141717,False,0,34.960079840319366,Moderate
CD015588_pub2_data__A19,CD015588,55,D,-0.216627,0.839239,False,5,2739,10.1002/14651858.CD015588.pub2,17,94.61077844311377,False,0,47.74451097804391,Moderate
CD015588_pub2_data__A24,CD015588,55,D,-0.490124,8e-06,False,1,10577,10.1002/14651858.CD015588.pub2,17,94.61077844311377,False,0,47.74451097804391,Moderate
CD015588_pub2_data__A28,CD015588,55,D,-0.38019,0.834269,False,2,298,10.1002/14651858.CD015588.pub2,17,94.61077844311377,False,0,47.74451097804391,Moderate
CD015588_pub2_data__A30,CD015588,55,D,-0.755846,0.706694,False,1,132,10.1002/14651858.CD015588.pub2,17,94.61077844311377,False,0,47.74451097804391,Moderate
CD006140_pub3_data__A21,CD006140,55,D,-0.117783,0.870013,False,1,44,10.1002/14651858.CD006140.pub3,0,9.68063872255489,False,0,12.355289421157686,Low Stakes
CD006182_pub3_data__A6,CD006182,55,D,0.969396,0.041421,True,6,1080,10.1002/14651858.CD006182.pub3,1,26.34730538922156,False,0,15.179640718562876,Low Stakes
CD003429_pub5_data__A2,CD003429,55,D,1.908721,0.19445,False,2,95,10.1002/14651858.CD003429.pub5,0,9.68063872255489,False,0,9.121756487025948,Low Stakes
CD003429_pub5_data__A3,CD003429,55,D,1.908721,0.19445,False,2,95,10.1002/14651858.CD003429.pub5,0,9.68063872255489,False,0,9.121756487025948,Low Stakes
CD003331_pub6_data__A9,CD003331,55,D,-0.041972,0.974423,False,3,329,10.1002/14651858.CD003331.pub6,26,97.90419161676647,False,0,43.80239520958084,Moderate
CD013781_pub2_data__A17,CD013781,55,D,0.672543,0.128456,False,9,990,10.1002/14651858.CD013781.pub2,1,26.34730538922156,False,0,19.80039920159681,Low Stakes
CD015588_pub2_data__A36,CD015588,55,D,0.730888,0.268021,False,1,252,10.1002/14651858.CD015588.pub2,17,94.61077844311377,False,0,47.74451097804391,Moderate
CD015588_pub2_data__A37,CD015588,55,D,-1.175573,0.031078,False,1,252,10.1002/14651858.CD015588.pub2,17,94.61077844311377,False,0,47.74451097804391,Moderate
CD015331_pub2_data__A7,CD015331,55,D,0.716062,0.134353,False,5,301,10.1002/14651858.CD015331.pub2,2,39.12175648702595,False,0,25.64870259481038,Low Stakes
CD013800_pub2_data__A2,CD013800,55,D,-0.057885,0.964849,False,3,606,10.1002/14651858.CD013800.pub2,8,76.14770459081836,False,0,38.582834331337324,Moderate
CD005343_pub7_data__A8,CD005343,55,D,-1.407675,0.006787,True,9,3277,10.1002/14651858.CD005343.pub7,3,49.101796407185624,False,0,26.986027944111775,Low Stakes
CD013822_pub2_data__A10,CD013822,55,D,-0.000255,0.999885,False,2,1458,10.1002/14651858.CD013822.pub2,12,86.42714570858283,False,0,39.82035928143712,Moderate
CD013344_pub2_data__A12,CD013344,55,D,-0.297354,0.774033,False,3,393,10.1002/14651858.CD013344.pub2,8,76.14770459081836,False,0,37.80439121756487,Moderate
CD013344_pub2_data__A14,CD013344,55,D,-0.289321,0.321803,False,4,708,10.1002/14651858.CD013344.pub2,8,76.14770459081836,False,0,37.80439121756487,Moderate
CD002203_pub5_data__A15,CD002203,55,D,2.311319,0.028782,False,1,240,10.1002/14651858.CD002203.pub5,0,9.68063872255489,True,0,33.532934131736525,Moderate
CD002203_pub5_data__A16,CD002203,55,D,-0.995795,0.465833,False,2,206,10.1002/14651858.CD002203.pub5,0,9.68063872255489,True,0,33.532934131736525,Moderate
CD002203_pub5_data__A18,CD002203,55,D,0.048202,0.980887,False,1,82,10.1002/14651858.CD002203.pub5,0,9.68063872255489,True,0,33.532934131736525,Moderate
CD002203_pub5_data__A19,CD002203,55,D,0.048202,0.980887,False,1,82,10.1002/14651858.CD002203.pub5,0,9.68063872255489,True,0,33.532934131736525,Moderate
CD013344_pub2_data__A7,CD013344,55,D,-0.302088,0.507721,False,4,485,10.1002/14651858.CD013344.pub2,8,76.14770459081836,False,0,37.80439121756487,Moderate
CD013344_pub2_data__A9,CD013344,55,D,-0.208371,0.706739,False,3,400,10.1002/14651858.CD013344.pub2,8,76.14770459081836,False,0,37.80439121756487,Moderate
CD013353_pub2_data__A5,CD013353,55,D,0.0,1.0,False,1,20,10.1002/14651858.CD013353.pub2,8,76.14770459081836,True,0,53.163672654690615,Red Flag
CD013353_pub2_data__A6,CD013353,55,D,0.0,1.0,False,1,20,10.1002/14651858.CD013353.pub2,8,76.14770459081836,True,0,53.163672654690615,Red Flag
CD013355_pub2_data__A1,CD013355,55,D,-0.050854,0.962921,False,4,1123,10.1002/14651858.CD013355.pub2,0,9.68063872255489,False,0,7.325349301397207,Low Stakes
CD013355_pub2_data__A4,CD013355,55,D,-0.228315,0.466505,False,3,929,10.1002/14651858.CD013355.pub2,0,9.68063872255489,False,0,7.325349301397207,Low Stakes
CD013355_pub2_data__A6,CD013355,55,D,-0.190955,0.715364,False,4,1065,10.1002/14651858.CD013355.pub2,0,9.68063872255489,False,0,7.325349301397207,Low Stakes
CD013355_pub2_data__A7,CD013355,55,D,0.010254,0.971136,False,4,1123,10.1002/14651858.CD013355.pub2,0,9.68063872255489,False,0,7.325349301397207,Low Stakes
CD006140_pub3_data__A14,CD006140,55,D,-1.752215,0.024215,False,1,459,10.1002/14651858.CD006140.pub3,0,9.68063872255489,False,0,12.355289421157686,Low Stakes
CD006140_pub3_data__A1,CD006140,55,D,-0.664359,0.032488,True,9,1627,10.1002/14651858.CD006140.pub3,0,9.68063872255489,False,0,12.355289421157686,Low Stakes
CD015588_pub2_data__A39,CD015588,55,D,0.639746,0.222384,False,1,252,10.1002/14651858.CD015588.pub2,17,94.61077844311377,False,0,47.74451097804391,Moderate
CD015588_pub2_data__A40,CD015588,55,D,0.41438,0.800336,False,1,252,10.1002/14651858.CD015588.pub2,17,94.61077844311377,False,0,47.74451097804391,Moderate
CD013800_pub2_data__A16,CD013800,55,D,-0.067954,0.080632,False,4,102542,10.1002/14651858.CD013800.pub2,8,76.14770459081836,False,0,38.582834331337324,Moderate
CD013781_pub2_data__A8,CD013781,55,D,-0.228453,0.631216,False,17,1211,10.1002/14651858.CD013781.pub2,1,26.34730538922156,False,0,19.80039920159681,Low Stakes
CD013781_pub2_data__A9,CD013781,55,D,0.620038,0.061313,False,32,2186,10.1002/14651858.CD013781.pub2,1,26.34730538922156,False,0,19.80039920159681,Low Stakes
CD006140_pub3_data__A15,CD006140,55,D,0.783298,0.527388,False,1,221,10.1002/14651858.CD006140.pub3,0,9.68063872255489,False,0,12.355289421157686,Low Stakes
CD006140_pub3_data__A18,CD006140,55,D,-3.6,0.012326,False,1,105,10.1002/14651858.CD006140.pub3,0,9.68063872255489,False,0,12.355289421157686,Low Stakes
CD006140_pub3_data__A19,CD006140,55,D,-0.193398,0.672484,False,1,570,10.1002/14651858.CD006140.pub3,0,9.68063872255489,False,0,12.355289421157686,Low Stakes
CD006140_pub3_data__A20,CD006140,55,D,-0.3,0.003237,False,1,570,10.1002/14651858.CD006140.pub3,0,9.68063872255489,False,0,12.355289421157686,Low Stakes
CD015588_pub2_data__A41,CD015588,55,D,0.936225,0.098885,False,1,252,10.1002/14651858.CD015588.pub2,17,94.61077844311377,False,0,47.74451097804391,Moderate
CD013358_pub2_data__A20,CD013358,55,D,0.0,1.0,False,1,30,10.1002/14651858.CD013358.pub2,2,39.12175648702595,False,0,24.13173652694611,Low Stakes
CD013358_pub2_data__A21,CD013358,55,D,0.0,1.0,False,1,100,10.1002/14651858.CD013358.pub2,2,39.12175648702595,False,0,24.13173652694611,Low Stakes
CD015588_pub2_data__A9,CD015588,55,D,-0.711496,0.390001,False,1,252,10.1002/14651858.CD015588.pub2,17,94.61077844311377,False,0,47.74451097804391,Moderate
CD013800_pub2_data__A3,CD013800,55,D,-0.09161,0.944547,False,3,334,10.1002/14651858.CD013800.pub2,8,76.14770459081836,False,0,38.582834331337324,Moderate
CD013800_pub2_data__A4,CD013800,55,D,-0.083001,0.94962,False,3,253,10.1002/14651858.CD013800.pub2,8,76.14770459081836,False,0,38.582834331337324,Moderate
CD006140_pub3_data__A4,CD006140,55,D,0.343067,0.375815,False,6,1353,10.1002/14651858.CD006140.pub3,0,9.68063872255489,False,0,12.355289421157686,Low Stakes
CD002203_pub5_data__A11,CD002203,55,D,0.926915,0.477667,False,2,220,10.1002/14651858.CD002203.pub5,0,9.68063872255489,True,0,33.532934131736525,Moderate
CD002203_pub5_data__A12,CD002203,55,D,1.611222,0.000201,False,1,165,10.1002/14651858.CD002203.pub5,0,9.68063872255489,True,0,33.532934131736525,Moderate
CD015038_pub2_data__A5,CD015038,55,D,-0.030077,0.983045,False,1,1332,10.1002/14651858.CD015038.pub2,6,68.76247504990019,False,0,35.12974051896207,Moderate
CD015038_pub2_data__A6,CD015038,55,D,1.070082,0.512519,False,1,1332,10.1002/14651858.CD015038.pub2,6,68.76247504990019,False,0,35.12974051896207,Moderate
CD015038_pub2_data__A8,CD015038,55,D,-1.609438,0.302892,False,1,100,10.1002/14651858.CD015038.pub2,6,68.76247504990019,False,0,35.12974051896207,Moderate
CD015038_pub2_data__A9,CD015038,55,D,-1.617585,0.297236,False,1,492,10.1002/14651858.CD015038.pub2,6,68.76247504990019,False,0,35.12974051896207,Moderate
CD009417_pub3_data__A7,CD009417,55,D,0.603703,0.364371,False,2,142,10.1002/14651858.CD009417.pub3,3,49.101796407185624,True,0,44.89021956087825,Moderate
CD009535_pub3_data__A1,CD009535,55,D,-0.091855,0.47784,False,2,30900,10.1002/14651858.CD009535.pub3,5,63.57285429141717,False,0,34.960079840319366,Moderate
CD009417_pub3_data__A1,CD009417,55,D,-0.232979,0.801897,False,4,309,10.1002/14651858.CD009417.pub3,3,49.101796407185624,True,0,44.89021956087825,Moderate
CD009417_pub3_data__A3,CD009417,55,D,0.237833,0.498824,False,5,340,10.1002/14651858.CD009417.pub3,3,49.101796407185624,True,0,44.89021956087825,Moderate
CD015520_data__A10,CD015520,55,D,-0.351398,0.861551,False,1,68,10.1002/14651858.CD015520,1,26.34730538922156,False,0,16.497005988023954,Low Stakes
CD015520_data__A11,CD015520,55,D,-0.770705,0.703288,False,1,48,10.1002/14651858.CD015520,1,26.34730538922156,False,0,16.497005988023954,Low Stakes
CD009022_pub4_data__A4,CD009022,55,D,0.033144,0.979817,False,3,423,10.1002/14651858.CD009022.pub4,0,9.68063872255489,False,0,10.658682634730539,Low Stakes
CD009022_pub4_data__A6,CD009022,55,D,-1.223136,0.33741,False,3,337,10.1002/14651858.CD009022.pub4,0,9.68063872255489,False,0,10.658682634730539,Low Stakes
CD009102_pub2_data__A6,CD009102,55,D,-0.064796,0.72624,False,3,749,10.1002/14651858.CD009102.pub2,4,57.48502994011976,True,0,49.45109780439121,Moderate
CD009235_pub4_data__A1,CD009235,55,D,-0.003398,0.983978,False,143,11165,10.1002/14651858.CD009235.pub4,1,26.34730538922156,False,0,19.25149700598803,Low Stakes
CD009235_pub4_data__A3,CD009235,55,D,0.000234,0.999251,False,66,5665,10.1002/14651858.CD009235.pub4,1,26.34730538922156,False,0,19.25149700598803,Low Stakes
CD015033_pub2_data__A3,CD015033,55,D,0.994698,0.075393,False,13,1031,10.1002/14651858.CD015033.pub2,10,82.83433133732535,False,0,42.01596806387226,Moderate
CD015033_pub2_data__A7,CD015033,55,D,1.649728,0.078833,False,4,416,10.1002/14651858.CD015033.pub2,10,82.83433133732535,False,0,42.01596806387226,Moderate
CD015033_pub2_data__A9,CD015033,55,D,-0.039097,0.976175,False,3,339,10.1002/14651858.CD015033.pub2,10,82.83433133732535,False,0,42.01596806387226,Moderate
CD015033_pub2_data__A1,CD015033,55,D,0.373712,0.476766,False,14,1059,10.1002/14651858.CD015033.pub2,10,82.83433133732535,False,0,42.01596806387226,Moderate
CD015033_pub2_data__A10,CD015033,55,D,0.695974,0.310122,False,3,339,10.1002/14651858.CD015033.pub2,10,82.83433133732535,False,0,42.01596806387226,Moderate
CD016148_data__A4,CD016148,55,D,-0.409149,0.407265,False,7,2370,10.1002/14651858.CD016148,3,49.101796407185624,False,0,23.78243512974052,Low Stakes
CD016148_data__A6,CD016148,55,D,-0.077517,0.195268,False,1,5371,10.1002/14651858.CD016148,3,49.101796407185624,False,0,23.78243512974052,Low Stakes
CD016148_data__A7,CD016148,55,D,0.072099,0.213844,False,1,5471,10.1002/14651858.CD016148,3,49.101796407185624,False,0,23.78243512974052,Low Stakes
CD016148_data__A8,CD016148,55,D,0.0,1.0,False,1,70,10.1002/14651858.CD016148,3,49.101796407185624,False,0,23.78243512974052,Low Stakes
CD011381_pub3_data__A6,CD011381,54,D,-0.732964,0.714155,False,1,1042,10.1002/14651858.CD011381.pub3,16,93.21357285429141,False,0,43.243512974051896,Moderate
CD016148_data__A5,CD016148,54,D,0.178409,0.285462,False,3,6092,10.1002/14651858.CD016148,3,49.101796407185624,False,0,23.78243512974052,Low Stakes
CD000547_pub3_data__A11,CD000547,54,D,0.005021,0.996332,False,4,344,10.1002/14651858.CD000547.pub3,4,57.48502994011976,False,0,29.451097804391217,Low Stakes
CD000547_pub3_data__A1,CD000547,54,D,0.065589,0.864968,False,28,2041,10.1002/14651858.CD000547.pub3,4,57.48502994011976,False,0,29.451097804391217,Low Stakes
CD009417_pub3_data__A4,CD009417,54,D,0.087425,0.814298,False,4,238,10.1002/14651858.CD009417.pub3,3,49.101796407185624,True,0,44.89021956087825,Moderate
CD009531_pub3_data__A8,CD009531,54,D,-0.779743,0.301544,False,2,185,10.1002/14651858.CD009531.pub3,9,79.84031936127745,False,0,38.72255489021957,Moderate
CD009508_pub2_data__A1,CD009508,54,D,-0.001045,0.997577,False,35,2475,10.1002/14651858.CD009508.pub2,7,73.05389221556887,False,0,30.558882235528944,Moderate
CD009417_pub3_data__A9,CD009417,54,D,0.172827,0.687087,False,5,754,10.1002/14651858.CD009417.pub3,3,49.101796407185624,True,0,44.89021956087825,Moderate
CD013800_pub2_data__A11,CD013800,54,D,-1.178744,0.051558,False,2,2637,10.1002/14651858.CD013800.pub2,8,76.14770459081836,False,0,38.582834331337324,Moderate
CD006140_pub3_data__A7,CD006140,54,D,0.10387,0.610035,False,14,2465,10.1002/14651858.CD006140.pub3,0,9.68063872255489,False,0,12.355289421157686,Low Stakes
CD006140_pub3_data__A6,CD006140,54,D,-0.65799,0.048334,True,15,2519,10.1002/14651858.CD006140.pub3,0,9.68063872255489,False,0,12.355289421157686,Low Stakes
CD002203_pub5_data__A1,CD002203,54,D,-0.003282,0.993834,False,23,2423,10.1002/14651858.CD002203.pub5,0,9.68063872255489,True,0,33.532934131736525,Moderate
CD013358_pub2_data__A3,CD013358,54,D,-0.079973,0.80384,False,40,2436,10.1002/14651858.CD013358.pub2,2,39.12175648702595,False,0,24.13173652694611,Low Stakes
CD013358_pub2_data__A2,CD013358,54,D,-0.021613,0.943804,False,44,2833,10.1002/14651858.CD013358.pub2,2,39.12175648702595,False,0,24.13173652694611,Low Stakes
CD007639_pub3_data__A10,CD007639,54,D,-0.008196,0.995045,False,3,799,10.1002/14651858.CD007639.pub3,2,39.12175648702595,False,0,22.994011976047904,Low Stakes
CD006140_pub3_data__A16,CD006140,54,D,-0.213299,0.862265,False,4,1097,10.1002/14651858.CD006140.pub3,0,9.68063872255489,False,0,12.355289421157686,Low Stakes
CD007572_pub4_data__A8,CD007572,54,D,-0.696641,0.536783,False,4,1362,10.1002/14651858.CD007572.pub4,2,39.12175648702595,False,0,21.60678642714571,Low Stakes
CD007572_pub4_data__A6,CD007572,54,D,-0.588823,0.492235,False,2,252,10.1002/14651858.CD007572.pub4,2,39.12175648702595,False,0,21.60678642714571,Low Stakes
CD007572_pub4_data__A5,CD007572,54,D,-0.80992,0.478911,False,4,621,10.1002/14651858.CD007572.pub4,2,39.12175648702595,False,0,21.60678642714571,Low Stakes
CD007572_pub4_data__A11,CD007572,54,D,-0.87117,0.125735,False,4,867,10.1002/14651858.CD007572.pub4,2,39.12175648702595,False,0,21.60678642714571,Low Stakes
CD007572_pub4_data__A10,CD007572,54,D,-0.200087,0.49554,False,3,1471,10.1002/14651858.CD007572.pub4,2,39.12175648702595,False,0,21.60678642714571,Low Stakes
CD013358_pub2_data__A5,CD013358,54,D,-0.097286,0.762463,False,40,2689,10.1002/14651858.CD013358.pub2,2,39.12175648702595,False,0,24.13173652694611,Low Stakes
CD006027_pub3_data__A1,CD006027,54,D,-0.086763,0.549126,False,28,3162,10.1002/14651858.CD006027.pub3,1,26.34730538922156,False,0,11.876247504990022,Low Stakes
CD006140_pub3_data__A13,CD006140,54,D,1.942516,0.229211,False,3,371,10.1002/14651858.CD006140.pub3,0,9.68063872255489,False,0,12.355289421157686,Low Stakes
CD013822_pub2_data__A9,CD013822,54,D,0.016321,0.990024,False,3,1797,10.1002/14651858.CD013822.pub2,12,86.42714570858283,False,0,39.82035928143712,Moderate
CD013355_pub2_data__A5,CD013355,54,D,-0.749942,0.264937,False,2,195,10.1002/14651858.CD013355.pub2,0,9.68063872255489,False,0,7.325349301397207,Low Stakes
CD013355_pub2_data__A2,CD013355,54,D,0.038159,0.932799,False,2,180,10.1002/14651858.CD013355.pub2,0,9.68063872255489,False,0,7.325349301397207,Low Stakes
CD002203_pub5_data__A14,CD002203,54,D,-0.032088,0.912863,False,4,611,10.1002/14651858.CD002203.pub5,0,9.68063872255489,True,0,33.532934131736525,Moderate
CD013342_pub2_data__A7,CD013342,54,D,0.497235,0.180742,False,9,445,10.1002/14651858.CD013342.pub2,9,79.84031936127745,False,0,38.39321357285429,Moderate
CD013822_pub2_data__A8,CD013822,54,D,-0.213467,0.314125,False,3,2097,10.1002/14651858.CD013822.pub2,12,86.42714570858283,False,0,39.82035928143712,Moderate
CD013822_pub2_data__A3,CD013822,54,D,-0.020251,0.972695,False,12,6091,10.1002/14651858.CD013822.pub2,12,86.42714570858283,False,0,39.82035928143712,Moderate
CD013822_pub2_data__A2,CD013822,54,D,-0.342813,0.136172,False,4,3137,10.1002/14651858.CD013822.pub2,12,86.42714570858283,False,0,39.82035928143712,Moderate
CD013822_pub2_data__A1,CD013822,54,D,-0.137949,0.688921,False,14,6840,10.1002/14651858.CD013822.pub2,12,86.42714570858283,False,0,39.82035928143712,Moderate
CD005343_pub7_data__A9,CD005343,54,D,0.012063,0.981748,False,15,2611,10.1002/14651858.CD005343.pub7,3,49.101796407185624,False,0,26.986027944111775,Low Stakes
CD013781_pub2_data__A15,CD013781,54,D,-0.480849,0.334203,False,9,1816,10.1002/14651858.CD013781.pub2,1,26.34730538922156,False,0,19.80039920159681,Low Stakes
CD003357_pub5_data__A5,CD003357,54,D,0.140001,0.719766,False,3,412,10.1002/14651858.CD003357.pub5,0,9.68063872255489,False,0,5.908183632734531,Low Stakes
CD015588_pub2_data__A29,CD015588,54,D,-0.241601,0.853994,False,3,3343,10.1002/14651858.CD015588.pub2,17,94.61077844311377,False,0,47.74451097804391,Moderate
CD015588_pub2_data__A16,CD015588,54,D,0.072174,0.552731,False,3,13726,10.1002/14651858.CD015588.pub2,17,94.61077844311377,False,0,47.74451097804391,Moderate
CD013342_pub2_data__A3,CD013342,54,D,0.073391,0.805851,False,31,1457,10.1002/14651858.CD013342.pub2,9,79.84031936127745,False,0,38.39321357285429,Moderate
CD005343_pub7_data__A5,CD005343,54,D,-0.010354,0.9924,False,4,1692,10.1002/14651858.CD005343.pub7,3,49.101796407185624,False,0,26.986027944111775,Low Stakes
CD005343_pub7_data__A12,CD005343,54,D,0.049477,0.922777,False,16,2112,10.1002/14651858.CD005343.pub7,3,49.101796407185624,False,0,26.986027944111775,Low Stakes
CD005343_pub7_data__A11,CD005343,54,D,0.0412,0.937774,False,15,1981,10.1002/14651858.CD005343.pub7,3,49.101796407185624,False,0,26.986027944111775,Low Stakes
CD005343_pub7_data__A10,CD005343,54,D,0.020152,0.96848,False,16,2736,10.1002/14651858.CD005343.pub7,3,49.101796407185624,False,0,26.986027944111775,Low Stakes
CD005343_pub7_data__A1,CD005343,54,D,-0.010354,0.9924,False,4,1692,10.1002/14651858.CD005343.pub7,3,49.101796407185624,False,0,26.986027944111775,Low Stakes
CD013875_pub2_data__A1,CD013875,54,D,-0.028566,0.926066,False,3,299,10.1002/14651858.CD013875.pub2,17,94.61077844311377,False,0,45.778443113772454,Moderate
CD013763_pub3_data__A6,CD013763,54,D,-0.000326,0.99943,False,20,1229,10.1002/14651858.CD013763.pub3,10,82.83433133732535,True,0,60.17964071856287,Red Flag
CD013763_pub3_data__A5,CD013763,54,D,-0.265585,0.236138,False,39,2326,10.1002/14651858.CD013763.pub3,10,82.83433133732535,True,0,60.17964071856287,Red Flag
CD013763_pub3_data__A4,CD013763,54,D,-0.089271,0.726168,False,51,2983,10.1002/14651858.CD013763.pub3,10,82.83433133732535,True,0,60.17964071856287,Red Flag
CD013763_pub3_data__A3,CD013763,54,D,0.010784,0.970612,False,48,2856,10.1002/14651858.CD013763.pub3,10,82.83433133732535,True,0,60.17964071856287,Red Flag
CD013763_pub3_data__A2,CD013763,54,D,-0.221646,0.363037,False,64,3777,10.1002/14651858.CD013763.pub3,10,82.83433133732535,True,0,60.17964071856287,Red Flag
CD013763_pub3_data__A12,CD013763,54,D,0.0,1.0,False,4,260,10.1002/14651858.CD013763.pub3,10,82.83433133732535,True,0,60.17964071856287,Red Flag
CD015588_pub2_data__A10,CD015588,54,D,-0.053237,0.634114,False,3,13726,10.1002/14651858.CD015588.pub2,17,94.61077844311377,False,0,47.74451097804391,Moderate
CD014040_pub2_data__A5,CD014040,54,D,0.820709,0.189254,False,2,343,10.1002/14651858.CD014040.pub2,2,39.12175648702595,False,0,20.898203592814372,Low Stakes
CD014040_pub2_data__A4,CD014040,54,D,0.047915,0.906836,False,3,639,10.1002/14651858.CD014040.pub2,2,39.12175648702595,False,0,20.898203592814372,Low Stakes
CD004925_pub4_data__A5,CD004925,54,D,0.432937,0.305916,False,8,1354,10.1002/14651858.CD004925.pub4,10,82.83433133732535,False,0,36.58682634730539,Moderate
CD004871_pub5_data__A7,CD004871,54,D,-0.186528,0.827323,False,4,527,10.1002/14651858.CD004871.pub5,6,68.76247504990019,False,0,34.55089820359281,Moderate
CD002115_pub6_data__A7,CD002115,54,D,0.010157,0.993852,False,3,248,10.1002/14651858.CD002115.pub6,0,9.68063872255489,False,0,9.830339321357286,Low Stakes
CD002115_pub6_data__A13,CD002115,54,D,0.566989,0.522296,False,4,257,10.1002/14651858.CD002115.pub6,0,9.68063872255489,False,0,9.830339321357286,Low Stakes
CD015746_pub2_data__A1,CD015746,54,D,-1.113477,5.5e-05,True,26,219563,10.1002/14651858.CD015746.pub2,1,26.34730538922156,False,0,11.876247504990022,Low Stakes
CD009535_pub3_data__A28,CD009535,54,D,0.64296,0.63703,False,3,383,10.1002/14651858.CD009535.pub3,5,63.57285429141717,False,0,34.960079840319366,Moderate
CD009535_pub3_data__A27,CD009535,54,D,0.480734,0.66637,False,4,491,10.1002/14651858.CD009535.pub3,5,63.57285429141717,False,0,34.960079840319366,Moderate
CD009535_pub3_data__A26,CD009535,54,D,2.838505,0.066474,False,4,13809,10.1002/14651858.CD009535.pub3,5,63.57285429141717,False,0,34.960079840319366,Moderate
CD009535_pub3_data__A25,CD009535,54,D,2.838505,0.066474,False,4,13809,10.1002/14651858.CD009535.pub3,5,63.57285429141717,False,0,34.960079840319366,Moderate
CD013408_pub2_data__A3,CD013408,54,D,-0.181874,0.57834,False,2,1340,10.1002/14651858.CD013408.pub2,1,26.34730538922156,False,0,18.323353293413177,Low Stakes
CD013408_pub2_data__A15,CD013408,54,D,0.129911,0.511224,False,4,3299,10.1002/14651858.CD013408.pub2,1,26.34730538922156,False,0,18.323353293413177,Low Stakes
CD013408_pub2_data__A13,CD013408,54,D,0.229662,0.44917,False,3,2964,10.1002/14651858.CD013408.pub2,1,26.34730538922156,False,0,18.323353293413177,Low Stakes
CD013408_pub2_data__A12,CD013408,54,D,0.138221,0.683197,False,3,2401,10.1002/14651858.CD013408.pub2,1,26.34730538922156,False,0,18.323353293413177,Low Stakes
CD013757_pub3_data__A3,CD013757,54,D,0.087619,0.562233,False,4,3099,10.1002/14651858.CD013757.pub3,6,68.76247504990019,True,0,52.75449101796407,Red Flag
CD006475_pub3_data__A6,CD006475,54,D,-0.219917,0.016899,True,32,7212,10.1002/14651858.CD006475.pub3,1,26.34730538922156,False,0,16.497005988023954,Low Stakes
CD013763_pub3_data__A1,CD013763,54,D,0.016543,0.948741,False,62,3593,10.1002/14651858.CD013763.pub3,10,82.83433133732535,True,0,60.17964071856287,Red Flag
CD004925_pub4_data__A7,CD004925,54,D,0.288696,0.45058,False,8,1546,10.1002/14651858.CD004925.pub4,10,82.83433133732535,False,0,36.58682634730539,Moderate
CD004871_pub5_data__A14,CD004871,54,D,-0.04258,0.969013,False,4,436,10.1002/14651858.CD004871.pub5,6,68.76247504990019,False,0,34.55089820359281,Moderate
CD015788_pub2_data__A1,CD015788,54,D,-0.036057,0.973611,False,4,1241,10.1002/14651858.CD015788.pub2,0,9.68063872255489,False,0,5.908183632734531,Low Stakes
CD013197_pub2_data__A3,CD013197,54,D,0.005541,0.977987,False,3,377,10.1002/14651858.CD013197.pub2,2,39.12175648702595,False,0,23.77245508982036,Low Stakes
CD013197_pub2_data__A19,CD013197,54,D,-0.083882,0.670425,False,44,5258,10.1002/14651858.CD013197.pub2,2,39.12175648702595,False,0,23.77245508982036,Low Stakes
CD013232_pub2_data__A18,CD013232,54,D,-0.857054,0.000107,True,20,1289,10.1002/14651858.CD013232.pub2,4,57.48502994011976,False,0,31.477045908183634,Moderate
CD015788_pub2_data__A4,CD015788,54,D,0.025963,0.980979,False,4,727,10.1002/14651858.CD015788.pub2,0,9.68063872255489,False,0,5.908183632734531,Low Stakes
CD015788_pub2_data__A2,CD015788,54,D,0.076063,0.944319,False,4,758,10.1002/14651858.CD015788.pub2,0,9.68063872255489,False,0,5.908183632734531,Low Stakes
CD007639_pub3_data__A2,CD007639,54,D,0.367999,0.32753,False,22,1735,10.1002/14651858.CD007639.pub3,2,39.12175648702595,False,0,22.994011976047904,Low Stakes
CD007639_pub3_data__A15,CD007639,54,D,-1.251697,0.263739,False,4,258,10.1002/14651858.CD007639.pub3,2,39.12175648702595,False,0,22.994011976047904,Low Stakes
CD004736_pub6_data__A65,CD004736,54,D,-0.193571,0.565863,False,3,1959,10.1002/14651858.CD004736.pub6,14,90.31936127744511,False,0,46.10778443113773,Moderate
CD014624_pub2_data__A4,CD014624,54,D,0.457778,0.012405,True,95,639,10.1002/14651858.CD014624.pub2,6,68.76247504990019,False,0,32.75449101796407,Moderate
CD001797_pub4_data__A9,CD001797,54,D,-0.238351,0.658519,False,3,315,10.1002/14651858.CD001797.pub4,6,68.76247504990019,False,0,32.75449101796407,Moderate
CD013111_pub2_data__A1,CD013111,54,D,0.794108,0.122024,False,4,137,10.1002/14651858.CD013111.pub2,2,39.12175648702595,True,0,39.790419161676645,Moderate
CD006404_pub5_data__A17,CD006404,54,D,-0.009514,0.96884,False,2,654,10.1002/14651858.CD006404.pub5,0,9.68063872255489,False,0,11.996007984031937,Low Stakes
CD013715_pub2_data__A7,CD013715,54,D,0.453784,0.622841,False,4,262,10.1002/14651858.CD013715.pub2,0,9.68063872255489,False,0,12.754491017964073,Low Stakes
CD013421_pub2_data__A4,CD013421,54,D,-0.017333,0.989512,False,3,266,10.1002/14651858.CD013421.pub2,3,49.101796407185624,False,0,23.093812375249502,Low Stakes
CD004736_pub6_data__A77,CD004736,54,D,-0.023953,0.985353,False,3,12077,10.1002/14651858.CD004736.pub6,14,90.31936127744511,False,0,46.10778443113773,Moderate
CD004736_pub6_data__A75,CD004736,54,D,-0.409146,0.431832,False,4,1960,10.1002/14651858.CD004736.pub6,14,90.31936127744511,False,0,46.10778443113773,Moderate
CD004736_pub6_data__A71,CD004736,54,D,-0.092328,0.72915,False,4,776,10.1002/14651858.CD004736.pub6,14,90.31936127744511,False,0,46.10778443113773,Moderate
CD013042_pub2_data__A8,CD013042,54,D,0.13815,0.689809,False,2,236,10.1002/14651858.CD013042.pub2,6,68.76247504990019,False,0,31.646706586826344,Moderate
CD013054_pub3_data__A8,CD013054,54,D,-0.104355,0.855583,False,2,97,10.1002/14651858.CD013054.pub3,0,9.68063872255489,False,0,8.013972055888225,Low Stakes
CD015284_pub2_data__A36,CD015284,54,D,0.018037,0.989014,False,3,286,10.1002/14651858.CD015284.pub2,2,39.12175648702595,False,0,25.309381237524953,Low Stakes
CD012993_pub2_data__A3,CD012993,54,D,0.006338,0.99001,False,4,324,10.1002/14651858.CD012993.pub2,10,82.83433133732535,False,0,37.77445109780439,Moderate
CD012993_pub2_data__A7,CD012993,54,D,-0.587329,0.491411,False,2,223,10.1002/14651858.CD012993.pub2,10,82.83433133732535,False,0,37.77445109780439,Moderate
CD012993_pub2_data__A6,CD012993,54,D,-0.301185,0.819475,False,3,322,10.1002/14651858.CD012993.pub2,10,82.83433133732535,False,0,37.77445109780439,Moderate
CD015849_pub2_data__A23,CD015849,54,D,-0.196154,0.288825,False,6,17756,10.1002/14651858.CD015849.pub2,4,57.48502994011976,False,0,32.83433133732535,Moderate
CD015284_pub2_data__A31,CD015284,54,D,0.018037,0.989014,False,3,286,10.1002/14651858.CD015284.pub2,2,39.12175648702595,False,0,25.309381237524953,Low Stakes
CD015284_pub2_data__A30,CD015284,54,D,0.019806,0.987934,False,3,294,10.1002/14651858.CD015284.pub2,2,39.12175648702595,False,0,25.309381237524953,Low Stakes
CD015284_pub2_data__A29,CD015284,54,D,0.018514,0.988723,False,3,288,10.1002/14651858.CD015284.pub2,2,39.12175648702595,False,0,25.309381237524953,Low Stakes
CD015284_pub2_data__A18,CD015284,54,D,0.039533,0.971081,False,4,527,10.1002/14651858.CD015284.pub2,2,39.12175648702595,False,0,25.309381237524953,Low Stakes
CD015443_pub2_data__A3,CD015443,54,D,-0.361814,0.058275,False,5,2918,10.1002/14651858.CD015443.pub2,7,73.05389221556887,False,0,34.47105788423154,Moderate
CD015432_pub2_data__A11,CD015432,54,D,0.089887,0.945534,False,3,209,10.1002/14651858.CD015432.pub2,5,63.57285429141717,False,0,32.774451097804395,Moderate
CD013715_pub2_data__A22,CD013715,54,D,0.416967,0.222281,False,5,422,10.1002/14651858.CD013715.pub2,0,9.68063872255489,False,0,12.754491017964073,Low Stakes
CD015849_pub2_data__A39,CD015849,54,D,0.336488,0.292239,False,8,6678,10.1002/14651858.CD015849.pub2,4,57.48502994011976,False,0,32.83433133732535,Moderate
CD012993_pub2_data__A4,CD012993,54,D,-0.228826,0.537842,False,3,313,10.1002/14651858.CD012993.pub2,10,82.83433133732535,False,0,37.77445109780439,Moderate
CD015284_pub2_data__A17,CD015284,54,D,0.013858,0.989857,False,4,668,10.1002/14651858.CD015284.pub2,2,39.12175648702595,False,0,25.309381237524953,Low Stakes
CD015255_pub2_data__A5,CD015255,54,D,-1.023736,0.078653,False,4,580,10.1002/14651858.CD015255.pub2,12,86.42714570858283,False,0,43.56287425149701,Moderate
CD015255_pub2_data__A24,CD015255,54,D,-0.926237,0.389297,False,2,64,10.1002/14651858.CD015255.pub2,12,86.42714570858283,False,0,43.56287425149701,Moderate
CD015255_pub2_data__A23,CD015255,54,D,-0.792892,0.410845,False,2,120,10.1002/14651858.CD015255.pub2,12,86.42714570858283,False,0,43.56287425149701,Moderate
CD015255_pub2_data__A22,CD015255,54,D,0.312248,0.39086,False,2,363,10.1002/14651858.CD015255.pub2,12,86.42714570858283,False,0,43.56287425149701,Moderate
CD013715_pub2_data__A2,CD013715,54,D,0.880483,0.346444,False,2,78,10.1002/14651858.CD013715.pub2,0,9.68063872255489,False,0,12.754491017964073,Low Stakes
CD013715_pub2_data__A17,CD013715,54,D,0.190362,0.619314,False,3,355,10.1002/14651858.CD013715.pub2,0,9.68063872255489,False,0,12.754491017964073,Low Stakes
CD015443_pub2_data__A6,CD015443,54,D,-0.911978,0.0,False,1,823,10.1002/14651858.CD015443.pub2,7,73.05389221556887,False,0,34.47105788423154,Moderate
CD013421_pub2_data__A5,CD013421,54,D,-0.009351,0.994341,False,3,285,10.1002/14651858.CD013421.pub2,3,49.101796407185624,False,0,23.093812375249502,Low Stakes
CD007079_pub4_data__A2,CD007079,54,D,-0.276452,0.016237,True,20,42960,10.1002/14651858.CD007079.pub4,0,9.68063872255489,False,0,11.65668662674651,Low Stakes
CD007079_pub4_data__A16,CD007079,54,D,-0.148813,0.582576,False,2,675,10.1002/14651858.CD007079.pub4,0,9.68063872255489,False,0,11.65668662674651,Low Stakes
CD015255_pub2_data__A17,CD015255,54,D,0.051088,0.954065,False,3,207,10.1002/14651858.CD015255.pub2,12,86.42714570858283,False,0,43.56287425149701,Moderate
CD015255_pub2_data__A11,CD015255,54,D,-0.746473,0.081757,False,10,1056,10.1002/14651858.CD015255.pub2,12,86.42714570858283,False,0,43.56287425149701,Moderate
CD015255_pub2_data__A10,CD015255,54,D,-0.809701,0.070968,False,10,1072,10.1002/14651858.CD015255.pub2,12,86.42714570858283,False,0,43.56287425149701,Moderate
CD015254_pub2_data__A9,CD015254,54,D,-0.59753,0.117841,False,10,1473,10.1002/14651858.CD015254.pub2,5,63.57285429141717,False,0,32.47504990019961,Moderate
CD015254_pub2_data__A6,CD015254,54,D,-0.558013,0.13504,False,10,1571,10.1002/14651858.CD015254.pub2,5,63.57285429141717,False,0,32.47504990019961,Moderate
CD012925_pub2_data__A4,CD012925,54,D,0.414247,0.174378,False,13,52334,10.1002/14651858.CD012925.pub2,8,76.14770459081836,False,0,35.0998003992016,Moderate
CD013643_pub2_data__A1,CD013643,54,D,0.829095,0.088618,False,4,244,10.1002/14651858.CD013643.pub2,3,49.101796407185624,False,0,26.686626746506988,Low Stakes
CD015443_pub2_data__A8,CD015443,54,D,0.009153,0.996353,False,1,436,10.1002/14651858.CD015443.pub2,7,73.05389221556887,False,0,34.47105788423154,Moderate
CD015443_pub2_data__A7,CD015443,54,D,0.020225,0.991936,False,1,889,10.1002/14651858.CD015443.pub2,7,73.05389221556887,False,0,34.47105788423154,Moderate
CD010856_pub3_data__A12,CD010856,54,D,0.13467,0.917881,False,3,2271,10.1002/14651858.CD010856.pub3,16,93.21357285429141,False,0,43.74251497005989,Moderate
CD010856_pub3_data__A11,CD010856,54,D,-0.141819,0.89628,False,4,4056,10.1002/14651858.CD010856.pub3,16,93.21357285429141,False,0,43.74251497005989,Moderate
CD007079_pub4_data__A9,CD007079,54,D,0.022453,0.983771,False,4,454,10.1002/14651858.CD007079.pub4,0,9.68063872255489,False,0,11.65668662674651,Low Stakes
CD007079_pub4_data__A4,CD007079,54,D,-0.160725,0.077386,False,17,38300,10.1002/14651858.CD007079.pub4,0,9.68063872255489,False,0,11.65668662674651,Low Stakes
CD012891_pub2_data__A2,CD012891,54,D,-1.201579,0.080817,False,4,369,10.1002/14651858.CD012891.pub2,1,26.34730538922156,False,0,16.497005988023954,Low Stakes
CD015254_pub2_data__A2,CD015254,54,D,-0.396124,0.765114,False,3,572,10.1002/14651858.CD015254.pub2,5,63.57285429141717,False,0,32.47504990019961,Moderate
CD014741_pub2_data__A3,CD014741,54,D,0.327701,0.009291,True,30,17075,10.1002/14651858.CD014741.pub2,3,49.101796407185624,False,0,24.281437125748504,Low Stakes
CD004736_pub6_data__A56,CD004736,54,D,-0.038921,0.933035,False,19,3095,10.1002/14651858.CD004736.pub6,14,90.31936127744511,False,0,46.10778443113773,Moderate
CD015254_pub2_data__A11,CD015254,54,D,-0.208327,0.640805,False,2,324,10.1002/14651858.CD015254.pub2,5,63.57285429141717,False,0,32.47504990019961,Moderate
CD015254_pub2_data__A10,CD015254,54,D,-0.24218,0.540657,False,2,324,10.1002/14651858.CD015254.pub2,5,63.57285429141717,False,0,32.47504990019961,Moderate
CD015254_pub2_data__A1,CD015254,54,D,2.557147,0.179012,False,2,177,10.1002/14651858.CD015254.pub2,5,63.57285429141717,False,0,32.47504990019961,Moderate
CD012905_pub2_data__A8,CD012905,54,D,-0.468485,0.088518,False,8,1147,10.1002/14651858.CD012905.pub2,2,39.12175648702595,False,0,19.79041916167665,Low Stakes
CD004736_pub6_data__A42,CD004736,54,D,-0.098388,0.063302,False,19,21938,10.1002/14651858.CD004736.pub6,14,90.31936127744511,False,0,46.10778443113773,Moderate
CD004736_pub6_data__A35,CD004736,54,D,-0.430169,0.104579,False,30,24825,10.1002/14651858.CD004736.pub6,14,90.31936127744511,False,0,46.10778443113773,Moderate
CD003519_pub5_data__A13,CD003519,54,D,0.73428,0.000815,True,13,827,10.1002/14651858.CD003519.pub5,1,26.34730538922156,False,0,19.640718562874255,Low Stakes
CD014763_pub2_data__A6,CD014763,54,D,0.016542,0.969205,False,3,229,10.1002/14651858.CD014763.pub2,13,88.32335329341318,False,0,39.471057884231534,Moderate
CD006712_pub3_data__A4,CD006712,54,D,0.0,1.0,False,1,0,10.1002/14651858.CD006712.pub3,3,49.101796407185624,False,0,20.97804391217565,Low Stakes
CD002971_pub6_data__A11,CD002971,54,D,-0.021729,0.950031,False,4,1124,10.1002/14651858.CD002971.pub6,0,9.68063872255489,False,0,11.21756487025948,Low Stakes
CD006606_pub5_data__A4,CD006606,54,D,0.504705,0.292191,False,2,378,10.1002/14651858.CD006606.pub5,5,63.57285429141717,False,0,32.47504990019961,Moderate
CD006606_pub5_data__A3,CD006606,54,D,0.504705,0.292191,False,2,378,10.1002/14651858.CD006606.pub5,5,63.57285429141717,False,0,32.47504990019961,Moderate
CD013445_pub2_data__A33,CD013445,54,D,-0.839034,0.380606,False,4,319,10.1002/14651858.CD013445.pub2,15,91.81636726546905,False,0,46.387225548902194,Moderate
CD013456_pub2_data__A9,CD013456,54,D,0.257747,0.670021,False,12,620,10.1002/14651858.CD013456.pub2,16,93.21357285429141,False,0,44.3313373253493,Moderate
CD002203_pub5_data__A9,CD002203,54,D,-0.421288,0.390145,False,4,608,10.1002/14651858.CD002203.pub5,0,9.68063872255489,True,0,33.532934131736525,Moderate
CD002203_pub5_data__A6,CD002203,54,D,0.06031,0.924452,False,3,544,10.1002/14651858.CD002203.pub5,0,9.68063872255489,True,0,33.532934131736525,Moderate
CD012718_pub2_data__A8,CD012718,54,D,1.162235,0.136033,False,2,309,10.1002/14651858.CD012718.pub2,6,68.76247504990019,False,0,32.75449101796407,Moderate
CD012718_pub2_data__A7,CD012718,54,D,0.355902,0.321573,False,2,600,10.1002/14651858.CD012718.pub2,6,68.76247504990019,False,0,32.75449101796407,Moderate
CD012718_pub2_data__A2,CD012718,54,D,0.670978,0.008696,True,15,10661,10.1002/14651858.CD012718.pub2,6,68.76247504990019,False,0,32.75449101796407,Moderate
CD014763_pub2_data__A5,CD014763,54,D,-0.609539,0.509061,False,4,285,10.1002/14651858.CD014763.pub2,13,88.32335329341318,False,0,39.471057884231534,Moderate
CD003519_pub5_data__A10,CD003519,54,D,-0.904695,0.184066,False,3,366,10.1002/14651858.CD003519.pub5,1,26.34730538922156,False,0,19.640718562874255,Low Stakes
CD012757_pub2_data__A8,CD012757,54,D,0.700728,0.282925,False,2,164,10.1002/14651858.CD012757.pub2,3,49.101796407185624,False,0,24.890219560878243,Low Stakes
CD012757_pub2_data__A7,CD012757,54,D,0.577742,0.375252,False,2,164,10.1002/14651858.CD012757.pub2,3,49.101796407185624,False,0,24.890219560878243,Low Stakes
CD012757_pub2_data__A4,CD012757,54,D,-1.86206,0.209108,False,2,154,10.1002/14651858.CD012757.pub2,3,49.101796407185624,False,0,24.890219560878243,Low Stakes
CD013474_pub2_data__A15,CD013474,54,D,0.808603,0.264435,False,2,132,10.1002/14651858.CD013474.pub2,1,26.34730538922156,False,0,17.884231536926148,Low Stakes
CD013474_pub2_data__A14,CD013474,54,D,0.497557,0.4272,False,2,132,10.1002/14651858.CD013474.pub2,1,26.34730538922156,False,0,17.884231536926148,Low Stakes
CD006714_pub3_data__A3,CD006714,54,D,-1.171372,0.229263,False,3,269,10.1002/14651858.CD006714.pub3,0,9.68063872255489,False,0,11.806387225548903,Low Stakes
CD006714_pub3_data__A2,CD006714,54,D,-1.867344,0.081725,False,3,269,10.1002/14651858.CD006714.pub3,0,9.68063872255489,False,0,11.806387225548903,Low Stakes
CD014769_pub2_data__A21,CD014769,54,D,0.011566,0.851539,False,10,48336,10.1002/14651858.CD014769.pub2,4,57.48502994011976,True,0,52.40518962075848,Red Flag
CD014769_pub2_data__A13,CD014769,54,D,-0.371609,0.170115,False,6,40305,10.1002/14651858.CD014769.pub2,4,57.48502994011976,True,0,52.40518962075848,Red Flag
CD015932_pub2_data__A13,CD015932,54,D,-0.937713,0.003654,True,10,38210,10.1002/14651858.CD015932.pub2,0,9.68063872255489,False,0,11.996007984031937,Low Stakes
CD015894_pub2_data__A3,CD015894,54,D,0.198475,0.856309,False,4,347,10.1002/14651858.CD015894.pub2,1,26.34730538922156,False,0,11.876247504990022,Low Stakes
CD012693_pub3_data__A30,CD012693,54,D,-0.289188,0.61802,False,10,455,10.1002/14651858.CD012693.pub3,12,86.42714570858283,False,0,44.141716566866265,Moderate
CD012693_pub3_data__A25,CD012693,54,D,-0.230574,0.504108,False,10,412,10.1002/14651858.CD012693.pub3,12,86.42714570858283,False,0,44.141716566866265,Moderate
CD008165_pub5_data__A5,CD008165,54,D,0.051518,0.968552,False,3,691,10.1002/14651858.CD008165.pub5,43,99.40119760479041,False,0,42.46506986027944,Moderate
CD012693_pub3_data__A9,CD012693,54,D,0.181599,0.011401,True,14,5459,10.1002/14651858.CD012693.pub3,12,86.42714570858283,False,0,44.141716566866265,Moderate
CD004736_pub6_data__A33,CD004736,54,D,0.455136,0.091977,False,32,22260,10.1002/14651858.CD004736.pub6,14,90.31936127744511,False,0,46.10778443113773,Moderate
CD014833_pub2_data__A1,CD014833,54,D,-0.510796,0.4858,False,2,90,10.1002/14651858.CD014833.pub2,0,9.68063872255489,False,0,10.658682634730539,Low Stakes
CD012693_pub3_data__A10,CD012693,54,D,0.46042,0.107445,False,12,3121,10.1002/14651858.CD012693.pub3,12,86.42714570858283,False,0,44.141716566866265,Moderate
CD014861_pub2_data__A7,CD014861,54,D,0.646022,0.420797,False,2,105,10.1002/14651858.CD014861.pub2,1,26.34730538922156,False,0,16.497005988023954,Low Stakes
CD014861_pub2_data__A5,CD014861,54,D,1.646764,0.314301,False,2,105,10.1002/14651858.CD014861.pub2,1,26.34730538922156,False,0,16.497005988023954,Low Stakes
CD004736_pub6_data__A15,CD004736,54,D,-0.813241,0.001465,True,20,20666,10.1002/14651858.CD004736.pub6,14,90.31936127744511,False,0,46.10778443113773,Moderate
CD016001_data__A17,CD016001,54,D,-3.960127,0.016976,True,8,359,10.1002/14651858.CD016001,0,9.68063872255489,False,0,12.584830339321359,Low Stakes
CD012178_pub2_data__A1,CD012178,54,D,-0.136533,0.566624,False,4,532,10.1002/14651858.CD012178.pub2,0,9.68063872255489,False,0,6.57684630738523,Low Stakes
CD013595_pub2_data__A8,CD013595,54,D,0.241524,0.403015,False,3,1644,10.1002/14651858.CD013595.pub2,6,68.76247504990019,False,0,32.75449101796407,Moderate
CD006714_pub3_data__A7,CD006714,54,D,-3.276293,0.063198,False,3,269,10.1002/14651858.CD006714.pub3,0,9.68063872255489,False,0,11.806387225548903,Low Stakes
CD014923_pub2_data__A1,CD014923,54,D,1.810494,0.016182,True,10,517,10.1002/14651858.CD014923.pub2,12,86.42714570858283,False,0,35.90818363273453,Moderate
CD014937_pub2_data__A15,CD014937,54,D,-0.460933,0.005606,True,38,5540,10.1002/14651858.CD014937.pub2,3,49.101796407185624,False,0,28.353293413173652,Low Stakes
CD014937_pub2_data__A13,CD014937,54,D,-0.439034,0.001012,True,51,7715,10.1002/14651858.CD014937.pub2,3,49.101796407185624,False,0,28.353293413173652,Low Stakes
CD014937_pub2_data__A12,CD014937,54,D,-0.47146,9.5e-05,True,72,9779,10.1002/14651858.CD014937.pub2,3,49.101796407185624,False,0,28.353293413173652,Low Stakes
CD014937_pub2_data__A11,CD014937,54,D,-0.382959,0.02218,True,36,5278,10.1002/14651858.CD014937.pub2,3,49.101796407185624,False,0,28.353293413173652,Low Stakes
CD014937_pub2_data__A1,CD014937,54,D,-0.404197,0.00359,True,46,6815,10.1002/14651858.CD014937.pub2,3,49.101796407185624,False,0,28.353293413173652,Low Stakes
CD014941_pub2_data__A17,CD014941,54,D,1.304893,0.028122,True,4,875,10.1002/14651858.CD014941.pub2,7,73.05389221556887,False,0,37.70459081836327,Moderate
CD012079_pub2_data__A2,CD012079,54,D,0.360364,0.019664,True,70,10450,10.1002/14651858.CD012079.pub2,12,86.42714570858283,False,0,43.56287425149701,Moderate
CD012079_pub2_data__A16,CD012079,54,D,0.318647,0.194141,False,13,1169,10.1002/14651858.CD012079.pub2,12,86.42714570858283,False,0,43.56287425149701,Moderate
CD014941_pub2_data__A13,CD014941,54,D,1.239299,0.029818,True,4,809,10.1002/14651858.CD014941.pub2,7,73.05389221556887,False,0,37.70459081836327,Moderate
CD014941_pub2_data__A12,CD014941,54,D,0.475291,0.24229,False,4,875,10.1002/14651858.CD014941.pub2,7,73.05389221556887,False,0,37.70459081836327,Moderate
CD015140_pub2_data__A6,CD015140,54,D,0.60307,0.410007,False,8,2012,10.1002/14651858.CD015140.pub2,0,9.68063872255489,False,0,11.806387225548903,Low Stakes
CD012067_pub3_data__A8,CD012067,54,D,-0.212873,0.101864,False,17,3339,10.1002/14651858.CD012067.pub3,0,9.68063872255489,False,0,12.86427145708583,Low Stakes
CD013571_pub2_data__A9,CD013571,54,D,0.048521,0.964724,False,4,719,10.1002/14651858.CD013571.pub2,16,93.21357285429141,False,0,44.07185628742515,Moderate
CD013571_pub2_data__A7,CD013571,54,D,-0.021613,0.98422,False,4,800,10.1002/14651858.CD013571.pub2,16,93.21357285429141,False,0,44.07185628742515,Moderate
CD013571_pub2_data__A6,CD013571,54,D,-1.571606,0.370783,False,3,758,10.1002/14651858.CD013571.pub2,16,93.21357285429141,False,0,44.07185628742515,Moderate
CD006913_pub3_data__A16,CD006913,54,D,0.634975,0.407743,False,2,96,10.1002/14651858.CD006913.pub3,3,49.101796407185624,False,0,29.171656686626747,Low Stakes
CD015518_data__A2,CD015518,54,D,-0.03416,0.879849,False,80,6699,10.1002/14651858.CD015518,3,49.101796407185624,False,0,24.890219560878243,Low Stakes
CD006913_pub3_data__A15,CD006913,54,D,0.261899,0.33644,False,36,2605,10.1002/14651858.CD006913.pub3,3,49.101796407185624,False,0,29.171656686626747,Low Stakes
CD014959_pub2_data__A4,CD014959,54,D,-0.353958,0.587912,False,6,2986,10.1002/14651858.CD014959.pub2,4,57.48502994011976,False,0,30.618762475049902,Moderate
CD014959_pub2_data__A2,CD014959,54,D,-0.378334,0.554566,False,6,2730,10.1002/14651858.CD014959.pub2,4,57.48502994011976,False,0,30.618762475049902,Moderate
CD015140_pub2_data__A14,CD015140,54,D,-0.226115,0.763149,False,5,891,10.1002/14651858.CD015140.pub2,0,9.68063872255489,False,0,11.806387225548903,Low Stakes
CD016064_data__A4,CD016064,54,D,-0.103779,0.761781,False,35,6589,10.1002/14651858.CD016064,2,39.12175648702595,False,0,20.289421157684632,Low Stakes
CD009730_pub3_data__A13,CD009730,54,D,-0.039815,0.907471,False,11,497,10.1002/14651858.CD009730.pub3,1,26.34730538922156,False,0,17.884231536926148,Low Stakes
CD008688_pub3_data__A7,CD008688,54,D,0.463301,0.647612,False,2,486,10.1002/14651858.CD008688.pub3,0,9.68063872255489,False,0,8.013972055888225,Low Stakes
CD006913_pub3_data__A14,CD006913,54,D,0.149992,0.583305,False,47,3774,10.1002/14651858.CD006913.pub3,3,49.101796407185624,False,0,29.171656686626747,Low Stakes
CD006913_pub3_data__A10,CD006913,54,D,0.027299,0.921168,False,54,4909,10.1002/14651858.CD006913.pub3,3,49.101796407185624,False,0,29.171656686626747,Low Stakes
CD006913_pub3_data__A1,CD006913,54,D,0.01945,0.924617,False,97,7122,10.1002/14651858.CD006913.pub3,3,49.101796407185624,False,0,29.171656686626747,Low Stakes
CD006913_pub3_data__A3,CD006913,54,D,0.011771,0.960961,False,71,5313,10.1002/14651858.CD006913.pub3,3,49.101796407185624,False,0,29.171656686626747,Low Stakes
CD006913_pub3_data__A29,CD006913,54,D,0.00161,0.998827,False,4,252,10.1002/14651858.CD006913.pub3,3,49.101796407185624,False,0,29.171656686626747,Low Stakes
CD006913_pub3_data__A28,CD006913,54,D,-0.631523,0.414712,False,2,98,10.1002/14651858.CD006913.pub3,3,49.101796407185624,False,0,29.171656686626747,Low Stakes
CD015518_data__A7,CD015518,54,D,-0.098523,0.92815,False,4,424,10.1002/14651858.CD015518,3,49.101796407185624,False,0,24.890219560878243,Low Stakes
CD013474_pub2_data__A9,CD013474,54,D,-0.184093,0.62349,False,4,1189,10.1002/14651858.CD013474.pub2,1,26.34730538922156,False,0,17.884231536926148,Low Stakes
CD013474_pub2_data__A8,CD013474,54,D,-0.184093,0.62349,False,4,1189,10.1002/14651858.CD013474.pub2,1,26.34730538922156,False,0,17.884231536926148,Low Stakes
CD004508_pub5_data__A12,CD004508,54,D,-0.026955,0.954163,False,3,453,10.1002/14651858.CD004508.pub5,1,26.34730538922156,False,0,18.16367265469062,Low Stakes
CD015122_pub2_data__A26,CD015122,54,D,0.010529,0.99357,False,3,553,10.1002/14651858.CD015122.pub2,4,57.48502994011976,False,0,32.17564870259481,Moderate
CD015122_pub2_data__A23,CD015122,54,D,-1.201027,0.066211,False,3,553,10.1002/14651858.CD015122.pub2,4,57.48502994011976,False,0,32.17564870259481,Moderate
CD015122_pub2_data__A20,CD015122,54,D,0.754374,0.546434,False,3,553,10.1002/14651858.CD015122.pub2,4,57.48502994011976,False,0,32.17564870259481,Moderate
CD015122_pub2_data__A18,CD015122,54,D,-1.727712,0.062822,False,3,553,10.1002/14651858.CD015122.pub2,4,57.48502994011976,False,0,32.17564870259481,Moderate
CD011039_pub2_data__A6,CD011039,54,D,0.12194,0.858464,False,2,130,10.1002/14651858.CD011039.pub2,2,39.12175648702595,False,0,20.898203592814372,Low Stakes
CD004508_pub5_data__A5,CD004508,54,D,-0.016563,0.942225,False,4,559,10.1002/14651858.CD004508.pub5,1,26.34730538922156,False,0,18.16367265469062,Low Stakes
CD015014_pub2_data__A16,CD015014,54,D,0.25301,0.381514,False,3,1061,10.1002/14651858.CD015014.pub2,5,63.57285429141717,False,0,35.249500998003995,Moderate
CD015014_pub2_data__A15,CD015014,54,D,0.25301,0.381514,False,3,1061,10.1002/14651858.CD015014.pub2,5,63.57285429141717,False,0,35.249500998003995,Moderate
CD001396_pub4_data__A17,CD001396,54,D,-0.448235,0.736675,False,3,384,10.1002/14651858.CD001396.pub4,5,63.57285429141717,False,0,33.72255489021957,Moderate
CD015014_pub2_data__A14,CD015014,54,D,0.25301,0.381514,False,3,1061,10.1002/14651858.CD015014.pub2,5,63.57285429141717,False,0,35.249500998003995,Moderate
CD015014_pub2_data__A13,CD015014,54,D,0.25301,0.381514,False,3,1061,10.1002/14651858.CD015014.pub2,5,63.57285429141717,False,0,35.249500998003995,Moderate
CD011671_pub3_data__A11,CD011671,54,D,-0.364621,0.313891,False,3,350,10.1002/14651858.CD011671.pub3,20,96.50698602794411,False,0,44.560878243512974,Moderate
CD011039_pub2_data__A2,CD011039,54,D,-0.075324,0.879259,False,2,130,10.1002/14651858.CD011039.pub2,2,39.12175648702595,False,0,20.898203592814372,Low Stakes
CD011671_pub3_data__A8,CD011671,54,D,0.155019,0.888186,False,4,220,10.1002/14651858.CD011671.pub3,20,96.50698602794411,False,0,44.560878243512974,Moderate
CD006913_pub3_data__A20,CD006913,54,D,0.00161,0.998827,False,4,252,10.1002/14651858.CD006913.pub3,3,49.101796407185624,False,0,29.171656686626747,Low Stakes
CD006913_pub3_data__A19,CD006913,54,D,0.00161,0.998827,False,4,252,10.1002/14651858.CD006913.pub3,3,49.101796407185624,False,0,29.171656686626747,Low Stakes
CD015520_data__A6,CD015520,54,D,-0.145888,0.894078,False,4,289,10.1002/14651858.CD015520,1,26.34730538922156,False,0,16.497005988023954,Low Stakes
CD015038_pub2_data__A3,CD015038,54,D,-0.026428,0.97058,False,3,1552,10.1002/14651858.CD015038.pub2,6,68.76247504990019,False,0,35.12974051896207,Moderate
CD011381_pub3_data__A7,CD011381,54,D,-0.695071,0.728315,False,1,1169,10.1002/14651858.CD011381.pub3,16,93.21357285429141,False,0,43.243512974051896,Moderate
CD015038_pub2_data__A16,CD015038,54,D,0.000544,0.999668,False,3,1950,10.1002/14651858.CD015038.pub2,6,68.76247504990019,False,0,35.12974051896207,Moderate
CD011381_pub3_data__A9,CD011381,54,D,-0.695071,0.728315,False,1,1169,10.1002/14651858.CD011381.pub3,16,93.21357285429141,False,0,43.243512974051896,Moderate
CD015038_pub2_data__A11,CD015038,54,D,-0.005506,0.996661,False,3,599,10.1002/14651858.CD015038.pub2,6,68.76247504990019,False,0,35.12974051896207,Moderate
CD009417_pub3_data__A5,CD009417,54,D,0.307554,0.515374,False,4,341,10.1002/14651858.CD009417.pub3,3,49.101796407185624,True,0,44.89021956087825,Moderate
CD000547_pub3_data__A13,CD000547,54,D,0.020002,0.985411,False,4,289,10.1002/14651858.CD000547.pub3,4,57.48502994011976,False,0,29.451097804391217,Low Stakes
CD000547_pub3_data__A2,CD000547,54,D,0.029944,0.978176,False,4,243,10.1002/14651858.CD000547.pub3,4,57.48502994011976,False,0,29.451097804391217,Low Stakes
CD015033_pub2_data__A11,CD015033,53,D,-0.127963,0.719044,False,3,373,10.1002/14651858.CD015033.pub2,10,82.83433133732535,False,0,42.01596806387226,Moderate
CD015033_pub2_data__A13,CD015033,53,D,0.022013,0.934546,False,3,371,10.1002/14651858.CD015033.pub2,10,82.83433133732535,False,0,42.01596806387226,Moderate
CD015122_pub2_data__A19,CD015122,53,D,0.605362,0.109718,False,3,553,10.1002/14651858.CD015122.pub2,4,57.48502994011976,False,0,32.17564870259481,Moderate
CD001321_pub7_data__A4,CD001321,53,D,0.094041,0.523974,False,4,1574,10.1002/14651858.CD001321.pub7,9,79.84031936127745,False,0,33.97205588822356,Moderate
CD011670_pub3_data__A1,CD011670,53,D,-0.110145,0.917725,False,4,186,10.1002/14651858.CD011670.pub3,4,57.48502994011976,False,0,27.135728542914173,Low Stakes
CD002303_pub4_data__A1,CD002303,53,D,0.496741,0.236515,False,8,1732,10.1002/14651858.CD002303.pub4,3,49.101796407185624,False,0,19.940119760479043,Low Stakes
CD006913_pub3_data__A11,CD006913,53,D,-0.490858,7.7e-05,True,60,6454,10.1002/14651858.CD006913.pub3,3,49.101796407185624,False,0,29.171656686626747,Low Stakes
CD006689_pub3_data__A3,CD006689,53,D,-0.212052,0.05094,False,14,6241,10.1002/14651858.CD006689.pub3,2,39.12175648702595,False,0,24.640718562874255,Low Stakes
CD013462_pub3_data__A1,CD013462,53,D,0.363485,0.027108,True,52,8013,10.1002/14651858.CD013462.pub3,0,9.68063872255489,False,0,7.325349301397207,Low Stakes
CD006515_pub2_data__A2,CD006515,53,D,-0.100243,0.917093,False,2,107,10.1002/14651858.CD006515.pub2,5,63.57285429141717,False,0,31.886227544910184,Moderate
CD006515_pub2_data__A12,CD006515,53,D,-0.041592,0.970022,False,4,98,10.1002/14651858.CD006515.pub2,5,63.57285429141717,False,0,31.886227544910184,Moderate
CD013445_pub2_data__A5,CD013445,53,D,0.121616,0.459237,False,35,3548,10.1002/14651858.CD013445.pub2,15,91.81636726546905,False,0,46.387225548902194,Moderate
CD006714_pub3_data__A1,CD006714,53,D,-0.502791,0.689841,False,3,269,10.1002/14651858.CD006714.pub3,0,9.68063872255489,False,0,11.806387225548903,Low Stakes
CD015122_pub2_data__A5,CD015122,53,D,-0.127733,0.675148,False,3,719,10.1002/14651858.CD015122.pub2,4,57.48502994011976,False,0,32.17564870259481,Moderate
CD015122_pub2_data__A24,CD015122,53,D,-0.733496,0.071766,False,3,553,10.1002/14651858.CD015122.pub2,4,57.48502994011976,False,0,32.17564870259481,Moderate
CD012079_pub2_data__A22,CD012079,53,D,0.437947,0.021945,True,59,8824,10.1002/14651858.CD012079.pub2,12,86.42714570858283,False,0,43.56287425149701,Moderate
CD012079_pub2_data__A1,CD012079,53,D,-0.207271,0.102939,False,27,4360,10.1002/14651858.CD012079.pub2,12,86.42714570858283,False,0,43.56287425149701,Moderate
CD013715_pub2_data__A13,CD013715,53,D,1.387606,0.052846,False,4,395,10.1002/14651858.CD013715.pub2,0,9.68063872255489,False,0,12.754491017964073,Low Stakes
CD013715_pub2_data__A23,CD013715,53,D,0.943628,0.021487,True,7,570,10.1002/14651858.CD013715.pub2,0,9.68063872255489,False,0,12.754491017964073,Low Stakes
CD004667_pub6_data__A6,CD004667,53,D,-0.048562,0.418959,False,40,55400,10.1002/14651858.CD004667.pub6,64,99.8003992015968,False,0,48.21357285429142,Moderate
CD014937_pub2_data__A9,CD014937,53,D,-0.425858,0.030697,True,26,4213,10.1002/14651858.CD014937.pub2,3,49.101796407185624,False,0,28.353293413173652,Low Stakes
CD015140_pub2_data__A16,CD015140,53,D,0.450925,0.195667,False,4,372,10.1002/14651858.CD015140.pub2,0,9.68063872255489,False,0,11.806387225548903,Low Stakes
CD008493_pub5_data__A2,CD008493,53,D,-0.130521,0.049661,True,11,12180,10.1002/14651858.CD008493.pub5,2,39.12175648702595,False,0,19.79041916167665,Low Stakes
CD008564_pub3_data__A1,CD008564,53,D,-0.099682,0.045188,True,56,41797,10.1002/14651858.CD008564.pub3,3,49.101796407185624,False,0,25.59880239520958,Low Stakes
CD014965_pub2_data__A19,CD014965,53,D,1.760203,0.048918,True,5,415,10.1002/14651858.CD014965.pub2,4,57.48502994011976,False,0,32.25548902195609,Moderate
CD015443_pub2_data__A10,CD015443,53,D,-0.219329,0.449851,False,15,9306,10.1002/14651858.CD015443.pub2,7,73.05389221556887,False,0,34.47105788423154,Moderate
CD012268_pub2_data__A11,CD012268,53,D,-0.034032,0.939492,False,21,1317,10.1002/14651858.CD012268.pub2,4,57.48502994011976,False,0,29.451097804391217,Low Stakes
CD012268_pub2_data__A6,CD012268,53,D,-0.034032,0.939492,False,21,1317,10.1002/14651858.CD012268.pub2,4,57.48502994011976,False,0,29.451097804391217,Low Stakes
CD012268_pub2_data__A12,CD012268,53,D,-0.034032,0.939492,False,21,1317,10.1002/14651858.CD012268.pub2,4,57.48502994011976,False,0,29.451097804391217,Low Stakes
CD015387_pub2_data__A3,CD015387,53,D,-0.113481,0.331105,False,38,7538,10.1002/14651858.CD015387.pub2,3,49.101796407185624,False,0,24.281437125748504,Low Stakes
CD012268_pub2_data__A8,CD012268,53,D,-0.034032,0.939492,False,21,1317,10.1002/14651858.CD012268.pub2,4,57.48502994011976,False,0,29.451097804391217,Low Stakes
CD012268_pub2_data__A7,CD012268,53,D,-0.034032,0.939492,False,21,1317,10.1002/14651858.CD012268.pub2,4,57.48502994011976,False,0,29.451097804391217,Low Stakes
CD012079_pub2_data__A21,CD012079,53,D,-0.296717,0.030914,True,19,3073,10.1002/14651858.CD012079.pub2,12,86.42714570858283,False,0,43.56287425149701,Moderate
CD012214_pub3_data__A5,CD012214,53,D,0.794108,0.162731,False,4,204,10.1002/14651858.CD012214.pub3,4,57.48502994011976,False,0,25.02994011976048,Low Stakes
CD016002_data__A5,CD016002,53,D,-1.828812,0.670529,False,5,140,10.1002/14651858.CD016002,1,26.34730538922156,False,0,19.640718562874255,Low Stakes
CD014914_pub2_data__A1,CD014914,53,D,0.114518,0.439019,False,41,10221,10.1002/14651858.CD014914.pub2,6,68.76247504990019,False,0,34.29141716566866,Moderate
CD012268_pub2_data__A9,CD012268,53,D,-0.034032,0.939492,False,21,1317,10.1002/14651858.CD012268.pub2,4,57.48502994011976,False,0,29.451097804391217,Low Stakes
CD016002_data__A9,CD016002,53,D,0.066192,0.907428,False,3,161,10.1002/14651858.CD016002,1,26.34730538922156,False,0,19.640718562874255,Low Stakes
CD012850_pub2_data__A5,CD012850,53,D,0.757347,0.146808,False,4,171,10.1002/14651858.CD012850.pub2,19,96.10778443113772,False,0,47.85429141716567,Moderate
CD003519_pub5_data__A12,CD003519,53,D,0.726804,0.004247,True,14,887,10.1002/14651858.CD003519.pub5,1,26.34730538922156,False,0,19.640718562874255,Low Stakes
CD012693_pub3_data__A22,CD012693,53,D,0.097059,0.637452,False,10,455,10.1002/14651858.CD012693.pub3,12,86.42714570858283,False,0,44.141716566866265,Moderate
CD014833_pub2_data__A7,CD014833,53,D,0.420126,0.187941,False,3,571,10.1002/14651858.CD014833.pub2,0,9.68063872255489,False,0,10.658682634730539,Low Stakes
CD012693_pub3_data__A23,CD012693,53,D,0.029036,0.895462,False,10,412,10.1002/14651858.CD012693.pub3,12,86.42714570858283,False,0,44.141716566866265,Moderate
CD015932_pub2_data__A7,CD015932,53,D,-0.272863,0.298564,False,3,579,10.1002/14651858.CD015932.pub2,0,9.68063872255489,False,0,11.996007984031937,Low Stakes
CD015877_data__A1,CD015877,53,D,0.556972,0.657773,False,3,105,10.1002/14651858.CD015877,2,39.12175648702595,False,0,16.35728542914172,Low Stakes
CD003519_pub5_data__A17,CD003519,53,D,1.684045,0.01613,True,6,580,10.1002/14651858.CD003519.pub5,1,26.34730538922156,False,0,19.640718562874255,Low Stakes
CD009609_pub3_data__A8,CD009609,53,D,-8.468865,0.007646,True,4,421,10.1002/14651858.CD009609.pub3,14,90.31936127744511,True,0,61.37724550898204,Red Flag
CD013757_pub3_data__A1,CD013757,53,D,-0.90399,0.128202,False,6,3437,10.1002/14651858.CD013757.pub3,6,68.76247504990019,True,0,52.75449101796407,Red Flag
CD013408_pub2_data__A8,CD013408,53,D,-0.351196,0.054296,False,4,2636,10.1002/14651858.CD013408.pub2,1,26.34730538922156,False,0,18.323353293413177,Low Stakes
CD014861_pub2_data__A3,CD014861,53,D,0.483321,0.501499,False,4,233,10.1002/14651858.CD014861.pub2,1,26.34730538922156,False,0,16.497005988023954,Low Stakes
CD014833_pub2_data__A9,CD014833,53,D,0.423371,0.1151,False,4,905,10.1002/14651858.CD014833.pub2,0,9.68063872255489,False,0,10.658682634730539,Low Stakes
CD014861_pub2_data__A11,CD014861,53,D,0.504962,0.329634,False,4,219,10.1002/14651858.CD014861.pub2,1,26.34730538922156,False,0,16.497005988023954,Low Stakes
CD003962_pub3_data__A6,CD003962,53,D,0.98424,0.063718,False,12,650,10.1002/14651858.CD003962.pub3,13,88.32335329341318,False,0,44.041916167664674,Moderate
CD016002_data__A10,CD016002,53,D,1.05439,0.734197,False,3,116,10.1002/14651858.CD016002,1,26.34730538922156,False,0,19.640718562874255,Low Stakes
CD016002_data__A11,CD016002,53,D,2.62612,0.426717,False,3,116,10.1002/14651858.CD016002,1,26.34730538922156,False,0,19.640718562874255,Low Stakes
CD012268_pub2_data__A1,CD012268,53,D,-0.034032,0.939492,False,21,1317,10.1002/14651858.CD012268.pub2,4,57.48502994011976,False,0,29.451097804391217,Low Stakes
CD012268_pub2_data__A10,CD012268,53,D,-0.034032,0.939492,False,21,1317,10.1002/14651858.CD012268.pub2,4,57.48502994011976,False,0,29.451097804391217,Low Stakes
CD013342_pub2_data__A10,CD013342,53,D,1.046761,0.026106,True,8,501,10.1002/14651858.CD013342.pub2,9,79.84031936127745,False,0,38.39321357285429,Moderate
CD002122_pub3_data__A6,CD002122,53,D,-0.380345,0.032539,True,43,3915,10.1002/14651858.CD002122.pub3,0,9.68063872255489,False,0,7.325349301397207,Low Stakes
CD002122_pub3_data__A2,CD002122,53,D,-0.133304,0.42738,False,67,10605,10.1002/14651858.CD002122.pub3,0,9.68063872255489,False,0,7.325349301397207,Low Stakes
CD015331_pub2_data__A10,CD015331,53,D,0.962043,0.038352,True,4,259,10.1002/14651858.CD015331.pub2,2,39.12175648702595,False,0,25.64870259481038,Low Stakes
CD002122_pub3_data__A7,CD002122,53,D,0.004306,0.980748,False,90,12237,10.1002/14651858.CD002122.pub3,0,9.68063872255489,False,0,7.325349301397207,Low Stakes
CD002115_pub6_data__A9,CD002115,53,D,0.278337,0.579524,False,4,396,10.1002/14651858.CD002115.pub6,0,9.68063872255489,False,0,9.830339321357286,Low Stakes
CD005495_pub5_data__A6,CD005495,53,D,-0.13607,0.819188,False,12,1060,10.1002/14651858.CD005495.pub5,35,99.20159680638723,False,0,43.82235528942116,Moderate
CD006919_pub5_data__A4,CD006919,53,D,0.338216,0.011799,True,36,3439,10.1002/14651858.CD006919.pub5,3,49.101796407185624,False,0,26.097804391217565,Low Stakes
CD015033_pub2_data__A21,CD015033,53,D,-0.664553,0.283106,False,4,256,10.1002/14651858.CD015033.pub2,10,82.83433133732535,False,0,42.01596806387226,Moderate
CD015033_pub2_data__A20,CD015033,53,D,-0.310757,0.456127,False,4,236,10.1002/14651858.CD015033.pub2,10,82.83433133732535,False,0,42.01596806387226,Moderate
CD015033_pub2_data__A19,CD015033,53,D,-1.17679,0.059345,False,4,236,10.1002/14651858.CD015033.pub2,10,82.83433133732535,False,0,42.01596806387226,Moderate
CD015033_pub2_data__A18,CD015033,53,D,-0.867002,0.068674,False,4,236,10.1002/14651858.CD015033.pub2,10,82.83433133732535,False,0,42.01596806387226,Moderate
CD002243_pub5_data__A7,CD002243,53,D,-0.228529,0.0017,True,71,22551,10.1002/14651858.CD002243.pub5,0,9.68063872255489,False,0,12.355289421157686,Low Stakes
CD015060_pub2_data__A3,CD015060,53,D,1.786349,0.258571,False,4,173,10.1002/14651858.CD015060.pub2,3,49.101796407185624,False,0,20.97804391217565,Low Stakes
CD004871_pub5_data__A2,CD004871,53,D,-0.873657,0.016277,True,9,853,10.1002/14651858.CD004871.pub5,6,68.76247504990019,False,0,34.55089820359281,Moderate
CD002203_pub5_data__A17,CD002203,53,D,-0.953736,0.016971,True,5,863,10.1002/14651858.CD002203.pub5,0,9.68063872255489,True,0,33.532934131736525,Moderate
CD006140_pub3_data__A5,CD006140,53,D,-0.102279,0.770244,False,9,1363,10.1002/14651858.CD006140.pub3,0,9.68063872255489,False,0,12.355289421157686,Low Stakes
CD013056_pub3_data__A1,CD013056,53,D,-0.73691,0.065708,False,9,1108,10.1002/14651858.CD013056.pub3,0,9.68063872255489,False,0,5.209580838323354,Low Stakes
CD014585_pub2_data__A3,CD014585,53,D,-0.473338,0.005665,True,35,22082,10.1002/14651858.CD014585.pub2,2,39.12175648702595,False,0,18.353293413173652,Low Stakes
CD012850_pub2_data__A18,CD012850,53,D,-0.292887,0.549228,False,4,182,10.1002/14651858.CD012850.pub2,19,96.10778443113772,False,0,47.85429141716567,Moderate
CD004736_pub6_data__A60,CD004736,53,D,-0.31199,0.487029,False,5,1346,10.1002/14651858.CD004736.pub6,14,90.31936127744511,False,0,46.10778443113773,Moderate
CD015255_pub2_data__A12,CD015255,53,D,-0.509358,0.329938,False,6,525,10.1002/14651858.CD015255.pub2,12,86.42714570858283,False,0,43.56287425149701,Moderate
CD003357_pub5_data__A2,CD003357,53,D,1.014949,0.024252,True,9,1346,10.1002/14651858.CD003357.pub5,0,9.68063872255489,False,0,5.908183632734531,Low Stakes
CD013781_pub2_data__A18,CD013781,53,D,-0.720123,0.076903,False,4,350,10.1002/14651858.CD013781.pub2,1,26.34730538922156,False,0,19.80039920159681,Low Stakes
CD012757_pub2_data__A9,CD012757,53,D,-0.934694,0.104327,False,3,234,10.1002/14651858.CD012757.pub2,3,49.101796407185624,False,0,24.890219560878243,Low Stakes
CD012757_pub2_data__A3,CD012757,53,D,-0.950964,0.084231,False,3,234,10.1002/14651858.CD012757.pub2,3,49.101796407185624,False,0,24.890219560878243,Low Stakes
CD003414_pub4_data__A1,CD003414,53,D,0.039796,0.583319,False,19,4468,10.1002/14651858.CD003414.pub4,5,63.57285429141717,False,0,28.88223552894212,Low Stakes
CD007572_pub4_data__A7,CD007572,53,D,-0.604428,0.220251,False,4,449,10.1002/14651858.CD007572.pub4,2,39.12175648702595,False,0,21.60678642714571,Low Stakes
CD003477_pub5_data__A6,CD003477,53,D,0.066609,0.919986,False,10,399,10.1002/14651858.CD003477.pub5,8,76.14770459081836,False,0,33.91217564870259,Moderate
CD012850_pub2_data__A13,CD012850,53,D,-1.542163,0.105492,False,3,135,10.1002/14651858.CD012850.pub2,19,96.10778443113772,False,0,47.85429141716567,Moderate
CD012757_pub2_data__A1,CD012757,53,D,-1.181711,0.115252,False,3,234,10.1002/14651858.CD012757.pub2,3,49.101796407185624,False,0,24.890219560878243,Low Stakes
CD012693_pub3_data__A29,CD012693,53,D,0.501564,0.069956,False,10,454,10.1002/14651858.CD012693.pub3,12,86.42714570858283,False,0,44.141716566866265,Moderate
CD006140_pub3_data__A17,CD006140,53,D,-0.222104,0.392734,False,3,581,10.1002/14651858.CD006140.pub3,0,9.68063872255489,False,0,12.355289421157686,Low Stakes
CD013800_pub2_data__A5,CD013800,53,D,-1.177988,0.050338,False,3,2834,10.1002/14651858.CD013800.pub2,8,76.14770459081836,False,0,38.582834331337324,Moderate
CD015255_pub2_data__A15,CD015255,53,D,-0.650823,0.217582,False,4,273,10.1002/14651858.CD015255.pub2,12,86.42714570858283,False,0,43.56287425149701,Moderate
CD004736_pub6_data__A58,CD004736,53,D,0.833003,0.024919,True,9,1493,10.1002/14651858.CD004736.pub6,14,90.31936127744511,False,0,46.10778443113773,Moderate
CD012850_pub2_data__A20,CD012850,53,D,-1.568932,0.165208,False,4,140,10.1002/14651858.CD012850.pub2,19,96.10778443113772,False,0,47.85429141716567,Moderate
CD014040_pub2_data__A6,CD014040,53,D,0.746282,0.071216,False,3,639,10.1002/14651858.CD014040.pub2,2,39.12175648702595,False,0,20.898203592814372,Low Stakes
CD002112_pub2_data__A4,CD002112,53,D,0.200735,0.348877,False,40,3817,10.1002/14651858.CD002112.pub2,0,9.68063872255489,False,0,6.57684630738523,Low Stakes
CD013255_pub2_data__A6,CD013255,53,D,1.60262,0.026652,True,7,718,10.1002/14651858.CD013255.pub2,4,57.48502994011976,False,0,25.69860279441118,Low Stakes
CD004736_pub6_data__A70,CD004736,53,D,0.182953,0.453804,False,3,793,10.1002/14651858.CD004736.pub6,14,90.31936127744511,False,0,46.10778443113773,Moderate
CD013800_pub2_data__A10,CD013800,53,D,0.407286,0.347353,False,3,277,10.1002/14651858.CD013800.pub2,8,76.14770459081836,False,0,38.582834331337324,Moderate
CD013344_pub2_data__A8,CD013344,53,D,0.566125,0.207513,False,4,475,10.1002/14651858.CD013344.pub2,8,76.14770459081836,False,0,37.80439121756487,Moderate
CD013801_pub2_data__A6,CD013801,53,D,-2.077814,0.603596,False,3,139,10.1002/14651858.CD013801.pub2,0,9.68063872255489,False,0,12.86427145708583,Low Stakes
CD014713_pub2_data__A2,CD014713,53,D,-0.405351,0.220143,False,3,795,10.1002/14651858.CD014713.pub2,1,26.34730538922156,False,0,11.876247504990022,Low Stakes
CD015255_pub2_data__A7,CD015255,53,D,-0.790693,0.092182,False,4,640,10.1002/14651858.CD015255.pub2,12,86.42714570858283,False,0,43.56287425149701,Moderate
CD012942_pub2_data__A8,CD012942,53,D,0.256727,0.039062,True,51,15379,10.1002/14651858.CD012942.pub2,5,63.57285429141717,False,0,31.3872255489022,Moderate
CD003414_pub4_data__A2,CD003414,53,D,-0.164182,0.257478,False,26,4817,10.1002/14651858.CD003414.pub4,5,63.57285429141717,False,0,28.88223552894212,Low Stakes
CD015326_pub2_data__A33,CD015326,53,D,0.034061,0.958345,False,10,7016,10.1002/14651858.CD015326.pub2,1,26.34730538922156,False,0,20.259481037924154,Low Stakes
CD002112_pub2_data__A6,CD002112,53,D,0.233975,0.56573,False,3,269,10.1002/14651858.CD002112.pub2,0,9.68063872255489,False,0,6.57684630738523,Low Stakes
CD007674_pub3_data__A8,CD007674,53,D,0.96094,0.005737,True,16,1091,10.1002/14651858.CD007674.pub3,0,9.68063872255489,False,0,8.013972055888225,Low Stakes
CD009788_pub3_data__A1,CD009788,52,D,0.106958,0.892904,False,4,462,10.1002/14651858.CD009788.pub3,2,39.12175648702595,False,0,21.60678642714571,Low Stakes
CD013462_pub3_data__A3,CD013462,52,D,0.26333,0.293347,False,12,1788,10.1002/14651858.CD013462.pub3,0,9.68063872255489,False,0,7.325349301397207,Low Stakes
CD011204_pub3_data__A7,CD011204,52,D,0.918921,0.034978,True,4,1789,10.1002/14651858.CD011204.pub3,0,9.68063872255489,False,0,9.121756487025948,Low Stakes
CD007079_pub4_data__A3,CD007079,52,D,-0.226116,0.017857,True,20,31218,10.1002/14651858.CD007079.pub4,0,9.68063872255489,False,0,11.65668662674651,Low Stakes
CD015443_pub2_data__A9,CD015443,52,D,-0.341617,0.849247,False,2,1168,10.1002/14651858.CD015443.pub2,7,73.05389221556887,False,0,34.47105788423154,Moderate
CD012067_pub3_data__A1,CD012067,52,D,-0.154213,0.663789,False,32,3639,10.1002/14651858.CD012067.pub3,0,9.68063872255489,False,0,12.86427145708583,Low Stakes
CD015014_pub2_data__A32,CD015014,52,D,0.056688,0.507673,False,24,3881,10.1002/14651858.CD015014.pub2,5,63.57285429141717,False,0,35.249500998003995,Moderate
CD015014_pub2_data__A34,CD015014,52,D,0.056326,0.510357,False,24,3920,10.1002/14651858.CD015014.pub2,5,63.57285429141717,False,0,35.249500998003995,Moderate
CD015014_pub2_data__A33,CD015014,52,D,0.056688,0.507673,False,24,3881,10.1002/14651858.CD015014.pub2,5,63.57285429141717,False,0,35.249500998003995,Moderate
CD015003_pub2_data__A5,CD015003,52,D,0.280669,0.914405,False,2,160,10.1002/14651858.CD015003.pub2,4,57.48502994011976,False,0,25.69860279441118,Low Stakes
CD008879_pub3_data__A3,CD008879,52,D,-0.01432,0.981642,False,11,1122,10.1002/14651858.CD008879.pub3,12,86.42714570858283,False,0,35.27944111776447,Moderate
CD004508_pub5_data__A2,CD004508,52,D,-0.106255,0.705623,False,6,742,10.1002/14651858.CD004508.pub5,1,26.34730538922156,False,0,18.16367265469062,Low Stakes
CD004667_pub6_data__A24,CD004667,52,D,-0.200784,0.093742,False,12,15913,10.1002/14651858.CD004667.pub6,64,99.8003992015968,False,0,48.21357285429142,Moderate
CD014889_pub2_data__A3,CD014889,52,D,-0.868388,0.04263,True,6,390,10.1002/14651858.CD014889.pub2,2,39.12175648702595,False,0,17.684630738522955,Low Stakes
CD001552_pub3_data__A2,CD001552,52,D,1.019016,0.038397,True,13,918,10.1002/14651858.CD001552.pub3,6,68.76247504990019,False,0,33.46307385229541,Moderate
CD012170_pub2_data__A1,CD012170,52,D,-0.027931,0.934085,False,36,10584,10.1002/14651858.CD012170.pub2,1,26.34730538922156,False,0,11.247504990019962,Low Stakes
CD016064_data__A9,CD016064,52,D,-0.066129,0.919333,False,10,2231,10.1002/14651858.CD016064,2,39.12175648702595,False,0,20.289421157684632,Low Stakes
CD015140_pub2_data__A9,CD015140,52,D,-0.103166,0.840192,False,16,1734,10.1002/14651858.CD015140.pub2,0,9.68063872255489,False,0,11.806387225548903,Low Stakes
CD012079_pub2_data__A11,CD012079,52,D,-0.006768,0.973822,False,14,1179,10.1002/14651858.CD012079.pub2,12,86.42714570858283,False,0,43.56287425149701,Moderate
CD013358_pub2_data__A4,CD013358,52,D,-0.106533,0.728452,False,44,2773,10.1002/14651858.CD013358.pub2,2,39.12175648702595,False,0,24.13173652694611,Low Stakes
CD015588_pub2_data__A45,CD015588,52,D,-0.419057,0.432474,False,15,10854,10.1002/14651858.CD015588.pub2,17,94.61077844311377,False,0,47.74451097804391,Moderate
CD012718_pub2_data__A1,CD012718,52,D,-0.282349,0.490985,False,22,5583,10.1002/14651858.CD012718.pub2,6,68.76247504990019,False,0,32.75449101796407,Moderate
CD003519_pub5_data__A2,CD003519,52,D,0.864394,0.0,True,47,5431,10.1002/14651858.CD003519.pub5,1,26.34730538922156,False,0,19.640718562874255,Low Stakes
CD012693_pub3_data__A7,CD012693,52,D,-0.004753,0.991724,False,27,3476,10.1002/14651858.CD012693.pub3,12,86.42714570858283,False,0,44.141716566866265,Moderate
CD004736_pub6_data__A6,CD004736,52,D,-1.250655,2e-06,True,20,6057,10.1002/14651858.CD004736.pub6,14,90.31936127744511,False,0,46.10778443113773,Moderate
CD003331_pub6_data__A8,CD003331,52,D,-0.126769,0.701175,False,38,4769,10.1002/14651858.CD003331.pub6,26,97.90419161676647,False,0,43.80239520958084,Moderate
CD006185_pub6_data__A3,CD006185,52,D,-0.096344,0.554236,False,156,6847,10.1002/14651858.CD006185.pub6,4,57.48502994011976,False,0,27.135728542914173,Low Stakes
CD015588_pub2_data__A4,CD015588,52,D,-0.079173,0.81039,False,20,47407,10.1002/14651858.CD015588.pub2,17,94.61077844311377,False,0,47.74451097804391,Moderate
CD013781_pub2_data__A14,CD013781,52,D,-0.609696,0.040232,True,14,2213,10.1002/14651858.CD013781.pub2,1,26.34730538922156,False,0,19.80039920159681,Low Stakes
CD008176_pub3_data__A19,CD008176,52,D,-0.074564,0.64247,False,19,1589,10.1002/14651858.CD008176.pub3,13,88.32335329341318,False,0,44.740518962075846,Moderate
CD013763_pub3_data__A9,CD013763,52,D,-0.791754,0.029745,True,11,664,10.1002/14651858.CD013763.pub3,10,82.83433133732535,True,0,60.17964071856287,Red Flag
CD013719_pub2_data__A3,CD013719,52,D,2.35372,0.01161,True,4,1467,10.1002/14651858.CD013719.pub2,13,88.32335329341318,True,0,61.786427145708586,Red Flag
CD008176_pub3_data__A7,CD008176,52,D,-0.198981,0.222558,False,14,4841,10.1002/14651858.CD008176.pub3,13,88.32335329341318,False,0,44.740518962075846,Moderate
CD013672_pub2_data__A3,CD013672,52,D,0.825533,0.009418,True,11,921,10.1002/14651858.CD013672.pub2,0,9.68063872255489,False,0,5.908183632734531,Low Stakes
CD004736_pub6_data__A12,CD004736,52,D,-0.760462,0.00054,True,22,21025,10.1002/14651858.CD004736.pub6,14,90.31936127744511,False,0,46.10778443113773,Moderate
CD004736_pub6_data__A17,CD004736,52,D,0.449357,0.025532,True,28,22378,10.1002/14651858.CD004736.pub6,14,90.31936127744511,False,0,46.10778443113773,Moderate
CD008176_pub3_data__A16,CD008176,52,D,-0.10682,0.797937,False,24,1370,10.1002/14651858.CD008176.pub3,13,88.32335329341318,False,0,44.740518962075846,Moderate
CD008176_pub3_data__A14,CD008176,52,D,-0.309278,0.503176,False,20,3773,10.1002/14651858.CD008176.pub3,13,88.32335329341318,False,0,44.740518962075846,Moderate
CD008176_pub3_data__A13,CD008176,52,D,0.078088,0.883523,False,15,3545,10.1002/14651858.CD008176.pub3,13,88.32335329341318,False,0,44.740518962075846,Moderate
CD008176_pub3_data__A15,CD008176,52,D,-0.137,0.727645,False,27,1530,10.1002/14651858.CD008176.pub3,13,88.32335329341318,False,0,44.740518962075846,Moderate
CD012718_pub2_data__A4,CD012718,52,D,2.280725,0.008627,True,6,98,10.1002/14651858.CD012718.pub2,6,68.76247504990019,False,0,32.75449101796407,Moderate
CD008176_pub3_data__A9,CD008176,52,D,-0.187465,0.368541,False,95,7452,10.1002/14651858.CD008176.pub3,13,88.32335329341318,False,0,44.740518962075846,Moderate
CD012693_pub3_data__A20,CD012693,52,D,-0.165866,0.45313,False,14,1494,10.1002/14651858.CD012693.pub3,12,86.42714570858283,False,0,44.141716566866265,Moderate
CD015932_pub2_data__A3,CD015932,52,D,-0.231705,0.446996,False,6,9906,10.1002/14651858.CD015932.pub2,0,9.68063872255489,False,0,11.996007984031937,Low Stakes
CD003962_pub3_data__A14,CD003962,52,D,-0.617334,0.457697,False,4,232,10.1002/14651858.CD003962.pub3,13,88.32335329341318,False,0,44.041916167664674,Moderate
CD013781_pub2_data__A4,CD013781,52,D,-0.123617,0.227197,False,39,6457,10.1002/14651858.CD013781.pub2,1,26.34730538922156,False,0,19.80039920159681,Low Stakes
CD013332_pub2_data__A1,CD013332,52,D,-0.534155,6.1e-05,True,35,10014,10.1002/14651858.CD013332.pub2,1,26.34730538922156,False,0,11.876247504990022,Low Stakes
CD005343_pub7_data__A6,CD005343,52,D,-1.753469,0.049611,True,4,1542,10.1002/14651858.CD005343.pub7,3,49.101796407185624,False,0,26.986027944111775,Low Stakes
CD007639_pub3_data__A4,CD007639,52,D,-0.825149,0.16079,False,17,1818,10.1002/14651858.CD007639.pub3,2,39.12175648702595,False,0,22.994011976047904,Low Stakes
CD002112_pub2_data__A1,CD002112,52,D,-0.171739,0.498525,False,64,4801,10.1002/14651858.CD002112.pub2,0,9.68063872255489,False,0,6.57684630738523,Low Stakes
CD013105_pub2_data__A6,CD013105,52,D,0.017011,0.976229,False,13,1289,10.1002/14651858.CD013105.pub2,1,26.34730538922156,False,0,13.992015968063875,Low Stakes
CD015330_pub2_data__A7,CD015330,52,D,-0.766541,0.171946,False,4,0,10.1002/14651858.CD015330.pub2,26,97.90419161676647,False,0,43.80239520958084,Moderate
CD015331_pub2_data__A68,CD015331,52,D,-0.428798,0.700783,False,3,93,10.1002/14651858.CD015331.pub2,2,39.12175648702595,False,0,25.64870259481038,Low Stakes
CD014688_pub2_data__A1,CD014688,52,D,-0.300366,0.63031,False,11,2190,10.1002/14651858.CD014688.pub2,6,68.76247504990019,False,0,27.804391217564866,Low Stakes
CD004736_pub6_data__A53,CD004736,52,D,-1.590094,3e-06,True,21,4027,10.1002/14651858.CD004736.pub6,14,90.31936127744511,False,0,46.10778443113773,Moderate
CD015314_pub2_data__A2,CD015314,52,D,0.712051,3.1e-05,True,21,7185,10.1002/14651858.CD015314.pub2,2,39.12175648702595,False,0,15.948103792415171,Low Stakes
CD012925_pub2_data__A3,CD012925,52,D,-0.034076,0.948341,False,15,33108,10.1002/14651858.CD012925.pub2,8,76.14770459081836,False,0,35.0998003992016,Moderate
CD012993_pub2_data__A9,CD012993,52,D,0.206993,0.333986,False,13,1588,10.1002/14651858.CD012993.pub2,10,82.83433133732535,False,0,37.77445109780439,Moderate
CD008063_pub3_data__A2,CD008063,52,D,0.062495,0.916046,False,12,2633,10.1002/14651858.CD008063.pub3,16,93.21357285429141,False,0,37.99401197604791,Moderate
CD014678_pub2_data__A4,CD014678,52,D,-0.062336,0.118366,False,34,97382,10.1002/14651858.CD014678.pub2,5,63.57285429141717,False,0,29.57085828343314,Low Stakes
CD015779_data__A5,CD015779,52,D,-2.552432,0.016881,True,3,1395,10.1002/14651858.CD015779,4,57.48502994011976,False,0,28.243512974051896,Low Stakes
CD015330_pub2_data__A8,CD015330,52,D,-1.412779,0.178339,False,3,0,10.1002/14651858.CD015330.pub2,26,97.90419161676647,False,0,43.80239520958084,Moderate
CD015331_pub2_data__A12,CD015331,52,D,-0.043107,0.974226,False,3,62,10.1002/14651858.CD015331.pub2,2,39.12175648702595,False,0,25.64870259481038,Low Stakes
CD015331_pub2_data__A18,CD015331,52,D,-0.043107,0.974226,False,3,62,10.1002/14651858.CD015331.pub2,2,39.12175648702595,False,0,25.64870259481038,Low Stakes
CD015331_pub2_data__A14,CD015331,52,D,-0.516145,0.644977,False,4,191,10.1002/14651858.CD015331.pub2,2,39.12175648702595,False,0,25.64870259481038,Low Stakes
CD015331_pub2_data__A19,CD015331,52,D,0.055604,0.959663,False,4,163,10.1002/14651858.CD015331.pub2,2,39.12175648702595,False,0,25.64870259481038,Low Stakes
CD015331_pub2_data__A2,CD015331,52,D,-0.043107,0.974226,False,3,62,10.1002/14651858.CD015331.pub2,2,39.12175648702595,False,0,25.64870259481038,Low Stakes
CD007639_pub3_data__A6,CD007639,52,D,0.242924,0.181751,False,10,1043,10.1002/14651858.CD007639.pub3,2,39.12175648702595,False,0,22.994011976047904,Low Stakes
CD015331_pub2_data__A75,CD015331,52,D,0.086957,0.965877,False,2,388,10.1002/14651858.CD015331.pub2,2,39.12175648702595,False,0,25.64870259481038,Low Stakes
CD007639_pub3_data__A5,CD007639,52,D,-0.607622,0.110242,False,10,1535,10.1002/14651858.CD007639.pub3,2,39.12175648702595,False,0,22.994011976047904,Low Stakes
CD015331_pub2_data__A47,CD015331,52,D,-0.085043,0.89198,False,11,785,10.1002/14651858.CD015331.pub2,2,39.12175648702595,False,0,25.64870259481038,Low Stakes
CD015331_pub2_data__A39,CD015331,52,D,-0.255347,0.846712,False,3,186,10.1002/14651858.CD015331.pub2,2,39.12175648702595,False,0,25.64870259481038,Low Stakes
CD002115_pub6_data__A2,CD002115,52,D,1.251782,5.8e-05,True,14,906,10.1002/14651858.CD002115.pub6,0,9.68063872255489,False,0,9.830339321357286,Low Stakes
CD015331_pub2_data__A26,CD015331,52,D,0.047987,0.965459,False,4,112,10.1002/14651858.CD015331.pub2,2,39.12175648702595,False,0,25.64870259481038,Low Stakes
CD015331_pub2_data__A28,CD015331,52,D,-0.043107,0.974226,False,3,62,10.1002/14651858.CD015331.pub2,2,39.12175648702595,False,0,25.64870259481038,Low Stakes
CD015331_pub2_data__A24,CD015331,52,D,0.061349,0.962897,False,3,126,10.1002/14651858.CD015331.pub2,2,39.12175648702595,False,0,25.64870259481038,Low Stakes
CD015038_pub2_data__A1,CD015038,52,D,-1.377813,0.02828,True,12,4848,10.1002/14651858.CD015038.pub2,6,68.76247504990019,False,0,35.12974051896207,Moderate
CD014089_data__A7,CD014089,51,D,0.0,1.0,False,8,0,10.1002/14651858.CD014089,2,39.12175648702595,False,0,21.60678642714571,Low Stakes
CD011778_pub2_data__A6,CD011778,51,D,0.000652,0.998957,False,17,752,10.1002/14651858.CD011778.pub2,9,79.84031936127745,False,0,37.18562874251498,Moderate
CD002122_pub3_data__A4,CD002122,51,D,0.50115,0.591878,False,9,1395,10.1002/14651858.CD002122.pub3,0,9.68063872255489,False,0,7.325349301397207,Low Stakes
CD011778_pub2_data__A3,CD011778,51,D,-0.009948,0.983652,False,18,649,10.1002/14651858.CD011778.pub2,9,79.84031936127745,False,0,37.18562874251498,Moderate
CD014089_data__A1,CD014089,51,D,0.0,1.0,False,51,0,10.1002/14651858.CD014089,2,39.12175648702595,False,0,21.60678642714571,Low Stakes
CD014089_data__A4,CD014089,51,D,0.0,1.0,False,10,0,10.1002/14651858.CD014089,2,39.12175648702595,False,0,21.60678642714571,Low Stakes
CD005495_pub5_data__A7,CD005495,51,D,0.070247,0.524812,False,12,1652,10.1002/14651858.CD005495.pub5,35,99.20159680638723,False,0,43.82235528942116,Moderate
CD011778_pub2_data__A8,CD011778,51,D,0.0,1.0,False,5,190,10.1002/14651858.CD011778.pub2,9,79.84031936127745,False,0,37.18562874251498,Moderate
CD011778_pub2_data__A9,CD011778,51,D,0.002569,0.995893,False,17,693,10.1002/14651858.CD011778.pub2,9,79.84031936127745,False,0,37.18562874251498,Moderate
CD009730_pub3_data__A10,CD009730,51,D,-0.610858,0.570565,False,2,104,10.1002/14651858.CD009730.pub3,1,26.34730538922156,False,0,17.884231536926148,Low Stakes
CD002243_pub5_data__A11,CD002243,51,D,-0.221459,0.00548,True,53,18622,10.1002/14651858.CD002243.pub5,0,9.68063872255489,False,0,12.355289421157686,Low Stakes
CD014089_data__A2,CD014089,51,D,0.0,1.0,False,51,0,10.1002/14651858.CD014089,2,39.12175648702595,False,0,21.60678642714571,Low Stakes
CD008349_pub5_data__A2,CD008349,51,D,-0.013088,0.977387,False,20,668,10.1002/14651858.CD008349.pub5,5,63.57285429141717,False,0,32.47504990019961,Moderate
CD016119_data__A20,CD016119,51,D,-0.025226,0.974975,False,3,1212,10.1002/14651858.CD016119,2,39.12175648702595,False,0,23.942115768463076,Low Stakes
CD013822_pub2_data__A7,CD013822,51,D,0.007079,0.992305,False,8,3628,10.1002/14651858.CD013822.pub2,12,86.42714570858283,False,0,39.82035928143712,Moderate
CD013822_pub2_data__A4,CD013822,51,D,0.071686,0.927646,False,7,3572,10.1002/14651858.CD013822.pub2,12,86.42714570858283,False,0,39.82035928143712,Moderate
CD011778_pub2_data__A2,CD011778,51,D,-0.004362,0.992225,False,21,856,10.1002/14651858.CD011778.pub2,9,79.84031936127745,False,0,37.18562874251498,Moderate
CD011778_pub2_data__A10,CD011778,51,D,0.00291,0.995638,False,15,667,10.1002/14651858.CD011778.pub2,9,79.84031936127745,False,0,37.18562874251498,Moderate
CD009730_pub3_data__A12,CD009730,51,D,-0.331492,0.765792,False,3,109,10.1002/14651858.CD009730.pub3,1,26.34730538922156,False,0,17.884231536926148,Low Stakes
CD013053_pub3_data__A2,CD013053,51,D,1.656861,0.002689,True,5,382,10.1002/14651858.CD013053.pub3,1,26.34730538922156,False,0,10.838323353293415,Low Stakes
CD013643_pub2_data__A14,CD013643,51,D,2.074689,0.067095,False,7,475,10.1002/14651858.CD013643.pub2,3,49.101796407185624,False,0,26.686626746506988,Low Stakes
CD001797_pub4_data__A6,CD001797,51,D,-0.431028,0.614745,False,5,191,10.1002/14651858.CD001797.pub4,6,68.76247504990019,False,0,32.75449101796407,Moderate
CD004667_pub6_data__A4,CD004667,51,D,0.07339,0.004554,True,48,57072,10.1002/14651858.CD004667.pub6,64,99.8003992015968,False,0,48.21357285429142,Moderate
CD008349_pub5_data__A11,CD008349,51,D,0.006565,0.986989,False,26,947,10.1002/14651858.CD008349.pub5,5,63.57285429141717,False,0,32.47504990019961,Moderate
CD008349_pub5_data__A10,CD008349,51,D,-0.002559,0.99504,False,25,913,10.1002/14651858.CD008349.pub5,5,63.57285429141717,False,0,32.47504990019961,Moderate
CD009730_pub3_data__A9,CD009730,51,D,0.062112,0.954982,False,4,178,10.1002/14651858.CD009730.pub3,1,26.34730538922156,False,0,17.884231536926148,Low Stakes
CD013232_pub2_data__A17,CD013232,51,D,-0.054595,0.915803,False,16,936,10.1002/14651858.CD013232.pub2,4,57.48502994011976,False,0,31.477045908183634,Moderate
CD015140_pub2_data__A13,CD015140,51,D,0.106337,0.868124,False,9,1980,10.1002/14651858.CD015140.pub2,0,9.68063872255489,False,0,11.806387225548903,Low Stakes
CD003429_pub5_data__A4,CD003429,51,D,-0.054731,0.966854,False,3,145,10.1002/14651858.CD003429.pub5,0,9.68063872255489,False,0,9.121756487025948,Low Stakes
CD013053_pub3_data__A1,CD013053,51,D,1.681001,0.000776,True,6,441,10.1002/14651858.CD013053.pub3,1,26.34730538922156,False,0,10.838323353293415,Low Stakes
CD003429_pub5_data__A5,CD003429,51,D,-0.052256,0.968458,False,3,126,10.1002/14651858.CD003429.pub5,0,9.68063872255489,False,0,9.121756487025948,Low Stakes
CD013056_pub3_data__A2,CD013056,51,D,0.03959,0.950259,False,6,813,10.1002/14651858.CD013056.pub3,0,9.68063872255489,False,0,5.209580838323354,Low Stakes
CD014713_pub2_data__A1,CD014713,51,D,0.07704,0.736276,False,7,5666,10.1002/14651858.CD014713.pub2,1,26.34730538922156,False,0,11.876247504990022,Low Stakes
CD014544_pub2_data__A2,CD014544,51,D,2.545873,0.005457,True,7,459,10.1002/14651858.CD014544.pub2,8,76.14770459081836,False,0,33.16367265469062,Moderate
CD014544_pub2_data__A4,CD014544,51,D,0.438592,0.105792,False,27,1588,10.1002/14651858.CD014544.pub2,8,76.14770459081836,False,0,33.16367265469062,Moderate
CD013672_pub2_data__A2,CD013672,51,D,0.707814,0.014112,True,12,2380,10.1002/14651858.CD013672.pub2,0,9.68063872255489,False,0,5.908183632734531,Low Stakes
CD013715_pub2_data__A19,CD013715,51,D,1.397594,0.044601,True,4,245,10.1002/14651858.CD013715.pub2,0,9.68063872255489,False,0,12.754491017964073,Low Stakes
CD013474_pub2_data__A10,CD013474,51,D,-0.122041,0.625578,False,6,1321,10.1002/14651858.CD013474.pub2,1,26.34730538922156,False,0,17.884231536926148,Low Stakes
CD004406_pub6_data__A9,CD004406,51,D,-0.056263,0.928429,False,3,1279,10.1002/14651858.CD004406.pub6,2,39.12175648702595,False,0,20.289421157684632,Low Stakes
CD015932_pub2_data__A12,CD015932,51,D,-0.897916,0.001791,True,9,38160,10.1002/14651858.CD015932.pub2,0,9.68063872255489,False,0,11.996007984031937,Low Stakes
CD015932_pub2_data__A15,CD015932,51,D,-0.553131,0.042297,True,4,1873,10.1002/14651858.CD015932.pub2,0,9.68063872255489,False,0,11.996007984031937,Low Stakes
CD014769_pub2_data__A24,CD014769,51,D,0.17436,0.147904,False,19,98355,10.1002/14651858.CD014769.pub2,4,57.48502994011976,True,0,52.40518962075848,Red Flag
CD012757_pub2_data__A6,CD012757,51,D,1.50858,0.038659,True,3,234,10.1002/14651858.CD012757.pub2,3,49.101796407185624,False,0,24.890219560878243,Low Stakes
CD003519_pub5_data__A19,CD003519,51,D,-48.06399,0.049638,True,2,204,10.1002/14651858.CD003519.pub5,1,26.34730538922156,False,0,19.640718562874255,Low Stakes
CD013672_pub2_data__A4,CD013672,51,D,0.707814,0.014112,True,12,2380,10.1002/14651858.CD013672.pub2,0,9.68063872255489,False,0,5.908183632734531,Low Stakes
CD013781_pub2_data__A16,CD013781,51,D,-0.680323,0.274153,False,7,910,10.1002/14651858.CD013781.pub2,1,26.34730538922156,False,0,19.80039920159681,Low Stakes
CD012850_pub2_data__A4,CD012850,51,D,-0.961383,0.389679,False,6,207,10.1002/14651858.CD012850.pub2,19,96.10778443113772,False,0,47.85429141716567,Moderate
CD014852_pub2_data__A22,CD014852,51,D,-0.278048,0.82304,False,2,4095,10.1002/14651858.CD014852.pub2,4,57.48502994011976,False,0,32.405189620758485,Moderate
CD001797_pub4_data__A10,CD001797,51,D,1.570085,0.031524,True,3,308,10.1002/14651858.CD001797.pub4,6,68.76247504990019,False,0,32.75449101796407,Moderate
CD001797_pub4_data__A1,CD001797,51,D,1.141017,0.007785,True,8,375,10.1002/14651858.CD001797.pub4,6,68.76247504990019,False,0,32.75449101796407,Moderate
CD015383_pub2_data__A4,CD015383,51,D,0.178035,0.855783,False,5,122,10.1002/14651858.CD015383.pub2,9,79.84031936127745,False,0,33.27345309381238,Moderate
CD015383_pub2_data__A3,CD015383,51,D,-0.168989,0.862558,False,5,129,10.1002/14651858.CD015383.pub2,9,79.84031936127745,False,0,33.27345309381238,Moderate
CD013358_pub2_data__A18,CD013358,51,D,-0.072499,0.892387,False,15,644,10.1002/14651858.CD013358.pub2,2,39.12175648702595,False,0,24.13173652694611,Low Stakes
CD014872_pub2_data__A14,CD014872,51,D,0.428511,0.302416,False,9,2298,10.1002/14651858.CD014872.pub2,4,57.48502994011976,False,0,30.339321357285428,Moderate
CD013672_pub2_data__A5,CD013672,51,D,0.707814,0.014112,True,12,2380,10.1002/14651858.CD013672.pub2,0,9.68063872255489,False,0,5.908183632734531,Low Stakes
CD015443_pub2_data__A4,CD015443,51,D,-0.299748,0.016008,True,12,5720,10.1002/14651858.CD015443.pub2,7,73.05389221556887,False,0,34.47105788423154,Moderate
CD015284_pub2_data__A3,CD015284,51,D,0.322349,0.038064,True,14,1359,10.1002/14651858.CD015284.pub2,2,39.12175648702595,False,0,25.309381237524953,Low Stakes
CD013781_pub2_data__A7,CD013781,51,D,-0.330234,0.440142,False,17,963,10.1002/14651858.CD013781.pub2,1,26.34730538922156,False,0,19.80039920159681,Low Stakes
CD003429_pub5_data__A1,CD003429,51,D,-0.052256,0.968458,False,3,126,10.1002/14651858.CD003429.pub5,0,9.68063872255489,False,0,9.121756487025948,Low Stakes
CD013781_pub2_data__A3,CD013781,51,D,-0.165246,0.1835,False,36,5897,10.1002/14651858.CD013781.pub2,1,26.34730538922156,False,0,19.80039920159681,Low Stakes
CD015383_pub2_data__A1,CD015383,51,D,0.013324,0.987947,False,6,140,10.1002/14651858.CD015383.pub2,9,79.84031936127745,False,0,33.27345309381238,Moderate
CD015383_pub2_data__A2,CD015383,51,D,-3.3e-05,0.99997,False,6,140,10.1002/14651858.CD015383.pub2,9,79.84031936127745,False,0,33.27345309381238,Moderate
CD014763_pub2_data__A2,CD014763,51,D,0.335523,0.486704,False,9,549,10.1002/14651858.CD014763.pub2,13,88.32335329341318,False,0,39.471057884231534,Moderate
CD011381_pub3_data__A3,CD011381,51,D,0.033334,0.901731,False,12,8321,10.1002/14651858.CD011381.pub3,16,93.21357285429141,False,0,43.243512974051896,Moderate
CD015003_pub2_data__A2,CD015003,51,D,0.715114,0.336744,False,3,829,10.1002/14651858.CD015003.pub2,4,57.48502994011976,False,0,25.69860279441118,Low Stakes
CD015040_pub2_data__A2,CD015040,51,D,-0.216452,0.667671,False,17,757,10.1002/14651858.CD015040.pub2,3,49.101796407185624,False,0,20.97804391217565,Low Stakes
CD004406_pub6_data__A5,CD004406,51,D,0.399455,0.236858,False,4,1182,10.1002/14651858.CD004406.pub6,2,39.12175648702595,False,0,20.289421157684632,Low Stakes
CD002243_pub5_data__A6,CD002243,51,D,-0.214722,0.001129,True,72,22427,10.1002/14651858.CD002243.pub5,0,9.68063872255489,False,0,12.355289421157686,Low Stakes
CD013474_pub2_data__A11,CD013474,51,D,-0.122041,0.625578,False,6,1321,10.1002/14651858.CD013474.pub2,1,26.34730538922156,False,0,17.884231536926148,Low Stakes
CD008309_pub3_data__A9,CD008309,50,D,-0.907038,0.419529,False,3,179,10.1002/14651858.CD008309.pub3,8,76.14770459081836,True,0,59.87025948103792,Red Flag
CD012079_pub2_data__A3,CD012079,50,D,-0.919065,2e-06,True,39,5546,10.1002/14651858.CD012079.pub2,12,86.42714570858283,False,0,43.56287425149701,Moderate
CD002243_pub5_data__A18,CD002243,50,D,0.731292,6.9e-05,True,18,6938,10.1002/14651858.CD002243.pub5,0,9.68063872255489,False,0,12.355289421157686,Low Stakes
CD014871_pub2_data__A45,CD014871,50,D,0.031259,0.977367,False,4,146,10.1002/14651858.CD014871.pub2,1,26.34730538922156,False,0,20.499001996007983,Low Stakes
CD014871_pub2_data__A9,CD014871,50,D,0.0,1.0,False,3,72,10.1002/14651858.CD014871.pub2,1,26.34730538922156,False,0,20.499001996007983,Low Stakes
CD012693_pub3_data__A8,CD012693,50,D,-0.402928,0.231481,False,13,3173,10.1002/14651858.CD012693.pub3,12,86.42714570858283,False,0,44.141716566866265,Moderate
CD004736_pub6_data__A20,CD004736,50,D,0.32849,0.027829,True,33,22809,10.1002/14651858.CD004736.pub6,14,90.31936127744511,False,0,46.10778443113773,Moderate
CD003519_pub5_data__A7,CD003519,50,D,4.007375,0.183309,False,5,415,10.1002/14651858.CD003519.pub5,1,26.34730538922156,False,0,19.640718562874255,Low Stakes
CD003218_pub3_data__A1,CD003218,50,D,0.045704,0.972391,False,3,114,10.1002/14651858.CD003218.pub3,0,9.68063872255489,False,0,5.908183632734531,Low Stakes
CD013774_pub2_data__A4,CD013774,50,D,0.043572,0.972284,False,4,1349,10.1002/14651858.CD013774.pub2,8,76.14770459081836,False,0,35.70858283433134,Moderate
CD015033_pub2_data__A15,CD015033,50,D,0.213274,0.662808,False,12,785,10.1002/14651858.CD015033.pub2,10,82.83433133732535,False,0,42.01596806387226,Moderate
CD013591_pub2_data__A5,CD013591,50,D,-0.022599,0.986276,False,3,178,10.1002/14651858.CD013591.pub2,23,97.1057884231537,False,0,43.48303393213574,Moderate
CD004736_pub6_data__A21,CD004736,50,D,0.355863,0.036878,True,29,22809,10.1002/14651858.CD004736.pub6,14,90.31936127744511,False,0,46.10778443113773,Moderate
CD003519_pub5_data__A1,CD003519,50,D,1.02146,0.0,True,58,8181,10.1002/14651858.CD003519.pub5,1,26.34730538922156,False,0,19.640718562874255,Low Stakes
CD013781_pub2_data__A19,CD013781,50,D,-0.971929,0.113873,False,5,405,10.1002/14651858.CD013781.pub2,1,26.34730538922156,False,0,19.80039920159681,Low Stakes
CD003962_pub3_data__A3,CD003962,50,D,0.754721,0.006557,True,14,713,10.1002/14651858.CD003962.pub3,13,88.32335329341318,False,0,44.041916167664674,Moderate
CD004736_pub6_data__A10,CD004736,50,D,-1.058113,5e-06,True,27,20745,10.1002/14651858.CD004736.pub6,14,90.31936127744511,False,0,46.10778443113773,Moderate
CD014861_pub2_data__A4,CD014861,50,D,0.76036,0.530364,False,3,189,10.1002/14651858.CD014861.pub2,1,26.34730538922156,False,0,16.497005988023954,Low Stakes
CD004736_pub6_data__A19,CD004736,50,D,0.35367,0.031869,True,29,22722,10.1002/14651858.CD004736.pub6,14,90.31936127744511,False,0,46.10778443113773,Moderate
CD014852_pub2_data__A26,CD014852,50,D,-0.869153,0.46156,False,3,993,10.1002/14651858.CD014852.pub2,4,57.48502994011976,False,0,32.405189620758485,Moderate
CD015160_pub2_data__A5,CD015160,50,D,-1.551142,0.208952,False,3,144,10.1002/14651858.CD015160.pub2,7,73.05389221556887,False,0,32.6746506986028,Moderate
CD014852_pub2_data__A21,CD014852,50,D,0.109444,0.944888,False,3,4241,10.1002/14651858.CD014852.pub2,4,57.48502994011976,False,0,32.405189620758485,Moderate
CD015160_pub2_data__A7,CD015160,50,D,-0.019634,0.985714,False,4,194,10.1002/14651858.CD015160.pub2,7,73.05389221556887,False,0,32.6746506986028,Moderate
CD004736_pub6_data__A7,CD004736,50,D,-1.217613,5e-06,True,19,6034,10.1002/14651858.CD004736.pub6,14,90.31936127744511,False,0,46.10778443113773,Moderate
CD014624_pub2_data__A1,CD014624,50,D,0.462543,0.0,True,80,7756,10.1002/14651858.CD014624.pub2,6,68.76247504990019,False,0,32.75449101796407,Moderate
CD013105_pub2_data__A7,CD013105,50,D,0.0,1.0,False,3,30,10.1002/14651858.CD013105.pub2,1,26.34730538922156,False,0,13.992015968063875,Low Stakes
CD014541_pub2_data__A20,CD014541,50,D,-0.060829,0.747289,False,2,18284,10.1002/14651858.CD014541.pub2,1,26.34730538922156,False,0,19.9500998003992,Low Stakes
CD013232_pub2_data__A5,CD013232,50,D,0.482682,3.3e-05,True,94,4830,10.1002/14651858.CD013232.pub2,4,57.48502994011976,False,0,31.477045908183634,Moderate
CD013232_pub2_data__A15,CD013232,50,D,-0.11477,0.682184,False,48,2120,10.1002/14651858.CD013232.pub2,4,57.48502994011976,False,0,31.477045908183634,Moderate
CD014541_pub2_data__A4,CD014541,50,D,-0.903392,0.489087,False,2,12337,10.1002/14651858.CD014541.pub2,1,26.34730538922156,False,0,19.9500998003992,Low Stakes
CD014541_pub2_data__A17,CD014541,50,D,0.312228,0.787003,False,2,11159,10.1002/14651858.CD014541.pub2,1,26.34730538922156,False,0,19.9500998003992,Low Stakes
CD014959_pub2_data__A1,CD014959,50,D,-0.336441,0.812646,False,2,919,10.1002/14651858.CD014959.pub2,4,57.48502994011976,False,0,30.618762475049902,Moderate
CD009531_pub3_data__A17,CD009531,50,D,0.0,1.0,False,1,0,10.1002/14651858.CD009531.pub3,9,79.84031936127745,False,0,38.72255489021957,Moderate
CD011039_pub2_data__A4,CD011039,50,D,0.523129,0.792216,False,2,130,10.1002/14651858.CD011039.pub2,2,39.12175648702595,False,0,20.898203592814372,Low Stakes
CD010583_pub6_data__A8,CD010583,50,D,-0.069885,0.872922,False,4,948,10.1002/14651858.CD010583.pub6,2,39.12175648702595,False,0,19.79041916167665,Low Stakes
CD015849_pub2_data__A16,CD015849,50,D,-0.03335,0.974734,False,6,405,10.1002/14651858.CD015849.pub2,4,57.48502994011976,False,0,32.83433133732535,Moderate
CD013800_pub2_data__A14,CD013800,50,D,-0.163079,0.590775,False,2,58374,10.1002/14651858.CD013800.pub2,8,76.14770459081836,False,0,38.582834331337324,Moderate
CD013800_pub2_data__A9,CD013800,50,D,-1.261557,0.283253,False,2,2582,10.1002/14651858.CD013800.pub2,8,76.14770459081836,False,0,38.582834331337324,Moderate
CD013445_pub2_data__A3,CD013445,50,D,-1.587617,0.003249,True,21,2005,10.1002/14651858.CD013445.pub2,15,91.81636726546905,False,0,46.387225548902194,Moderate
CD013255_pub2_data__A3,CD013255,50,D,-0.650811,0.078608,False,22,3680,10.1002/14651858.CD013255.pub2,4,57.48502994011976,False,0,25.69860279441118,Low Stakes
CD006606_pub5_data__A5,CD006606,50,D,-0.720588,0.461568,False,2,739,10.1002/14651858.CD006606.pub5,5,63.57285429141717,False,0,32.47504990019961,Moderate
CD006606_pub5_data__A2,CD006606,50,D,-0.745079,0.388456,False,2,739,10.1002/14651858.CD006606.pub5,5,63.57285429141717,False,0,32.47504990019961,Moderate
CD013255_pub2_data__A2,CD013255,50,D,1.567588,0.0,True,41,5302,10.1002/14651858.CD013255.pub2,4,57.48502994011976,False,0,25.69860279441118,Low Stakes
CD006606_pub5_data__A6,CD006606,50,D,-0.720588,0.461568,False,2,739,10.1002/14651858.CD006606.pub5,5,63.57285429141717,False,0,32.47504990019961,Moderate
CD006606_pub5_data__A1,CD006606,50,D,-0.745079,0.388456,False,2,739,10.1002/14651858.CD006606.pub5,5,63.57285429141717,False,0,32.47504990019961,Moderate
CD013800_pub2_data__A19,CD013800,50,D,-0.632696,0.727525,False,2,593,10.1002/14651858.CD013800.pub2,8,76.14770459081836,False,0,38.582834331337324,Moderate
CD011039_pub2_data__A1,CD011039,50,D,-0.347253,0.669641,False,2,130,10.1002/14651858.CD011039.pub2,2,39.12175648702595,False,0,20.898203592814372,Low Stakes
CD014040_pub2_data__A1,CD014040,50,D,0.501338,0.00222,True,16,7313,10.1002/14651858.CD014040.pub2,2,39.12175648702595,False,0,20.898203592814372,Low Stakes
CD002115_pub6_data__A3,CD002115,50,D,-0.336289,0.659764,False,8,454,10.1002/14651858.CD002115.pub6,0,9.68063872255489,False,0,9.830339321357286,Low Stakes
CD015331_pub2_data__A37,CD015331,50,D,0.238306,0.619071,False,3,98,10.1002/14651858.CD015331.pub2,2,39.12175648702595,False,0,25.64870259481038,Low Stakes
CD011204_pub3_data__A3,CD011204,50,D,0.524648,0.0,True,30,18675,10.1002/14651858.CD011204.pub3,0,9.68063872255489,False,0,9.121756487025948,Low Stakes
CD009417_pub3_data__A6,CD009417,50,D,-0.090612,0.945418,False,3,100,10.1002/14651858.CD009417.pub3,3,49.101796407185624,True,0,44.89021956087825,Moderate
CD015040_pub2_data__A4,CD015040,50,D,-0.014154,0.991502,False,3,85,10.1002/14651858.CD015040.pub2,3,49.101796407185624,False,0,20.97804391217565,Low Stakes
CD015040_pub2_data__A1,CD015040,50,D,-0.262819,0.614321,False,16,623,10.1002/14651858.CD015040.pub2,3,49.101796407185624,False,0,20.97804391217565,Low Stakes
CD009417_pub3_data__A8,CD009417,50,D,-0.022565,0.986385,False,3,115,10.1002/14651858.CD009417.pub3,3,49.101796407185624,True,0,44.89021956087825,Moderate
CD015588_pub2_data__A2,CD015588,50,D,-0.298629,0.482077,False,25,31791,10.1002/14651858.CD015588.pub2,17,94.61077844311377,False,0,47.74451097804391,Moderate
CD014820_pub2_data__A1,CD014820,50,D,-0.074171,0.06117,False,138,38887,10.1002/14651858.CD014820.pub2,1,26.34730538922156,False,0,15.788423153692616,Low Stakes
CD013414_pub2_data__A6,CD013414,50,D,0.815236,0.000493,True,15,2466,10.1002/14651858.CD013414.pub2,8,76.14770459081836,False,0,35.70858283433134,Moderate
CD013781_pub2_data__A12,CD013781,50,D,-0.532735,0.303324,False,10,904,10.1002/14651858.CD013781.pub2,1,26.34730538922156,False,0,19.80039920159681,Low Stakes
CD001703_pub4_data__A16,CD001703,50,D,-0.010798,0.993454,False,3,155,10.1002/14651858.CD001703.pub4,1,26.34730538922156,False,0,19.80039920159681,Low Stakes
CD006475_pub3_data__A11,CD006475,50,D,-0.22567,0.015824,True,19,3562,10.1002/14651858.CD006475.pub3,1,26.34730538922156,False,0,16.497005988023954,Low Stakes
CD014852_pub2_data__A27,CD014852,50,D,-0.869153,0.46156,False,3,993,10.1002/14651858.CD014852.pub2,4,57.48502994011976,False,0,32.405189620758485,Moderate
CD014852_pub2_data__A23,CD014852,50,D,0.406539,0.673232,False,3,5028,10.1002/14651858.CD014852.pub2,4,57.48502994011976,False,0,32.405189620758485,Moderate
CD014914_pub2_data__A2,CD014914,50,D,0.56998,0.003167,True,20,8282,10.1002/14651858.CD014914.pub2,6,68.76247504990019,False,0,34.29141716566866,Moderate
CD002203_pub5_data__A4,CD002203,50,D,-0.006359,0.995873,False,5,208,10.1002/14651858.CD002203.pub5,0,9.68063872255489,True,0,33.532934131736525,Moderate
CD014871_pub2_data__A12,CD014871,50,D,0.0,1.0,False,4,94,10.1002/14651858.CD014871.pub2,1,26.34730538922156,False,0,20.499001996007983,Low Stakes
CD014871_pub2_data__A34,CD014871,50,D,0.041588,0.974891,False,3,120,10.1002/14651858.CD014871.pub2,1,26.34730538922156,False,0,20.499001996007983,Low Stakes
CD014713_pub2_data__A4,CD014713,50,D,-0.061996,0.842826,False,2,873,10.1002/14651858.CD014713.pub2,1,26.34730538922156,False,0,11.876247504990022,Low Stakes
CD015849_pub2_data__A29,CD015849,50,D,0.0,1.0,False,2,0,10.1002/14651858.CD015849.pub2,4,57.48502994011976,False,0,32.83433133732535,Moderate
CD015849_pub2_data__A40,CD015849,50,D,-0.014372,0.994404,False,2,277,10.1002/14651858.CD015849.pub2,4,57.48502994011976,False,0,32.83433133732535,Moderate
CD015849_pub2_data__A50,CD015849,50,D,0.0,1.0,False,2,0,10.1002/14651858.CD015849.pub2,4,57.48502994011976,False,0,32.83433133732535,Moderate
CD008309_pub3_data__A10,CD008309,50,D,-1.738747,0.08535,False,3,189,10.1002/14651858.CD008309.pub3,8,76.14770459081836,True,0,59.87025948103792,Red Flag
CD012757_pub2_data__A2,CD012757,50,D,0.141778,0.928231,False,2,164,10.1002/14651858.CD012757.pub2,3,49.101796407185624,False,0,24.890219560878243,Low Stakes
CD014624_pub2_data__A2,CD014624,49,F,0.623908,0.0,True,69,5961,10.1002/14651858.CD014624.pub2,6,68.76247504990019,False,0,32.75449101796407,Moderate
CD013232_pub2_data__A19,CD013232,49,F,-0.332785,0.548525,False,14,938,10.1002/14651858.CD013232.pub2,4,57.48502994011976,False,0,31.477045908183634,Moderate
CD015830_pub2_data__A1,CD015830,49,F,-1.074354,0.061671,False,4,121,10.1002/14651858.CD015830.pub2,1,26.34730538922156,False,0,11.876247504990022,Low Stakes
CD014624_pub2_data__A10,CD014624,49,F,0.0,1.0,False,1,0,10.1002/14651858.CD014624.pub2,6,68.76247504990019,False,0,32.75449101796407,Moderate
CD013715_pub2_data__A15,CD013715,49,F,1.589458,0.125233,False,4,163,10.1002/14651858.CD013715.pub2,0,9.68063872255489,False,0,12.754491017964073,Low Stakes
CD015849_pub2_data__A24,CD015849,49,F,-0.316436,0.826289,False,3,630,10.1002/14651858.CD015849.pub2,4,57.48502994011976,False,0,32.83433133732535,Moderate
CD013800_pub2_data__A13,CD013800,49,F,-0.088591,0.842804,False,3,5826,10.1002/14651858.CD013800.pub2,8,76.14770459081836,False,0,38.582834331337324,Moderate
CD013353_pub2_data__A2,CD013353,49,F,0.0,1.0,False,4,160,10.1002/14651858.CD013353.pub2,8,76.14770459081836,True,0,53.163672654690615,Red Flag
CD015830_pub2_data__A3,CD015830,49,F,-2.241818,0.087054,False,3,107,10.1002/14651858.CD015830.pub2,1,26.34730538922156,False,0,11.876247504990022,Low Stakes
CD013800_pub2_data__A12,CD013800,49,F,-0.108065,0.38395,False,4,110850,10.1002/14651858.CD013800.pub2,8,76.14770459081836,False,0,38.582834331337324,Moderate
CD014959_pub2_data__A9,CD014959,49,F,-1.253987,0.045648,True,4,1909,10.1002/14651858.CD014959.pub2,4,57.48502994011976,False,0,30.618762475049902,Moderate
CD014959_pub2_data__A7,CD014959,49,F,-0.286182,0.545981,False,4,1653,10.1002/14651858.CD014959.pub2,4,57.48502994011976,False,0,30.618762475049902,Moderate
CD015140_pub2_data__A17,CD015140,49,F,-1.168527,0.02629,True,4,692,10.1002/14651858.CD015140.pub2,0,9.68063872255489,False,0,11.806387225548903,Low Stakes
CD014959_pub2_data__A13,CD014959,49,F,0.380693,0.688347,False,4,1909,10.1002/14651858.CD014959.pub2,4,57.48502994011976,False,0,30.618762475049902,Moderate
CD005343_pub7_data__A15,CD005343,49,F,-0.130613,0.66342,False,2,768,10.1002/14651858.CD005343.pub7,3,49.101796407185624,False,0,26.986027944111775,Low Stakes
CD016120_data__A2,CD016120,49,F,-0.796348,0.445524,False,4,3304,10.1002/14651858.CD016120,2,39.12175648702595,False,0,24.5309381237525,Low Stakes
CD011039_pub2_data__A3,CD011039,49,F,-0.599717,0.35252,False,5,330,10.1002/14651858.CD011039.pub2,2,39.12175648702595,False,0,20.898203592814372,Low Stakes
CD015122_pub2_data__A21,CD015122,49,F,0.826974,0.734597,False,2,364,10.1002/14651858.CD015122.pub2,4,57.48502994011976,False,0,32.17564870259481,Moderate
CD006606_pub5_data__A7,CD006606,49,F,0.069421,0.922633,False,4,810,10.1002/14651858.CD006606.pub5,5,63.57285429141717,False,0,32.47504990019961,Moderate
CD015779_data__A9,CD015779,49,F,2.749937,0.475123,False,2,894,10.1002/14651858.CD015779,4,57.48502994011976,False,0,28.243512974051896,Low Stakes
CD015779_data__A3,CD015779,49,F,-0.165267,0.872875,False,2,1250,10.1002/14651858.CD015779,4,57.48502994011976,False,0,28.243512974051896,Low Stakes
CD002122_pub3_data__A5,CD002122,49,F,0.036748,0.958964,False,2,1505,10.1002/14651858.CD002122.pub3,0,9.68063872255489,False,0,7.325349301397207,Low Stakes
CD013800_pub2_data__A18,CD013800,49,F,-0.021388,0.932345,False,4,42582,10.1002/14651858.CD013800.pub2,8,76.14770459081836,False,0,38.582834331337324,Moderate
CD002243_pub5_data__A1,CD002243,49,F,-0.200374,0.0013,True,75,23225,10.1002/14651858.CD002243.pub5,0,9.68063872255489,False,0,12.355289421157686,Low Stakes
CD000028_pub4_data__A6,CD000028,49,F,0.807792,0.184445,False,4,11310,10.1002/14651858.CD000028.pub4,0,9.68063872255489,False,0,6.57684630738523,Low Stakes
CD011626_pub3_data__A2,CD011626,49,F,0.151772,0.784329,False,14,596,10.1002/14651858.CD011626.pub3,2,39.12175648702595,False,0,19.10179640718563,Low Stakes
CD004508_pub5_data__A3,CD004508,49,F,0.316963,0.614664,False,3,453,10.1002/14651858.CD004508.pub5,1,26.34730538922156,False,0,18.16367265469062,Low Stakes
CD006913_pub3_data__A18,CD006913,49,F,0.126652,0.911066,False,4,84,10.1002/14651858.CD006913.pub3,3,49.101796407185624,False,0,29.171656686626747,Low Stakes
CD006913_pub3_data__A25,CD006913,49,F,-0.018483,0.9888,False,3,155,10.1002/14651858.CD006913.pub3,3,49.101796407185624,False,0,29.171656686626747,Low Stakes
CD002243_pub5_data__A8,CD002243,49,F,-0.222038,0.000627,True,75,23132,10.1002/14651858.CD002243.pub5,0,9.68063872255489,False,0,12.355289421157686,Low Stakes
CD013800_pub2_data__A17,CD013800,49,F,-0.02559,0.94017,False,4,3282,10.1002/14651858.CD013800.pub2,8,76.14770459081836,False,0,38.582834331337324,Moderate
CD004667_pub6_data__A3,CD004667,49,F,-0.220742,0.0,True,60,71016,10.1002/14651858.CD004667.pub6,64,99.8003992015968,False,0,48.21357285429142,Moderate
CD013445_pub2_data__A27,CD013445,49,F,-1.628465,0.013085,True,17,1569,10.1002/14651858.CD013445.pub2,15,91.81636726546905,False,0,46.387225548902194,Moderate
CD006606_pub5_data__A8,CD006606,49,F,0.069421,0.922633,False,4,810,10.1002/14651858.CD006606.pub5,5,63.57285429141717,False,0,32.47504990019961,Moderate
CD013232_pub2_data__A21,CD013232,49,F,-0.346641,0.547215,False,13,925,10.1002/14651858.CD013232.pub2,4,57.48502994011976,False,0,31.477045908183634,Moderate
CD015140_pub2_data__A18,CD015140,49,F,0.083423,0.838824,False,3,497,10.1002/14651858.CD015140.pub2,0,9.68063872255489,False,0,11.806387225548903,Low Stakes
CD014541_pub2_data__A3,CD014541,49,F,-0.651735,0.220049,False,3,24455,10.1002/14651858.CD014541.pub2,1,26.34730538922156,False,0,19.9500998003992,Low Stakes
CD014541_pub2_data__A2,CD014541,49,F,-0.805277,0.1259,False,4,24773,10.1002/14651858.CD014541.pub2,1,26.34730538922156,False,0,19.9500998003992,Low Stakes
CD012067_pub3_data__A20,CD012067,49,F,0.051172,0.937104,False,3,150,10.1002/14651858.CD012067.pub3,0,9.68063872255489,False,0,12.86427145708583,Low Stakes
CD014937_pub2_data__A3,CD014937,49,F,0.077395,0.582688,False,44,8656,10.1002/14651858.CD014937.pub2,3,49.101796407185624,False,0,28.353293413173652,Low Stakes
CD014959_pub2_data__A12,CD014959,49,F,-1.823949,0.030405,True,4,1909,10.1002/14651858.CD014959.pub2,4,57.48502994011976,False,0,30.618762475049902,Moderate
CD014959_pub2_data__A10,CD014959,49,F,0.47972,0.484368,False,4,1909,10.1002/14651858.CD014959.pub2,4,57.48502994011976,False,0,30.618762475049902,Moderate
CD014959_pub2_data__A5,CD014959,49,F,-1.026272,0.360322,False,3,1909,10.1002/14651858.CD014959.pub2,4,57.48502994011976,False,0,30.618762475049902,Moderate
CD013715_pub2_data__A21,CD013715,49,F,0.41483,0.578832,False,2,287,10.1002/14651858.CD013715.pub2,0,9.68063872255489,False,0,12.754491017964073,Low Stakes
CD014541_pub2_data__A1,CD014541,49,F,-0.805277,0.1259,False,4,24773,10.1002/14651858.CD014541.pub2,1,26.34730538922156,False,0,19.9500998003992,Low Stakes
CD014959_pub2_data__A15,CD014959,49,F,-0.862784,0.687303,False,3,2165,10.1002/14651858.CD014959.pub2,4,57.48502994011976,False,0,30.618762475049902,Moderate
CD012214_pub3_data__A4,CD012214,49,F,-0.217569,0.719909,False,4,165,10.1002/14651858.CD012214.pub3,4,57.48502994011976,False,0,25.02994011976048,Low Stakes
CD002243_pub5_data__A2,CD002243,49,F,-0.175118,1e-06,True,181,67399,10.1002/14651858.CD002243.pub5,0,9.68063872255489,False,0,12.355289421157686,Low Stakes
CD013715_pub2_data__A12,CD013715,49,F,-1.504781,0.260116,False,3,146,10.1002/14651858.CD013715.pub2,0,9.68063872255489,False,0,12.754491017964073,Low Stakes
CD013715_pub2_data__A11,CD013715,49,F,-0.877365,0.416442,False,4,163,10.1002/14651858.CD013715.pub2,0,9.68063872255489,False,0,12.754491017964073,Low Stakes
CD013353_pub2_data__A4,CD013353,49,F,0.0,1.0,False,4,160,10.1002/14651858.CD013353.pub2,8,76.14770459081836,True,0,53.163672654690615,Red Flag
CD014624_pub2_data__A7,CD014624,49,F,0.0,1.0,False,2,0,10.1002/14651858.CD014624.pub2,6,68.76247504990019,False,0,32.75449101796407,Moderate
CD014763_pub2_data__A7,CD014763,49,F,-0.064678,0.917283,False,11,804,10.1002/14651858.CD014763.pub2,13,88.32335329341318,False,0,39.471057884231534,Moderate
CD012891_pub2_data__A11,CD012891,49,F,0.0,1.0,False,2,0,10.1002/14651858.CD012891.pub2,1,26.34730538922156,False,0,16.497005988023954,Low Stakes
CD007639_pub3_data__A1,CD007639,49,F,-0.128141,0.762086,False,23,992,10.1002/14651858.CD007639.pub3,2,39.12175648702595,False,0,22.994011976047904,Low Stakes
CD012891_pub2_data__A10,CD012891,49,F,0.0,1.0,False,1,0,10.1002/14651858.CD012891.pub2,1,26.34730538922156,False,0,16.497005988023954,Low Stakes
CD001797_pub4_data__A2,CD001797,49,F,-0.229591,0.672637,False,4,147,10.1002/14651858.CD001797.pub4,6,68.76247504990019,False,0,32.75449101796407,Moderate
CD013800_pub2_data__A15,CD013800,49,F,0.077432,0.839058,False,3,49511,10.1002/14651858.CD013800.pub2,8,76.14770459081836,False,0,38.582834331337324,Moderate
CD003519_pub5_data__A11,CD003519,49,F,-145.924344,0.482893,False,2,143,10.1002/14651858.CD003519.pub5,1,26.34730538922156,False,0,19.640718562874255,Low Stakes
CD014763_pub2_data__A8,CD014763,49,F,-0.064678,0.917283,False,11,804,10.1002/14651858.CD014763.pub2,13,88.32335329341318,False,0,39.471057884231534,Moderate
CD002203_pub5_data__A5,CD002203,49,F,-0.131891,0.092737,False,51,9680,10.1002/14651858.CD002203.pub5,0,9.68063872255489,True,0,33.532934131736525,Moderate
CD015432_pub2_data__A7,CD015432,49,F,-0.262694,0.482843,False,14,799,10.1002/14651858.CD015432.pub2,5,63.57285429141717,False,0,32.774451097804395,Moderate
CD015255_pub2_data__A2,CD015255,49,F,-1.009551,0.026122,True,8,815,10.1002/14651858.CD015255.pub2,12,86.42714570858283,False,0,43.56287425149701,Moderate
CD012891_pub2_data__A9,CD012891,49,F,0.0,1.0,False,1,0,10.1002/14651858.CD012891.pub2,1,26.34730538922156,False,0,16.497005988023954,Low Stakes
CD015849_pub2_data__A34,CD015849,49,F,-0.163736,0.888865,False,4,480,10.1002/14651858.CD015849.pub2,4,57.48502994011976,False,0,32.83433133732535,Moderate
CD012214_pub3_data__A2,CD012214,49,F,0.186666,0.867032,False,4,137,10.1002/14651858.CD012214.pub3,4,57.48502994011976,False,0,25.02994011976048,Low Stakes
CD015588_pub2_data__A48,CD015588,49,F,0.0,1.0,False,2,0,10.1002/14651858.CD015588.pub2,17,94.61077844311377,False,0,47.74451097804391,Moderate
CD013358_pub2_data__A12,CD013358,49,F,-0.122846,0.851315,False,10,909,10.1002/14651858.CD013358.pub2,2,39.12175648702595,False,0,24.13173652694611,Low Stakes
CD014914_pub2_data__A10,CD014914,49,F,-1.632768,0.411107,False,2,758,10.1002/14651858.CD014914.pub2,6,68.76247504990019,False,0,34.29141716566866,Moderate
CD015849_pub2_data__A41,CD015849,49,F,0.074489,0.895764,False,3,661,10.1002/14651858.CD015849.pub2,4,57.48502994011976,False,0,32.83433133732535,Moderate
CD014844_pub2_data__A6,CD014844,49,F,-0.055023,0.896174,False,3,3574,10.1002/14651858.CD014844.pub2,0,9.68063872255489,False,0,10.32934131736527,Low Stakes
CD013715_pub2_data__A4,CD013715,49,F,0.982578,0.446692,False,3,112,10.1002/14651858.CD013715.pub2,0,9.68063872255489,False,0,12.754491017964073,Low Stakes
CD015588_pub2_data__A35,CD015588,49,F,0.0,1.0,False,1,0,10.1002/14651858.CD015588.pub2,17,94.61077844311377,False,0,47.74451097804391,Moderate
CD015588_pub2_data__A38,CD015588,49,F,0.0,1.0,False,1,0,10.1002/14651858.CD015588.pub2,17,94.61077844311377,False,0,47.74451097804391,Moderate
CD015588_pub2_data__A8,CD015588,49,F,0.0,1.0,False,2,0,10.1002/14651858.CD015588.pub2,17,94.61077844311377,False,0,47.74451097804391,Moderate
CD015255_pub2_data__A16,CD015255,49,F,-1.841723,0.225875,False,2,352,10.1002/14651858.CD015255.pub2,12,86.42714570858283,False,0,43.56287425149701,Moderate
CD001797_pub4_data__A3,CD001797,49,F,0.883095,0.171731,False,5,181,10.1002/14651858.CD001797.pub4,6,68.76247504990019,False,0,32.75449101796407,Moderate
CD013719_pub2_data__A11,CD013719,49,F,1.191635,0.507927,False,2,202,10.1002/14651858.CD013719.pub2,13,88.32335329341318,True,0,61.786427145708586,Red Flag
CD015588_pub2_data__A15,CD015588,49,F,0.0,1.0,False,2,0,10.1002/14651858.CD015588.pub2,17,94.61077844311377,False,0,47.74451097804391,Moderate
CD013763_pub3_data__A7,CD013763,49,F,-0.000667,0.998996,False,15,925,10.1002/14651858.CD013763.pub3,10,82.83433133732535,True,0,60.17964071856287,Red Flag
CD008237_pub4_data__A4,CD008237,49,F,-0.016481,0.990212,False,3,47,10.1002/14651858.CD008237.pub4,0,9.68063872255489,False,0,7.325349301397207,Low Stakes
CD015932_pub2_data__A9,CD015932,49,F,0.0,1.0,False,1,259,10.1002/14651858.CD015932.pub2,0,9.68063872255489,False,0,11.996007984031937,Low Stakes
CD013408_pub2_data__A9,CD013408,49,F,-0.63303,0.454864,False,2,2612,10.1002/14651858.CD013408.pub2,1,26.34730538922156,False,0,18.323353293413177,Low Stakes
CD014833_pub2_data__A3,CD014833,49,F,-0.284441,0.690672,False,3,357,10.1002/14651858.CD014833.pub2,0,9.68063872255489,False,0,10.658682634730539,Low Stakes
CD013715_pub2_data__A9,CD013715,49,F,0.71404,0.324611,False,3,146,10.1002/14651858.CD013715.pub2,0,9.68063872255489,False,0,12.754491017964073,Low Stakes
CD014769_pub2_data__A27,CD014769,49,F,-0.345,0.726794,False,3,24915,10.1002/14651858.CD014769.pub2,4,57.48502994011976,True,0,52.40518962075848,Red Flag
CD012693_pub3_data__A34,CD012693,49,F,-0.030032,0.978144,False,4,197,10.1002/14651858.CD012693.pub3,12,86.42714570858283,False,0,44.141716566866265,Moderate
CD015932_pub2_data__A10,CD015932,49,F,0.0,1.0,False,2,0,10.1002/14651858.CD015932.pub2,0,9.68063872255489,False,0,11.996007984031937,Low Stakes
CD006404_pub5_data__A14,CD006404,49,F,-0.763441,0.514541,False,3,829,10.1002/14651858.CD006404.pub5,0,9.68063872255489,False,0,11.996007984031937,Low Stakes
CD006404_pub5_data__A16,CD006404,49,F,-0.711551,0.241008,False,3,858,10.1002/14651858.CD006404.pub5,0,9.68063872255489,False,0,11.996007984031937,Low Stakes
CD009609_pub3_data__A3,CD009609,49,F,-4.258355,0.032514,True,4,490,10.1002/14651858.CD009609.pub3,14,90.31936127744511,True,0,61.37724550898204,Red Flag
CD009609_pub3_data__A5,CD009609,49,F,-5.140555,0.077799,False,4,424,10.1002/14651858.CD009609.pub3,14,90.31936127744511,True,0,61.37724550898204,Red Flag
CD012693_pub3_data__A17,CD012693,49,F,0.0,1.0,False,1,0,10.1002/14651858.CD012693.pub3,12,86.42714570858283,False,0,44.141716566866265,Moderate
CD009609_pub3_data__A6,CD009609,49,F,-5.713131,0.127135,False,4,487,10.1002/14651858.CD009609.pub3,14,90.31936127744511,True,0,61.37724550898204,Red Flag
CD007079_pub4_data__A1,CD007079,49,F,-0.220914,0.036343,True,20,38423,10.1002/14651858.CD007079.pub4,0,9.68063872255489,False,0,11.65668662674651,Low Stakes
CD015033_pub2_data__A12,CD015033,49,F,-0.42987,0.58064,False,3,373,10.1002/14651858.CD015033.pub2,10,82.83433133732535,False,0,42.01596806387226,Moderate
CD015588_pub2_data__A31,CD015588,49,F,-0.369066,0.222767,False,2,12647,10.1002/14651858.CD015588.pub2,17,94.61077844311377,False,0,47.74451097804391,Moderate
CD011626_pub3_data__A1,CD011626,49,F,0.128738,0.809912,False,15,609,10.1002/14651858.CD011626.pub3,2,39.12175648702595,False,0,19.10179640718563,Low Stakes
CD003519_pub5_data__A8,CD003519,49,F,1.332393,0.475354,False,2,81,10.1002/14651858.CD003519.pub5,1,26.34730538922156,False,0,19.640718562874255,Low Stakes
CD014769_pub2_data__A23,CD014769,49,F,0.291868,0.052858,False,20,103086,10.1002/14651858.CD014769.pub2,4,57.48502994011976,True,0,52.40518962075848,Red Flag
CD015932_pub2_data__A6,CD015932,49,F,0.0,1.0,False,2,0,10.1002/14651858.CD015932.pub2,0,9.68063872255489,False,0,11.996007984031937,Low Stakes
CD015932_pub2_data__A14,CD015932,49,F,0.0,1.0,False,1,0,10.1002/14651858.CD015932.pub2,0,9.68063872255489,False,0,11.996007984031937,Low Stakes
CD015033_pub2_data__A22,CD015033,49,F,-1.10323,0.157619,False,4,256,10.1002/14651858.CD015033.pub2,10,82.83433133732535,False,0,42.01596806387226,Moderate
CD015033_pub2_data__A23,CD015033,49,F,-0.280552,0.645827,False,4,256,10.1002/14651858.CD015033.pub2,10,82.83433133732535,False,0,42.01596806387226,Moderate
CD006714_pub3_data__A14,CD006714,49,F,-0.226652,0.863562,False,3,192,10.1002/14651858.CD006714.pub3,0,9.68063872255489,False,0,11.806387225548903,Low Stakes
CD006913_pub3_data__A23,CD006913,49,F,-0.018483,0.9888,False,3,155,10.1002/14651858.CD006913.pub3,3,49.101796407185624,False,0,29.171656686626747,Low Stakes
CD002243_pub5_data__A5,CD002243,49,F,-0.202572,0.002873,True,70,21617,10.1002/14651858.CD002243.pub5,0,9.68063872255489,False,0,12.355289421157686,Low Stakes
CD002243_pub5_data__A4,CD002243,49,F,-0.215046,0.001475,True,67,22617,10.1002/14651858.CD002243.pub5,0,9.68063872255489,False,0,12.355289421157686,Low Stakes
CD002243_pub5_data__A3,CD002243,49,F,-0.202517,0.001321,True,72,23051,10.1002/14651858.CD002243.pub5,0,9.68063872255489,False,0,12.355289421157686,Low Stakes
CD015520_data__A7,CD015520,49,F,-0.062484,0.962147,False,3,157,10.1002/14651858.CD015520,1,26.34730538922156,False,0,16.497005988023954,Low Stakes
CD001321_pub7_data__A1,CD001321,48,F,-0.458525,0.0,True,103,22281,10.1002/14651858.CD001321.pub7,9,79.84031936127745,False,0,33.97205588822356,Moderate
CD015003_pub2_data__A4,CD015003,48,F,0.890128,0.037439,True,10,760,10.1002/14651858.CD015003.pub2,4,57.48502994011976,False,0,25.69860279441118,Low Stakes
CD003519_pub5_data__A9,CD003519,48,F,-2.261045,0.216571,False,4,450,10.1002/14651858.CD003519.pub5,1,26.34730538922156,False,0,19.640718562874255,Low Stakes
CD015588_pub2_data__A32,CD015588,48,F,-0.275585,0.847937,False,3,700,10.1002/14651858.CD015588.pub2,17,94.61077844311377,False,0,47.74451097804391,Moderate
CD015588_pub2_data__A22,CD015588,48,F,-0.230704,0.09437,False,4,23539,10.1002/14651858.CD015588.pub2,17,94.61077844311377,False,0,47.74451097804391,Moderate
CD004736_pub6_data__A45,CD004736,48,F,-1.21417,0.000416,True,19,19969,10.1002/14651858.CD004736.pub6,14,90.31936127744511,False,0,46.10778443113773,Moderate
CD003519_pub5_data__A25,CD003519,48,F,3.210315,0.023721,True,3,439,10.1002/14651858.CD003519.pub5,1,26.34730538922156,False,0,19.640718562874255,Low Stakes
CD004736_pub6_data__A46,CD004736,48,F,-0.818729,0.015505,True,12,19491,10.1002/14651858.CD004736.pub6,14,90.31936127744511,False,0,46.10778443113773,Moderate
CD004736_pub6_data__A47,CD004736,48,F,-0.584996,0.055321,False,11,19286,10.1002/14651858.CD004736.pub6,14,90.31936127744511,False,0,46.10778443113773,Moderate
CD014803_pub2_data__A2,CD014803,48,F,0.139429,0.803409,False,4,127,10.1002/14651858.CD014803.pub2,6,68.76247504990019,False,0,27.804391217564866,Low Stakes
CD003962_pub3_data__A10,CD003962,48,F,-0.856303,0.075469,False,11,492,10.1002/14651858.CD003962.pub3,13,88.32335329341318,False,0,44.041916167664674,Moderate
CD008237_pub4_data__A1,CD008237,48,F,-1.15581,0.150392,False,3,198,10.1002/14651858.CD008237.pub4,0,9.68063872255489,False,0,7.325349301397207,Low Stakes
CD013408_pub2_data__A6,CD013408,48,F,-0.222775,0.779016,False,3,2301,10.1002/14651858.CD013408.pub2,1,26.34730538922156,False,0,18.323353293413177,Low Stakes
CD013408_pub2_data__A2,CD013408,48,F,-0.382871,0.355743,False,3,2401,10.1002/14651858.CD013408.pub2,1,26.34730538922156,False,0,18.323353293413177,Low Stakes
CD015932_pub2_data__A11,CD015932,48,F,-0.239317,0.70097,False,3,9892,10.1002/14651858.CD015932.pub2,0,9.68063872255489,False,0,11.996007984031937,Low Stakes
CD015932_pub2_data__A8,CD015932,48,F,-0.421445,0.277429,False,2,433,10.1002/14651858.CD015932.pub2,0,9.68063872255489,False,0,11.996007984031937,Low Stakes
CD003519_pub5_data__A16,CD003519,48,F,0.843835,0.347334,False,3,245,10.1002/14651858.CD003519.pub5,1,26.34730538922156,False,0,19.640718562874255,Low Stakes
CD014741_pub2_data__A4,CD014741,48,F,-0.138152,0.328936,False,42,9413,10.1002/14651858.CD014741.pub2,3,49.101796407185624,False,0,24.281437125748504,Low Stakes
CD015219_pub2_data__A10,CD015219,48,F,0.892743,0.000726,True,25,6856,10.1002/14651858.CD015219.pub2,8,76.14770459081836,True,0,57.80439121756487,Red Flag
CD004736_pub6_data__A1,CD004736,48,F,-1.593636,0.0,True,39,31438,10.1002/14651858.CD004736.pub6,14,90.31936127744511,False,0,46.10778443113773,Moderate
CD004736_pub6_data__A11,CD004736,48,F,-0.780214,0.000146,True,22,19950,10.1002/14651858.CD004736.pub6,14,90.31936127744511,False,0,46.10778443113773,Moderate
CD015443_pub2_data__A1,CD015443,48,F,-0.110497,0.425953,False,17,8752,10.1002/14651858.CD015443.pub2,7,73.05389221556887,False,0,34.47105788423154,Moderate
CD015432_pub2_data__A8,CD015432,48,F,-0.517386,0.094979,False,10,589,10.1002/14651858.CD015432.pub2,5,63.57285429141717,False,0,32.774451097804395,Moderate
CD004736_pub6_data__A13,CD004736,48,F,-0.782487,0.000213,True,22,21079,10.1002/14651858.CD004736.pub6,14,90.31936127744511,False,0,46.10778443113773,Moderate
CD003519_pub5_data__A24,CD003519,48,F,-4.562588,0.162774,False,4,490,10.1002/14651858.CD003519.pub5,1,26.34730538922156,False,0,19.640718562874255,Low Stakes
CD015219_pub2_data__A13,CD015219,48,F,-0.033831,0.95907,False,4,670,10.1002/14651858.CD015219.pub2,8,76.14770459081836,True,0,57.80439121756487,Red Flag
CD015219_pub2_data__A4,CD015219,48,F,1.019762,4e-06,True,37,9190,10.1002/14651858.CD015219.pub2,8,76.14770459081836,True,0,57.80439121756487,Red Flag
CD003519_pub5_data__A21,CD003519,48,F,0.085152,0.942014,False,3,559,10.1002/14651858.CD003519.pub5,1,26.34730538922156,False,0,19.640718562874255,Low Stakes
CD003519_pub5_data__A20,CD003519,48,F,-0.3008,0.694998,False,4,833,10.1002/14651858.CD003519.pub5,1,26.34730538922156,False,0,19.640718562874255,Low Stakes
CD012693_pub3_data__A33,CD012693,48,F,0.096427,0.883162,False,4,197,10.1002/14651858.CD012693.pub3,12,86.42714570858283,False,0,44.141716566866265,Moderate
CD013719_pub2_data__A5,CD013719,48,F,1.420921,0.063106,False,4,2400,10.1002/14651858.CD013719.pub2,13,88.32335329341318,True,0,61.786427145708586,Red Flag
CD013757_pub3_data__A7,CD013757,48,F,-0.742019,0.261971,False,4,648,10.1002/14651858.CD013757.pub3,6,68.76247504990019,True,0,52.75449101796407,Red Flag
CD004736_pub6_data__A14,CD004736,48,F,-0.891732,0.000228,True,23,21211,10.1002/14651858.CD004736.pub6,14,90.31936127744511,False,0,46.10778443113773,Moderate
CD013255_pub2_data__A1,CD013255,48,F,1.194811,1e-06,True,49,5861,10.1002/14651858.CD013255.pub2,4,57.48502994011976,False,0,25.69860279441118,Low Stakes
CD015779_data__A2,CD015779,48,F,-2.265778,0.059917,False,3,818,10.1002/14651858.CD015779,4,57.48502994011976,False,0,28.243512974051896,Low Stakes
CD013827_pub2_data__A9,CD013827,48,F,0.007551,0.989393,False,13,3221,10.1002/14651858.CD013827.pub2,5,63.57285429141717,False,0,32.47504990019961,Moderate
CD013827_pub2_data__A10,CD013827,48,F,0.007832,0.988565,False,14,3492,10.1002/14651858.CD013827.pub2,5,63.57285429141717,False,0,32.47504990019961,Moderate
CD013827_pub2_data__A7,CD013827,48,F,-0.458748,0.428455,False,12,3170,10.1002/14651858.CD013827.pub2,5,63.57285429141717,False,0,32.47504990019961,Moderate
CD013827_pub2_data__A8,CD013827,48,F,0.007011,0.989763,False,14,3521,10.1002/14651858.CD013827.pub2,5,63.57285429141717,False,0,32.47504990019961,Moderate
CD004925_pub4_data__A4,CD004925,48,F,0.556094,0.146108,False,10,1726,10.1002/14651858.CD004925.pub4,10,82.83433133732535,False,0,36.58682634730539,Moderate
CD007674_pub3_data__A6,CD007674,48,F,0.832663,0.016055,True,14,969,10.1002/14651858.CD007674.pub3,0,9.68063872255489,False,0,8.013972055888225,Low Stakes
CD014964_pub2_data__A2,CD014964,48,F,0.557049,3.8e-05,True,89,25843,10.1002/14651858.CD014964.pub2,1,26.34730538922156,False,0,13.992015968063875,Low Stakes
CD014964_pub2_data__A3,CD014964,48,F,0.64321,0.0,True,110,29497,10.1002/14651858.CD014964.pub2,1,26.34730538922156,False,0,13.992015968063875,Low Stakes
CD014964_pub2_data__A1,CD014964,48,F,0.64396,5e-06,True,77,24760,10.1002/14651858.CD014964.pub2,1,26.34730538922156,False,0,13.992015968063875,Low Stakes
CD000547_pub3_data__A8,CD000547,48,F,0.878864,1e-06,True,57,9204,10.1002/14651858.CD000547.pub3,4,57.48502994011976,False,0,29.451097804391217,Low Stakes
CD014040_pub2_data__A9,CD014040,48,F,-1.535158,0.375695,False,3,639,10.1002/14651858.CD014040.pub2,2,39.12175648702595,False,0,20.898203592814372,Low Stakes
CD004736_pub6_data__A8,CD004736,48,F,-1.275727,5e-06,True,20,4899,10.1002/14651858.CD004736.pub6,14,90.31936127744511,False,0,46.10778443113773,Moderate
CD000547_pub3_data__A9,CD000547,48,F,1.507886,0.153414,False,4,462,10.1002/14651858.CD000547.pub3,4,57.48502994011976,False,0,29.451097804391217,Low Stakes
CD013827_pub2_data__A13,CD013827,48,F,0.360107,0.349767,False,2,460,10.1002/14651858.CD013827.pub2,5,63.57285429141717,False,0,32.47504990019961,Moderate
CD012079_pub2_data__A23,CD012079,48,F,-1.260292,0.0,True,26,3821,10.1002/14651858.CD012079.pub2,12,86.42714570858283,False,0,43.56287425149701,Moderate
CD012079_pub2_data__A24,CD012079,48,F,0.492159,0.02642,True,28,4056,10.1002/14651858.CD012079.pub2,12,86.42714570858283,False,0,43.56287425149701,Moderate
CD007639_pub3_data__A11,CD007639,48,F,-0.198334,0.778231,False,5,333,10.1002/14651858.CD007639.pub3,2,39.12175648702595,False,0,22.994011976047904,Low Stakes
CD015255_pub2_data__A14,CD015255,48,F,-0.509934,0.339866,False,4,292,10.1002/14651858.CD015255.pub2,12,86.42714570858283,False,0,43.56287425149701,Moderate
CD015254_pub2_data__A8,CD015254,48,F,-0.606938,0.11461,False,10,1445,10.1002/14651858.CD015254.pub2,5,63.57285429141717,False,0,32.47504990019961,Moderate
CD013715_pub2_data__A3,CD013715,48,F,1.051076,0.285081,False,3,327,10.1002/14651858.CD013715.pub2,0,9.68063872255489,False,0,12.754491017964073,Low Stakes
CD006140_pub3_data__A11,CD006140,48,F,-3.274015,0.452275,False,3,1040,10.1002/14651858.CD006140.pub3,0,9.68063872255489,False,0,12.355289421157686,Low Stakes
CD006140_pub3_data__A12,CD006140,48,F,3.256125,0.436474,False,3,577,10.1002/14651858.CD006140.pub3,0,9.68063872255489,False,0,12.355289421157686,Low Stakes
CD015255_pub2_data__A13,CD015255,48,F,-0.621326,0.360426,False,5,405,10.1002/14651858.CD015255.pub2,12,86.42714570858283,False,0,43.56287425149701,Moderate
CD015255_pub2_data__A1,CD015255,48,F,-0.579815,0.548482,False,4,689,10.1002/14651858.CD015255.pub2,12,86.42714570858283,False,0,43.56287425149701,Moderate
CD015254_pub2_data__A7,CD015254,48,F,-0.67269,0.084261,False,10,1456,10.1002/14651858.CD015254.pub2,5,63.57285429141717,False,0,32.47504990019961,Moderate
CD013827_pub2_data__A11,CD013827,48,F,-0.271641,0.637958,False,12,3332,10.1002/14651858.CD013827.pub2,5,63.57285429141717,False,0,32.47504990019961,Moderate
CD013332_pub2_data__A4,CD013332,48,F,0.821414,0.366318,False,4,2793,10.1002/14651858.CD013332.pub2,1,26.34730538922156,False,0,11.876247504990022,Low Stakes
CD013105_pub2_data__A5,CD013105,48,F,-0.849271,0.371186,False,3,159,10.1002/14651858.CD013105.pub2,1,26.34730538922156,False,0,13.992015968063875,Low Stakes
CD001837_pub4_data__A1,CD001837,48,F,0.371043,0.0,True,110,39320,10.1002/14651858.CD001837.pub4,14,90.31936127744511,False,0,37.46506986027944,Moderate
CD001797_pub4_data__A7,CD001797,48,F,0.759204,0.213538,False,4,144,10.1002/14651858.CD001797.pub4,6,68.76247504990019,False,0,32.75449101796407,Moderate
CD015849_pub2_data__A20,CD015849,47,F,-0.312144,0.259657,False,3,668,10.1002/14651858.CD015849.pub2,4,57.48502994011976,False,0,32.83433133732535,Moderate
CD012942_pub2_data__A2,CD012942,47,F,0.41365,0.0,True,266,89062,10.1002/14651858.CD012942.pub2,5,63.57285429141717,False,0,31.3872255489022,Moderate
CD015849_pub2_data__A7,CD015849,47,F,-0.06627,0.695781,False,7,3850,10.1002/14651858.CD015849.pub2,4,57.48502994011976,False,0,32.83433133732535,Moderate
CD013800_pub2_data__A7,CD013800,47,F,-0.015836,0.892974,False,24,75565,10.1002/14651858.CD013800.pub2,8,76.14770459081836,False,0,38.582834331337324,Moderate
CD015284_pub2_data__A4,CD015284,47,F,-0.073472,0.890411,False,15,947,10.1002/14651858.CD015284.pub2,2,39.12175648702595,False,0,25.309381237524953,Low Stakes
CD009508_pub2_data__A3,CD009508,47,F,0.850924,0.023775,True,16,1366,10.1002/14651858.CD009508.pub2,7,73.05389221556887,False,0,30.558882235528944,Moderate
CD013822_pub2_data__A5,CD013822,47,F,0.514786,0.070581,False,9,6270,10.1002/14651858.CD013822.pub2,12,86.42714570858283,False,0,39.82035928143712,Moderate
CD014964_pub2_data__A4,CD014964,47,F,0.96559,0.0,True,132,27383,10.1002/14651858.CD014964.pub2,1,26.34730538922156,False,0,13.992015968063875,Low Stakes
CD002243_pub5_data__A15,CD002243,47,F,-0.254332,0.700193,False,10,778,10.1002/14651858.CD002243.pub5,0,9.68063872255489,False,0,12.355289421157686,Low Stakes
CD002243_pub5_data__A13,CD002243,47,F,-0.175723,0.028491,True,24,8866,10.1002/14651858.CD002243.pub5,0,9.68063872255489,False,0,12.355289421157686,Low Stakes
CD004667_pub6_data__A2,CD004667,47,F,-0.109322,0.00017,True,64,72148,10.1002/14651858.CD004667.pub6,64,99.8003992015968,False,0,48.21357285429142,Moderate
CD015443_pub2_data__A5,CD015443,47,F,-0.364946,0.044321,True,7,4914,10.1002/14651858.CD015443.pub2,7,73.05389221556887,False,0,34.47105788423154,Moderate
CD012693_pub3_data__A26,CD012693,47,F,0.421904,0.222063,False,12,215,10.1002/14651858.CD012693.pub3,12,86.42714570858283,False,0,44.141716566866265,Moderate
CD013358_pub2_data__A6,CD013358,47,F,-0.109783,0.836431,False,15,965,10.1002/14651858.CD013358.pub2,2,39.12175648702595,False,0,24.13173652694611,Low Stakes
CD012718_pub2_data__A5,CD012718,47,F,0.314866,0.345638,False,4,512,10.1002/14651858.CD012718.pub2,6,68.76247504990019,False,0,32.75449101796407,Moderate
CD006404_pub5_data__A3,CD006404,47,F,-0.607794,0.012365,True,32,12360,10.1002/14651858.CD006404.pub5,0,9.68063872255489,False,0,11.996007984031937,Low Stakes
CD012942_pub2_data__A1,CD012942,47,F,0.41281,0.0,True,266,85684,10.1002/14651858.CD012942.pub2,5,63.57285429141717,False,0,31.3872255489022,Moderate
CD015040_pub2_data__A3,CD015040,46,F,-0.179464,0.786946,False,10,476,10.1002/14651858.CD015040.pub2,3,49.101796407185624,False,0,20.97804391217565,Low Stakes
CD004871_pub5_data__A10,CD004871,46,F,-0.017026,0.978302,False,11,495,10.1002/14651858.CD004871.pub5,6,68.76247504990019,False,0,34.55089820359281,Moderate
CD008349_pub5_data__A9,CD008349,46,F,-0.034536,0.952452,False,13,347,10.1002/14651858.CD008349.pub5,5,63.57285429141717,False,0,32.47504990019961,Moderate
CD013232_pub2_data__A3,CD013232,46,F,0.342491,2e-06,True,168,9032,10.1002/14651858.CD013232.pub2,4,57.48502994011976,False,0,31.477045908183634,Moderate
CD013232_pub2_data__A16,CD013232,46,F,0.125876,0.361807,False,61,3336,10.1002/14651858.CD013232.pub2,4,57.48502994011976,False,0,31.477045908183634,Moderate
CD015330_pub2_data__A1,CD015330,46,F,-0.164201,0.457489,False,21,0,10.1002/14651858.CD015330.pub2,26,97.90419161676647,False,0,43.80239520958084,Moderate
CD003357_pub5_data__A1,CD003357,46,F,0.761155,0.012133,True,10,1542,10.1002/14651858.CD003357.pub5,0,9.68063872255489,False,0,5.908183632734531,Low Stakes
CD014741_pub2_data__A5,CD014741,46,F,-0.281322,0.344391,False,47,17968,10.1002/14651858.CD014741.pub2,3,49.101796407185624,False,0,24.281437125748504,Low Stakes
CD013358_pub2_data__A16,CD013358,46,F,-0.237419,0.720233,False,10,442,10.1002/14651858.CD013358.pub2,2,39.12175648702595,False,0,24.13173652694611,Low Stakes
CD006027_pub3_data__A2,CD006027,46,F,-0.410724,0.081303,False,33,3676,10.1002/14651858.CD006027.pub3,1,26.34730538922156,False,0,11.876247504990022,Low Stakes
CD015014_pub2_data__A39,CD015014,46,F,0.0,1.0,False,6,0,10.1002/14651858.CD015014.pub2,5,63.57285429141717,False,0,35.249500998003995,Moderate
CD003519_pub5_data__A14,CD003519,46,F,42.549477,0.128452,False,7,324,10.1002/14651858.CD003519.pub5,1,26.34730538922156,False,0,19.640718562874255,Low Stakes
CD013445_pub2_data__A36,CD013445,46,F,-2.603664,0.037548,True,4,184,10.1002/14651858.CD013445.pub2,15,91.81636726546905,False,0,46.387225548902194,Moderate
CD015330_pub2_data__A6,CD015330,46,F,-0.050114,0.120601,False,10,0,10.1002/14651858.CD015330.pub2,26,97.90419161676647,False,0,43.80239520958084,Moderate
CD006185_pub6_data__A8,CD006185,46,F,-0.059429,0.76575,False,101,4224,10.1002/14651858.CD006185.pub6,4,57.48502994011976,False,0,27.135728542914173,Low Stakes
CD013232_pub2_data__A1,CD013232,46,F,-0.014119,0.948799,False,84,3889,10.1002/14651858.CD013232.pub2,4,57.48502994011976,False,0,31.477045908183634,Moderate
CD013232_pub2_data__A7,CD013232,46,F,0.515932,0.0,True,222,13441,10.1002/14651858.CD013232.pub2,4,57.48502994011976,False,0,31.477045908183634,Moderate
CD008493_pub5_data__A3,CD008493,45,F,-0.141334,0.043339,True,25,19443,10.1002/14651858.CD008493.pub5,2,39.12175648702595,False,0,19.79041916167665,Low Stakes
CD015328_pub2_data__A3,CD015328,45,F,-0.015507,0.785422,False,29,0,10.1002/14651858.CD015328.pub2,32,98.80239520958084,False,0,44.161676646706596,Moderate
CD015328_pub2_data__A1,CD015328,45,F,-0.0731,0.078893,False,52,0,10.1002/14651858.CD015328.pub2,32,98.80239520958084,False,0,44.161676646706596,Moderate
CD013054_pub3_data__A2,CD013054,45,F,-0.774706,0.004772,True,14,1676,10.1002/14651858.CD013054.pub3,0,9.68063872255489,False,0,8.013972055888225,Low Stakes
CD015588_pub2_data__A11,CD015588,45,F,0.0,1.0,False,6,0,10.1002/14651858.CD015588.pub2,17,94.61077844311377,False,0,47.74451097804391,Moderate
CD015588_pub2_data__A17,CD015588,45,F,0.0,1.0,False,6,0,10.1002/14651858.CD015588.pub2,17,94.61077844311377,False,0,47.74451097804391,Moderate
CD011671_pub3_data__A6,CD011671,45,F,0.0,1.0,False,7,0,10.1002/14651858.CD011671.pub3,20,96.50698602794411,False,0,44.560878243512974,Moderate
CD015588_pub2_data__A27,CD015588,45,F,0.0,1.0,False,10,0,10.1002/14651858.CD015588.pub2,17,94.61077844311377,False,0,47.74451097804391,Moderate
CD011671_pub3_data__A5,CD011671,45,F,0.0,1.0,False,6,0,10.1002/14651858.CD011671.pub3,20,96.50698602794411,False,0,44.560878243512974,Moderate
CD011381_pub3_data__A5,CD011381,45,F,0.384428,0.299366,False,4,3726,10.1002/14651858.CD011381.pub3,16,93.21357285429141,False,0,43.243512974051896,Moderate
CD014624_pub2_data__A6,CD014624,45,F,0.0,1.0,False,9,0,10.1002/14651858.CD014624.pub2,6,68.76247504990019,False,0,32.75449101796407,Moderate
CD014964_pub2_data__A5,CD014964,45,F,0.784681,0.0,True,93,19272,10.1002/14651858.CD014964.pub2,1,26.34730538922156,False,0,13.992015968063875,Low Stakes
CD015328_pub2_data__A6,CD015328,45,F,-0.028747,0.08491,False,36,0,10.1002/14651858.CD015328.pub2,32,98.80239520958084,False,0,44.161676646706596,Moderate
CD015328_pub2_data__A9,CD015328,45,F,-0.859839,0.312672,False,10,0,10.1002/14651858.CD015328.pub2,32,98.80239520958084,False,0,44.161676646706596,Moderate
CD002112_pub2_data__A2,CD002112,44,F,0.498422,8e-06,True,95,7706,10.1002/14651858.CD002112.pub2,0,9.68063872255489,False,0,6.57684630738523,Low Stakes
CD013232_pub2_data__A12,CD013232,44,F,0.707465,2e-06,True,86,7963,10.1002/14651858.CD013232.pub2,4,57.48502994011976,False,0,31.477045908183634,Moderate
CD013342_pub2_data__A2,CD013342,44,F,-0.384277,0.211719,False,44,2273,10.1002/14651858.CD013342.pub2,9,79.84031936127745,False,0,38.39321357285429,Moderate
CD000547_pub3_data__A10,CD000547,44,F,0.549201,0.054633,False,43,5660,10.1002/14651858.CD000547.pub3,4,57.48502994011976,False,0,29.451097804391217,Low Stakes
CD011381_pub3_data__A2,CD011381,44,F,-0.196736,0.010968,True,83,67411,10.1002/14651858.CD011381.pub3,16,93.21357285429141,False,0,43.243512974051896,Moderate
CD011381_pub3_data__A4,CD011381,44,F,-0.205246,0.036781,True,45,33946,10.1002/14651858.CD011381.pub3,16,93.21357285429141,False,0,43.243512974051896,Moderate
CD012718_pub2_data__A6,CD012718,44,F,6.811419,0.089386,False,3,1430,10.1002/14651858.CD012718.pub2,6,68.76247504990019,False,0,32.75449101796407,Moderate
CD014678_pub2_data__A2,CD014678,44,F,0.088695,0.292411,False,43,162992,10.1002/14651858.CD014678.pub2,5,63.57285429141717,False,0,29.57085828343314,Low Stakes
CD013342_pub2_data__A1,CD013342,44,F,-0.258702,0.326932,False,60,3322,10.1002/14651858.CD013342.pub2,9,79.84031936127745,False,0,38.39321357285429,Moderate
CD011778_pub2_data__A4,CD011778,44,F,-0.003172,0.996167,False,10,353,10.1002/14651858.CD011778.pub2,9,79.84031936127745,False,0,37.18562874251498,Moderate
CD014937_pub2_data__A14,CD014937,44,F,-0.525492,0.063334,False,14,1730,10.1002/14651858.CD014937.pub2,3,49.101796407185624,False,0,28.353293413173652,Low Stakes
CD013232_pub2_data__A14,CD013232,44,F,0.195297,0.056101,False,72,5380,10.1002/14651858.CD013232.pub2,4,57.48502994011976,False,0,31.477045908183634,Moderate
CD012079_pub2_data__A20,CD012079,44,F,0.541179,0.019576,True,27,3916,10.1002/14651858.CD012079.pub2,12,86.42714570858283,False,0,43.56287425149701,Moderate
CD007693_pub3_data__A1,CD007693,44,F,-0.190036,0.498382,False,52,123,10.1002/14651858.CD007693.pub3,9,79.84031936127745,False,0,32.0059880239521,Moderate
CD015330_pub2_data__A5,CD015330,44,F,-0.018063,0.330675,False,13,0,10.1002/14651858.CD015330.pub2,26,97.90419161676647,False,0,43.80239520958084,Moderate
CD015328_pub2_data__A4,CD015328,44,F,-0.038261,0.007319,True,43,0,10.1002/14651858.CD015328.pub2,32,98.80239520958084,False,0,44.161676646706596,Moderate
CD015330_pub2_data__A2,CD015330,44,F,-0.254435,0.020438,True,15,0,10.1002/14651858.CD015330.pub2,26,97.90419161676647,False,0,43.80239520958084,Moderate
CD011381_pub3_data__A1,CD011381,43,F,0.000693,0.994997,False,70,52798,10.1002/14651858.CD011381.pub3,16,93.21357285429141,False,0,43.243512974051896,Moderate
CD015588_pub2_data__A23,CD015588,43,F,0.0,1.0,False,4,0,10.1002/14651858.CD015588.pub2,17,94.61077844311377,False,0,47.74451097804391,Moderate
CD013445_pub2_data__A35,CD013445,43,F,-2.29113,0.381353,False,3,167,10.1002/14651858.CD013445.pub2,15,91.81636726546905,False,0,46.387225548902194,Moderate
CD012268_pub2_data__A5,CD012268,43,F,-0.084868,0.898101,False,10,304,10.1002/14651858.CD012268.pub2,4,57.48502994011976,False,0,29.451097804391217,Low Stakes
CD012693_pub3_data__A24,CD012693,43,F,0.304899,0.667152,False,10,197,10.1002/14651858.CD012693.pub3,12,86.42714570858283,False,0,44.141716566866265,Moderate
CD011671_pub3_data__A9,CD011671,43,F,0.0,1.0,False,3,0,10.1002/14651858.CD011671.pub3,20,96.50698602794411,False,0,44.560878243512974,Moderate
CD015330_pub2_data__A3,CD015330,43,F,0.011075,0.861615,False,8,0,10.1002/14651858.CD015330.pub2,26,97.90419161676647,False,0,43.80239520958084,Moderate
CD012891_pub2_data__A5,CD012891,43,F,-1.012786,0.454738,False,3,54,10.1002/14651858.CD012891.pub2,1,26.34730538922156,False,0,16.497005988023954,Low Stakes
CD015219_pub2_data__A7,CD015219,43,F,1.011712,0.362484,False,4,50,10.1002/14651858.CD015219.pub2,8,76.14770459081836,True,0,57.80439121756487,Red Flag
CD015219_pub2_data__A14,CD015219,43,F,0.0,1.0,False,4,0,10.1002/14651858.CD015219.pub2,8,76.14770459081836,True,0,57.80439121756487,Red Flag
CD001797_pub4_data__A5,CD001797,43,F,-0.090823,0.949734,False,3,89,10.1002/14651858.CD001797.pub4,6,68.76247504990019,False,0,32.75449101796407,Moderate
CD002203_pub5_data__A26,CD002203,43,F,0.0,1.0,False,4,0,10.1002/14651858.CD002203.pub5,0,9.68063872255489,True,0,33.532934131736525,Moderate
CD012891_pub2_data__A6,CD012891,43,F,0.0,1.0,False,3,0,10.1002/14651858.CD012891.pub2,1,26.34730538922156,False,0,16.497005988023954,Low Stakes
CD014624_pub2_data__A9,CD014624,43,F,0.0,1.0,False,4,0,10.1002/14651858.CD014624.pub2,6,68.76247504990019,False,0,32.75449101796407,Moderate
CD012891_pub2_data__A4,CD012891,42,F,0.140609,0.773939,False,4,114,10.1002/14651858.CD012891.pub2,1,26.34730538922156,False,0,16.497005988023954,Low Stakes
CD013232_pub2_data__A6,CD013232,42,F,0.359871,0.001476,True,63,4648,10.1002/14651858.CD013232.pub2,4,57.48502994011976,False,0,31.477045908183634,Moderate
CD013232_pub2_data__A8,CD013232,42,F,0.05166,0.469888,False,166,9528,10.1002/14651858.CD013232.pub2,4,57.48502994011976,False,0,31.477045908183634,Moderate
CD015255_pub2_data__A6,CD015255,42,F,-1.110572,0.090212,False,4,186,10.1002/14651858.CD015255.pub2,12,86.42714570858283,False,0,43.56287425149701,Moderate
CD013054_pub3_data__A1,CD013054,42,F,0.063335,0.827713,False,22,2073,10.1002/14651858.CD013054.pub3,0,9.68063872255489,False,0,8.013972055888225,Low Stakes
CD014758_pub3_data__A1,CD014758,39,F,-0.109118,0.546614,False,124,18847,10.1002/14651858.CD014758.pub3,11,84.83033932135729,False,0,39.18163672654691,Moderate
CD014758_pub3_data__A2,CD014758,39,F,-0.155927,0.471086,False,87,14945,10.1002/14651858.CD014758.pub3,11,84.83033932135729,False,0,39.18163672654691,Moderate
CD015328_pub2_data__A8,CD015328,39,F,-0.953224,0.090455,False,13,0,10.1002/14651858.CD015328.pub2,32,98.80239520958084,False,0,44.161676646706596,Moderate
CD015443_pub2_data__A2,CD015443,39,F,0.313808,0.086845,False,27,13527,10.1002/14651858.CD015443.pub2,7,73.05389221556887,False,0,34.47105788423154,Moderate
CD015330_pub2_data__A4,CD015330,39,F,-0.028147,0.239061,False,15,0,10.1002/14651858.CD015330.pub2,26,97.90419161676647,False,0,43.80239520958084,Moderate
CD013054_pub3_data__A3,CD013054,38,F,0.19031,0.835757,False,5,431,10.1002/14651858.CD013054.pub3,0,9.68063872255489,False,0,8.013972055888225,Low Stakes
CD002290_pub6_data__A1,CD002290,37,F,-0.991873,0.0,True,88,5682,10.1002/14651858.CD002290.pub6,3,49.101796407185624,False,0,21.676646706586826,Low Stakes
CD015328_pub2_data__A2,CD015328,37,F,-0.086031,0.004044,True,52,0,10.1002/14651858.CD015328.pub2,32,98.80239520958084,False,0,44.161676646706596,Moderate
CD012186_pub2_data__A1,CD012186,35,F,0.009306,0.769412,False,91,54930,10.1002/14651858.CD012186.pub2,9,79.84031936127745,False,0,32.23552894211577,Moderate
CD013232_pub2_data__A9,CD013232,34,F,0.22549,0.00607,True,143,10707,10.1002/14651858.CD013232.pub2,4,57.48502994011976,False,0,31.477045908183634,Moderate
CD012186_pub2_data__A2,CD012186,32,F,0.317869,7.8e-05,True,111,58279,10.1002/14651858.CD012186.pub2,9,79.84031936127745,False,0,32.23552894211577,Moderate
CD015328_pub2_data__A5,CD015328,19,F,-0.047696,0.00019,True,48,0,10.1002/14651858.CD015328.pub2,32,98.80239520958084,False,0,44.161676646706596,Moderate
